TargetSat.UTCGregorian,TargetSat.ElapsedSecs,TargetSat.Earth.Latitude,TargetSat.Earth.Longitude,TargetSat.Earth.Altitude
01 Jan 2026 00:00:00.000,0,11.34356163411772,-12.31052856878539,300.8208836637286
01 Jan 2026 00:01:00.000,59.99999988125637,12.68861320696343,-8.732738908314307,301.0237995783082
01 Jan 2026 00:02:25.299,145.2986263087951,14.50363547608417,-3.578024542703753,301.3310871209624
01 Jan 2026 00:03:54.024,234.0241034282371,16.25251370254946,1.875732948435708,301.6625131703959
01 Jan 2026 00:05:23.143,323.1431888532825,17.846009986114,7.452714050898614,301.9936576665323
01 Jan 2026 00:06:52.307,412.3067020322196,19.2567083063185,13.13246975607748,302.3091923442462
01 Jan 2026 00:08:21.475,501.4745864784345,20.46507769531134,18.90865235685911,302.5955911898882
01 Jan 2026 00:09:50.644,590.6437036930583,21.45411800177434,24.77239287919175,302.840707238568
01 Jan 2026 00:11:19.813,679.8126697191037,22.20927840351576,30.71019987924442,303.0341543576105
01 Jan 2026 00:12:48.982,768.9815848250873,22.71902615909566,36.70439762468688,303.1677420536362
01 Jan 2026 00:14:18.150,858.1503437133506,22.97534675921615,42.73386448903018,303.2358152758434
01 Jan 2026 00:15:47.319,947.3191044875421,22.97413849777726,48.77527211130138,303.2354929869862
01 Jan 2026 00:17:16.489,1036.488569027279,22.715417784031,54.80456222513052,303.1667880222676
01 Jan 2026 00:18:45.658,1125.657592259813,22.20332761092392,60.79833244120312,303.0326090494782
01 Jan 2026 00:20:14.827,1214.826749393251,21.44591588973724,66.73553408964673,302.8386357397158
01 Jan 2026 00:21:43.996,1303.995882952586,20.45474863425689,72.59851111166482,302.5930815445872
01 Jan 2026 00:23:13.165,1393.1652368512,19.24437940347217,78.37391996924129,302.3063459281493
01 Jan 2026 00:24:42.335,1482.334948761854,17.83176330598492,84.0531388858125,301.9905768884591
01 Jan 2026 00:26:11.504,1571.504026686307,16.23568309137319,89.63227102634508,301.6591621562593
01 Jan 2026 00:27:40.673,1660.672596981749,14.47616418323461,95.11204681641875,301.3261546498761
01 Jan 2026 00:29:09.842,1749.841636244673,12.57400207876269,100.4973457033828,301.0056776197243
01 Jan 2026 00:30:39.010,1839.01022382779,10.55045240834785,105.796451552992,300.7113353705035
01 Jan 2026 00:32:08.179,1928.178979887161,8.426892926092904,111.020637558805,300.4556226849372
01 Jan 2026 00:33:37.348,2017.348162166309,6.224692467001344,116.1834370138388,300.249400046695
01 Jan 2026 00:35:06.517,2106.516877992544,3.965145156632728,121.3000286287393,300.101430914372
01 Jan 2026 00:36:35.685,2195.685385738034,1.669390159737064,126.386852416935,300.0180021613196
01 Jan 2026 00:38:04.854,2284.854103764519,-0.6415404670581814,131.4610851286562,300.0026592531185
01 Jan 2026 00:39:34.023,2374.02321563568,-2.946656544252699,136.5401888959582,300.0560549816455
01 Jan 2026 00:41:03.192,2463.19192328956,-5.224923668770999,141.6414557291991,300.175919349952
01 Jan 2026 00:42:32.361,2552.360953437164,-7.455265867357004,146.7817310154253,300.3571591301352
01 Jan 2026 00:44:01.529,2641.529409948271,-9.61644592354217,151.9767853841724,300.5920713747255
01 Jan 2026 00:45:30.699,2730.698819796089,-11.68716396122838,157.2410562001837,300.8706815499954
01 Jan 2026 00:46:59.868,2819.867885462008,-13.64598848951684,162.586793333747,301.1811550140937
01 Jan 2026 00:48:29.036,2909.036154323258,-15.47157976468092,168.0236739963284,301.5103107538998
01 Jan 2026 00:49:58.204,2998.204191843979,-17.14291052535144,173.5581925649124,301.8441846160722
01 Jan 2026 00:51:27.374,3087.373592262156,-18.63957962345827,179.1930601314695,302.1686223535808
01 Jan 2026 00:52:56.543,3176.542742480524,-19.94216718729349,-175.0735856094765,302.4698638846085
01 Jan 2026 00:54:25.712,3265.711791801732,-21.03284173040782,-169.2482190165833,302.7351443714251
01 Jan 2026 00:55:54.881,3354.881219251547,-21.895907662097,-163.342093913514,302.9532275861402
01 Jan 2026 00:57:24.050,3444.050074007828,-22.51838985514466,-157.3710919762518,303.1148762265075
01 Jan 2026 00:58:53.219,3533.219096297398,-22.89062310547732,-151.3548486406064,303.2132483774376
01 Jan 2026 01:00:22.388,3622.388321638573,-23.00668747831047,-145.3158585217184,303.2441796554549
01 Jan 2026 01:01:51.557,3711.55716633657,-22.86471629071909,-139.2781091613054,303.2063608802482
01 Jan 2026 01:03:20.726,3800.725765863899,-22.46699401408295,-133.265461015232,303.1013934160883
01 Jan 2026 01:04:49.895,3889.895172882825,-21.81982598292749,-127.3001151840872,302.9337186837874
01 Jan 2026 01:06:19.064,3979.063925484661,-20.93324832364781,-121.4015070649101,302.7104381257614
01 Jan 2026 01:07:48.233,4068.233043327928,-19.82052006764986,-115.5849549971544,302.441005030606
01 Jan 2026 01:09:17.403,4157.402658741921,-18.49757857326021,-109.8612601662068,302.1368321546324
01 Jan 2026 01:10:46.571,4246.571226208471,-16.98246516844783,-104.2365208153595,301.8108151463775
01 Jan 2026 01:12:15.740,4335.740487696603,-15.29466735510168,-98.71192978183629,301.476769477641
01 Jan 2026 01:13:44.909,4424.909360683523,-13.45471212006558,-93.2845315184275,301.1488672002351
01 Jan 2026 01:15:14.078,4514.078319165856,-11.48367422700715,-87.94748062515322,300.8410201229917
01 Jan 2026 01:16:43.247,4603.247012046631,-9.402909223968409,-82.69080045210917,300.5662973550488
01 Jan 2026 01:18:12.416,4692.416179238353,-7.233797999054454,-77.50189230809963,300.3363631598586
01 Jan 2026 01:19:41.586,4781.585916609038,-4.997662673405639,-72.36623145676157,300.1609858262746
01 Jan 2026 01:21:10.755,4870.755315769929,-2.715728425550138,-67.26792747813046,300.0476194305775
01 Jan 2026 01:22:39.924,4959.924095089082,-0.4090874048624501,-62.19011865147714,300.0010813290455
01 Jan 2026 01:24:09.093,5049.092521425337,1.901258147922859,-57.11542195258655,300.023348319397
01 Jan 2026 01:25:38.261,5138.261436216999,4.194333198187557,-52.02634910375178,300.1134743078092
01 Jan 2026 01:27:07.430,5227.430376783013,6.449074557774825,-46.90582672324398,300.2676289234487
01 Jan 2026 01:28:36.599,5316.599308862351,8.644323798193842,-41.7375302672202,300.47926137581
01 Jan 2026 01:30:05.768,5405.768189078663,10.75879545545986,-36.50637972799607,300.7393804275389
01 Jan 2026 01:31:34.937,5494.937096012291,12.7711087447769,-31.19905456988057,301.0369387037099
01 Jan 2026 01:33:04.106,5584.106297465041,14.65988410013389,-25.80456540990243,301.3593041804397
01 Jan 2026 01:34:33.275,5673.275425680913,16.40390563928953,-20.31492066881454,301.6927948813009
01 Jan 2026 01:36:02.444,5762.443911423907,17.98241057193925,-14.72572459490174,302.023261928638
01 Jan 2026 01:37:31.613,5851.61267031217,19.37549594058937,-9.036640072166861,302.33669639237
01 Jan 2026 01:39:00.781,5940.781352506019,20.56454581790543,-3.25199883341654,302.6198125286255
01 Jan 2026 01:40:29.951,6029.950558044948,21.5328221676526,2.619124677696788,302.8606171044285
01 Jan 2026 01:41:59.120,6119.119754782878,22.26603511898146,8.562879249881261,303.0489095598659
01 Jan 2026 01:43:28.289,6208.288801589515,22.75295051908156,14.56121912344221,303.1767172686614
01 Jan 2026 01:44:57.458,6297.457635600585,22.98589761590387,20.5927677559239,303.2386301597335
01 Jan 2026 01:46:26.627,6386.62700552959,22.96114435170378,26.63410377749264,303.2320278045263
01 Jan 2026 01:47:55.796,6475.795650004875,22.67909048887934,32.6610433199004,303.1571899607834
01 Jan 2026 01:49:24.966,6564.965637889691,22.14423594890175,38.65054731272493,303.0172819628378
01 Jan 2026 01:50:54.134,6654.134461213835,21.36498413083909,44.58162856192849,302.8182303072763
01 Jan 2026 01:52:23.303,6743.302901065908,20.35319547394245,50.43705720175849,302.5684631410786
01 Jan 2026 01:53:52.472,6832.472087745555,19.12365653263954,56.20396674428604,302.2785560128059
01 Jan 2026 01:55:21.642,6921.641912811901,17.69351181458039,61.8741580939289,301.9607919840009
01 Jan 2026 01:56:50.811,7010.811190330423,16.08168263666586,67.44415075832528,301.6286444376883
01 Jan 2026 01:58:19.981,7099.98075356707,14.30826935972001,72.91511298400401,301.2961953405966
01 Jan 2026 01:59:49.150,7189.150296687149,12.39414456477438,78.2921911460335,300.9775497315022
01 Jan 2026 02:01:18.319,7278.319263656158,10.36058162650224,83.58398238367639,300.6862333887966
01 Jan 2026 02:02:47.488,7367.487904988229,8.228972224799829,88.80197198137246,300.4346139811332
01 Jan 2026 02:04:16.657,7456.656862841919,6.020669975811704,93.95989531325884,300.2333769714423
01 Jan 2026 02:05:45.826,7545.82591499202,3.756940490374888,99.0730990213689,300.091073085312
01 Jan 2026 02:07:14.995,7634.995047922712,1.45891838035296,104.1580921517806,300.0137499025777
01 Jan 2026 02:08:44.164,7724.163933168165,-0.8523516847861362,109.232053694509,300.0046939279173
01 Jan 2026 02:10:13.333,7813.332715630531,-3.155879469428492,114.3124502942035,300.0642896569198
01 Jan 2026 02:11:42.501,7902.501479862258,-5.430648442572301,119.4165931324427,300.1900039888196
01 Jan 2026 02:13:11.671,7991.670703631826,-7.65556614615191,124.5612432479411,300.3764954171229
01 Jan 2026 02:14:40.840,8080.840216262732,-9.809400421502561,129.7621007666966,300.6158403341633
01 Jan 2026 02:16:10.009,8170.0086825178,-11.87077448967113,135.0332740707445,300.8978677890855
01 Jan 2026 02:17:39.178,8259.177942434326,-13.81833037552276,140.3869837887215,301.2106075584006
01 Jan 2026 02:19:08.347,8348.347362340428,-15.63073584383705,145.832629329337,301.540783108946
01 Jan 2026 02:20:37.516,8437.516375200357,-17.28697917965519,151.3763104069485,301.8743833671297
01 Jan 2026 02:22:06.685,8526.685494300909,-18.76671815238317,157.0202895328117,302.1972621439627
01 Jan 2026 02:23:35.854,8615.854117716663,-20.0506738573245,162.7623460045442,302.4957299932157
01 Jan 2026 02:25:05.023,8705.022981273942,-21.12119318792704,168.5956040414802,302.7571420438899
01 Jan 2026 02:26:34.192,8794.192410609685,-21.96280147034175,174.5083701464561,302.9704254959197
01 Jan 2026 02:28:03.361,8883.360998192802,-22.56279832502284,-179.5156540530115,303.1265456173778
01 Jan 2026 02:29:32.530,8972.530194616411,-22.91184789887506,-173.496361837672,303.2188956852042
01 Jan 2026 02:31:01.700,9061.699559201952,-23.00438675348935,-167.456472143821,303.243565334019
01 Jan 2026 02:32:30.869,9150.868576776702,-22.83892613343134,-161.420025335115,303.1995104710049
01 Jan 2026 02:34:00.037,9240.037307376042,-22.41812645481903,-155.4108026226424,303.0885964579256
01 Jan 2026 02:35:29.206,9329.206014401279,-21.74865481318107,-149.4508413178987,302.9155183197563
01 Jan 2026 02:36:58.375,9418.374711053912,-20.84085451263136,-143.5591538119871,302.6876038375904
01 Jan 2026 02:38:27.543,9507.542803895194,-19.70827011726396,-137.7507666165685,302.4145069398091
01 Jan 2026 02:39:56.712,9596.71224768972,-18.36703009033733,-132.0359271218408,302.1077904584054
01 Jan 2026 02:41:25.881,9685.881431226153,-16.83533122945423,-126.4203026320165,301.7804577658626
01 Jan 2026 02:42:55.051,9775.051040668041,-15.13278759978266,-120.9047404027318,301.4463843937283
01 Jan 2026 02:44:24.219,9864.219424570911,-13.28000854626829,-115.4859483027733,301.1197462801656
01 Jan 2026 02:45:53.388,9953.388053330127,-11.29808499149767,-110.1567033360131,300.8143983423015
01 Jan 2026 02:47:22.557,10042.5567770144,-9.208378822170262,-104.9067587022215,300.5433035520764
01 Jan 2026 02:48:51.726,10131.72587065492,-7.032278461032634,-99.72334040710129,300.3179740441446
01 Jan 2026 02:50:20.896,10220.89585979702,-4.791085204120633,-94.59174757320957,300.147981916909
01 Jan 2026 02:51:50.065,10310.06483871024,-2.506037892811219,-89.49604229482243,300.0405540318961
01 Jan 2026 02:53:19.233,10399.23346904106,-0.1981955558548759,-84.41924624745474,300.0002538339977
01 Jan 2026 02:54:48.403,10488.40265980689,2.111460311175473,-79.34391633547173,300.0287940739436
01 Jan 2026 02:56:17.572,10577.57200301858,4.401919707893244,-74.25264903280795,300.1249623347885
01 Jan 2026 02:57:46.740,10666.7398846359,6.652082901630946,-69.12848963490745,300.2846682309728
01 Jan 2026 02:59:15.909,10755.90901253745,8.840849597303034,-63.95504949113759,300.5011298096088
01 Jan 2026 03:00:00.000,10799.99999968568,9.893882972790655,-61.37412895375536,300.6263901795974
01 Jan 2026 03:01:00.000,10859.99999956694,11.28973604676107,-57.83375527083822,300.8132104005499
01 Jan 2026 03:02:25.296,10945.29646126321,13.18858308730742,-52.73806116877506,301.1046477136042
01 Jan 2026 03:03:54.022,11034.0216891258,15.0390885879312,-47.35085542857514,301.4289309858641
01 Jan 2026 03:05:23.141,11123.14083930105,16.74911316095892,-41.84363393342964,301.7627774446637
01 Jan 2026 03:06:52.304,11212.30430753203,18.29028402948243,-36.23369936641501,302.090800369132
01 Jan 2026 03:08:21.472,11301.4719471219,19.64208592635598,-30.52414785050052,302.3989425608306
01 Jan 2026 03:09:50.641,11390.64083142439,20.78619075871688,-24.72046555795571,302.6741332278134
01 Jan 2026 03:11:19.810,11479.81035379926,21.7063056338087,-18.83280889461717,302.9047111979871
01 Jan 2026 03:12:48.980,11568.97977653425,22.38873034200528,-12.8759803669311,303.0809091114525
01 Jan 2026 03:14:18.149,11658.14894749783,22.82293888614002,-6.868811868104793,303.195266957584
01 Jan 2026 03:15:47.318,11747.31828253716,23.00206140573748,-0.8332000415915677,303.2429444790796
01 Jan 2026 03:17:16.487,11836.48696504533,22.92322239037053,5.207069296395128,303.22192379218
01 Jan 2026 03:18:45.656,11925.65645190189,22.58768875820982,11.22806187042363,303.1330941029673
01 Jan 2026 03:20:14.826,12014.82569924556,22.0008097623152,17.20691060677852,302.9802158520069
01 Jan 2026 03:21:43.994,12103.99444933282,21.17174559669762,23.12343484298776,302.7697623777285
01 Jan 2026 03:23:13.163,12193.16345087718,20.11301432569904,28.96125757248997,302.5106438730636
01 Jan 2026 03:24:42.333,12282.33254640363,18.83995901311818,34.70840266330488,302.2138363494569
01 Jan 2026 03:26:11.502,12371.50173559785,17.37014251481558,40.35769092730862,301.8919165833131
01 Jan 2026 03:27:40.671,12460.67075600149,15.72276821724714,45.90667847908361,301.5585320379187
01 Jan 2026 03:29:09.840,12549.83958278317,13.91814439686781,51.35737271213672,301.227821393225
01 Jan 2026 03:30:39.009,12639.00854535168,11.9772399748815,56.71573593362818,300.9138146887553
01 Jan 2026 03:31:12.745,12672.7446471923,11.21178619734284,58.72076156104495,300.8021594120828
01 Jan 2026 03:32:12.745,12732.74464707356,9.367431142819193,63.4363836555737,312.2357451958096
01 Jan 2026 03:33:34.756,12814.75586771267,6.762785749627576,69.73750015763446,365.3106870261527
01 Jan 2026 03:35:00.680,12900.68029824179,4.002923675925488,76.10905220244277,465.7751264443559
01 Jan 2026 03:36:28.427,12988.42697547516,1.231208268275879,82.32758356101284,612.7678059637328
01 Jan 2026 03:38:01.817,13081.81682423456,-1.591501397261568,88.59291458374035,813.9508849792546
01 Jan 2026 03:39:42.658,13182.65809009317,-4.426443974999805,94.92930751411527,1076.613151608785
01 Jan 2026 03:41:19.651,13279.65129513759,-6.905593732827128,100.6003719909127,1367.059122762522
01 Jan 2026 03:42:54.676,13374.67603872065,-9.084316370486279,105.7621504400157,1681.369456503765
01 Jan 2026 03:44:31.175,13471.1753012496,-11.04566585170582,110.6211826268008,2025.037334109789
01 Jan 2026 03:46:11.399,13571.39935749583,-12.82882194132036,115.2822283422227,2402.698241614902
01 Jan 2026 03:47:57.107,13677.10736546433,-14.45292725296779,119.8019175771855,2818.636171157968
01 Jan 2026 03:49:49.981,13789.98138767201,-15.92850867380798,124.2149717606008,3277.496675861828
01 Jan 2026 03:51:51.788,13911.78839363856,-17.26130674154387,128.5428733469181,3784.496599179928
01 Jan 2026 03:54:04.421,14044.42065018229,-18.45358953011026,132.79580243899,4345.269127264859
01 Jan 2026 03:56:29.818,14189.81821794296,-19.50466948570659,136.9711028122352,4965.232098935303
01 Jan 2026 03:59:09.680,14349.6802622918,-20.41128009373448,141.0487271560481,5648.067180962587
01 Jan 2026 04:02:05.204,14525.20372245926,-21.16999131188425,144.992695677705,6394.418350459933
01 Jan 2026 04:05:17.324,14717.32386670774,-21.78133426458527,148.7652632648007,7202.930262258414
01 Jan 2026 04:08:47.420,14927.42038448341,-22.25157266701685,152.3427404193536,8073.300450555892
01 Jan 2026 04:12:37.781,15157.78111667605,-22.59035677043822,155.7168961703385,9008.052961536068
01 Jan 2026 04:16:51.672,15411.67207636172,-22.80761480187581,158.8871092957492,10012.36334507315
01 Jan 2026 04:21:33.354,15693.35448659258,-22.91186811127243,161.8536431015347,11093.45260837934
01 Jan 2026 04:26:33.354,15993.3544866275,-22.91195360348171,164.4951063470255,12206.14398629745
01 Jan 2026 04:31:33.354,16293.35448666243,-22.83247678745672,166.7015107139487,13279.4262284349
01 Jan 2026 04:36:33.354,16593.35448669735,-22.69759787178879,168.5506277685647,14314.32624833763
01 Jan 2026 04:41:33.354,16893.35448673228,-22.52389358234093,170.1027547088009,15312.12147804887
01 Jan 2026 04:46:33.354,17193.3544867672,-22.32292167410508,171.4052871322004,16274.18814847969
01 Jan 2026 04:51:33.354,17493.35448680213,-22.10285390859167,172.4959618595491,17201.91584234663
01 Jan 2026 04:56:33.354,17793.35448683705,-21.8695370553816,173.4051862794523,18096.66014841666
01 Jan 2026 05:01:33.354,18093.35448687198,-21.62719558266275,174.1577338553821,18959.71749599367
01 Jan 2026 05:06:33.354,18393.35448659258,-21.37890542633274,174.7739945713477,19792.31298831856
01 Jan 2026 05:11:33.354,18693.3544866275,-21.12691872963956,175.2709089131036,20595.59584926824
01 Jan 2026 05:16:33.354,18993.35448666243,-20.87288983322325,175.6626739903937,21370.63928110346
01 Jan 2026 05:21:33.354,19293.35448669735,-20.6180347435317,175.9612835219663,22118.4428106374
01 Jan 2026 05:26:33.354,19593.35448673228,-20.36324509777556,176.1769452676604,22839.93596336958
01 Jan 2026 05:31:33.354,19893.3544867672,-20.10917055775205,176.3184070052987,23535.9825652766
01 Jan 2026 05:36:33.354,20193.35448680213,-19.85627900952251,176.393213523753,24207.38525275483
01 Jan 2026 05:41:33.354,20493.35448683705,-19.60490097028718,176.4079110466876,24854.88994389906
01 Jan 2026 05:46:33.354,20793.35448687198,-19.35526263066737,176.3682112074068,25479.19013095597
01 Jan 2026 05:51:33.354,21093.35448659258,-19.10751063367358,176.2791236174397,26080.93091967253
01 Jan 2026 05:56:33.354,21393.3544866275,-18.86173078741979,176.14506383116,26660.71278174174
01 Jan 2026 06:01:33.354,21693.35448666243,-18.61796228480813,175.9699419032977,27219.09501110874
01 Jan 2026 06:06:33.354,21993.35448669735,-18.37620856799539,175.7572354830729,27756.59888944472
01 Jan 2026 06:11:33.354,22293.35448673228,-18.13644566823181,175.5100505344151,28273.71057433444
01 Jan 2026 06:16:33.354,22593.3544867672,-17.8986286326716,175.2311720665069,28770.88372800868
01 Jan 2026 06:21:33.354,22893.35448680213,-17.66269649215452,174.9231067542061,29248.54190628132
01 Jan 2026 06:26:33.354,23193.35448683705,-17.42857610951569,174.5881189331635,29707.08072767798
01 Jan 2026 06:31:33.354,23493.35448687198,-17.19618516417293,174.228261151719,30146.86984218083
01 Jan 2026 06:36:33.354,23793.35448659258,-16.96543446687702,173.8454002276294,30568.25471795299
01 Jan 2026 06:41:33.354,24093.3544866275,-16.73622975250295,173.4412395648167,30971.55826308863
01 Jan 2026 06:46:33.354,24393.35448666243,-16.50847306430088,173.017338368321,31357.08229802228
01 Jan 2026 06:51:33.354,24693.35448669735,-16.2820638170454,172.575128235383,31725.10889280992
01 Jan 2026 06:56:33.354,24993.35448673228,-16.05689960680879,172.1159275553011,32075.90158212678
01 Jan 2026 07:01:33.354,25293.3544867672,-15.83287682003771,171.6409540503919,32409.7064695405
01 Jan 2026 07:06:33.354,25593.35448680213,-15.60989108306301,171.1513357409119,32726.75323142792
01 Jan 2026 07:11:33.354,25893.35448683705,-15.38783758425825,170.6481205678227,33027.25602981617
01 Jan 2026 07:16:33.354,26193.35448687198,-15.16661129414648,170.1322848689939,33311.41434244234
01 Jan 2026 07:21:33.354,26493.35448659258,-14.94610710336281,169.6047408739845,33579.41371743356
01 Jan 2026 07:26:33.354,26793.3544866275,-14.72621989415462,169.0663433477511,33831.42645920946
01 Jan 2026 07:31:33.354,27093.35448666243,-14.50684455777373,168.5178955197083,34067.61225148865
01 Jan 2026 07:36:33.354,27393.35448669735,-14.2878759674823,167.9601543712744,34288.11872263675
01 Jan 2026 07:41:33.354,27693.35448673228,-14.06920891479901,167.3938353861646,34493.08195801458
01 Jan 2026 07:46:33.354,27993.3544867672,-13.85073801493735,166.8196168281898,34682.62696346781
01 Jan 2026 07:51:33.354,28293.35448680213,-13.63235758603897,166.2381436102297,34856.86808363281
01 Jan 2026 07:56:33.354,28593.35448683705,-13.41396150571289,165.6500308083748,35015.90937831555
01 Jan 2026 08:01:33.354,28893.35448687198,-13.19544304749839,165.0558668680559,35159.84495982253
01 Jan 2026 08:06:33.354,29193.35448659258,-12.97669469913321,164.4562165443182,35288.75929378109
01 Jan 2026 08:11:33.354,29493.3544866275,-12.75760796389367,163.8516236043089,35402.72746567721
01 Jan 2026 08:16:33.354,29793.35448666243,-12.53807314575323,163.2426133432292,35501.81541505593
01 Jan 2026 08:21:33.354,30093.35448669735,-12.31797911865754,162.6296949157038,35586.08013907085
01 Jan 2026 08:26:33.354,30393.35448673228,-12.09721307981972,162.0133635273216,35655.56986683104
01 Jan 2026 08:31:33.354,30693.3544867672,-11.8756602865853,161.3941025013261,35710.32420577237
01 Jan 2026 08:36:33.354,30993.35448680213,-11.65320377608855,160.7723852422832,35750.37426107396
01 Jan 2026 08:41:33.354,31293.35448683705,-11.42972406661085,160.1486771159021,35775.74272894555
01 Jan 2026 08:46:33.354,31593.35448687198,-11.20509883924809,159.5234372626365,35786.44396442744
01 Jan 2026 08:47:42.975,31662.97492875019,-11.15279343611839,159.3781684658116,35786.8313384639
01 Jan 2026 08:48:42.975,31722.97492863145,-11.16535076552047,159.3826695435627,35786.83311379993
01 Jan 2026 08:52:08.535,31928.53487343527,-11.20673337005986,159.3982536968891,35786.8389778337
01 Jan 2026 08:57:08.535,32228.5348734702,-11.2625583593413,159.4214282011929,35786.84692101579
01 Jan 2026 09:02:08.535,32528.53487350512,-11.31293324220326,159.4450730546941,35786.85412085771
01 Jan 2026 09:07:08.535,32828.53487354005,-11.35783109180549,159.469141948715,35786.86056357807
01 Jan 2026 09:12:08.535,33128.53487357497,-11.39722787887465,159.4935876696166,35786.8662368447
01 Jan 2026 09:17:08.535,33428.5348736099,-11.43110249484365,159.5183621981526,35786.87112979827
01 Jan 2026 09:22:08.535,33728.5348733305,-11.45943677228819,159.5434168123225,35786.8752330731
01 Jan 2026 09:27:08.535,34028.53487336542,-11.48221550259776,159.5687021856515,35786.87853881509
01 Jan 2026 09:32:08.535,34328.53487340035,-11.49942645082745,159.5941685002556,35786.88104069672
01 Jan 2026 09:37:08.535,34628.53487343527,-11.51106036768485,159.6197655481882,35786.88273392921
01 Jan 2026 09:42:08.535,34928.5348734702,-11.51711099861476,159.645442840439,35786.88361527163
01 Jan 2026 09:47:08.535,35228.53487350512,-11.51757508995376,159.6711497153782,35786.88368303722
01 Jan 2026 09:52:08.535,35528.53487354005,-11.51245239213564,159.6968354477634,35786.88293709645
01 Jan 2026 09:57:08.535,35828.53487357497,-11.50174565993729,159.7224493578348,35786.88137887741
01 Jan 2026 10:02:08.535,36128.5348736099,-11.48546064976473,159.7479409203659,35786.87901136307
01 Jan 2026 10:07:08.535,36428.5348733305,-11.46360611398753,159.7732598745201,35786.87583908545
01 Jan 2026 10:12:08.535,36728.53487336542,-11.43619379233912,159.7983563264637,35786.87186811704
01 Jan 2026 10:17:08.535,37028.53487340035,-11.4032384004099,159.8231808639988,35786.86710605919
01 Jan 2026 10:22:08.535,37328.53487343527,-11.36475761526856,159.8476846567979,35786.86156202747
01 Jan 2026 10:27:08.535,37628.5348734702,-11.32077205825589,159.8718195615108,35786.85524663427
01 Jan 2026 10:32:08.535,37928.53487350512,-11.27130527500376,159.8955382236711,35786.84817196852
01 Jan 2026 10:37:08.535,38228.53487354005,-11.21638371274023,159.9187941774277,35786.84035157243
01 Jan 2026 10:42:08.535,38528.53487357497,-11.15603669494916,159.9415419427838,35786.83180041578
01 Jan 2026 10:47:08.535,38828.5348736099,-11.0902963934605,159.9637371201838,35786.82253486689
01 Jan 2026 10:52:08.535,39128.5348733305,-11.01919779805405,159.985336483409,35786.8125726617
01 Jan 2026 10:57:08.535,39428.53487336542,-10.94277868366619,160.0062980628001,35786.80193286952
01 Jan 2026 11:02:08.535,39728.53487340035,-10.86107957529495,160.0265812381676,35786.79063585667
01 Jan 2026 11:07:08.535,40028.53487343527,-10.7741437107043,160.0461468150402,35786.77870324742
01 Jan 2026 11:12:08.535,40328.5348734702,-10.68201700103334,160.0649571036663,35786.76615788262
01 Jan 2026 11:17:08.535,40628.53487350512,-10.58474798942059,160.0829759928139,35786.75302377593
01 Jan 2026 11:22:08.535,40928.53487354005,-10.48238780775728,160.1001690194627,35786.7393260679
01 Jan 2026 11:27:08.535,41228.53487357497,-10.37499013168649,160.1165034342909,35786.72509097788
01 Jan 2026 11:32:08.535,41528.5348736099,-10.26261113396807,160.1319482628391,35786.71034575367
01 Jan 2026 11:37:08.535,41828.5348733305,-10.14530943633062,160.1464743635341,35786.69511861951
01 Jan 2026 11:42:08.535,42128.53487336542,-10.02314605993367,160.160054474662,35786.67943872196
01 Jan 2026 11:47:08.535,42428.53487340035,-9.896184374563827,160.1726632698743,35786.66333607415
01 Jan 2026 11:52:08.535,42728.53487343527,-9.764490046688692,160.1842773959399,35786.64684149831
01 Jan 2026 11:57:08.535,43028.5348734702,-9.628130986492488,160.1948755124067,35786.62998656676
01 Jan 2026 12:02:08.535,43328.53487350512,-9.487177294015693,160.2044383252515,35786.61280354147
01 Jan 2026 12:07:08.535,43628.53487354005,-9.341701204520298,160.2129486158702,35786.59532531235
01 Jan 2026 12:12:08.535,43928.53487357497,-9.191777033199934,160.2203912653771,35786.57758533421
01 Jan 2026 12:17:08.535,44228.5348736099,-9.03748111935173,160.2267532742762,35786.55961756277
01 Jan 2026 12:22:08.535,44528.5348733305,-8.878891770124094,160.2320237788128,35786.54145638965
01 Jan 2026 12:27:08.535,44828.53487336542,-8.716089203951112,160.2361940562422,35786.52313657652
01 Jan 2026 12:32:08.535,45128.53487340035,-8.549155493780727,160.2392575386924,35786.50469318865
01 Jan 2026 12:37:08.535,45428.53487343527,-8.378174510199766,160.2412098095256,35786.48616152766
01 Jan 2026 12:42:08.535,45728.5348734702,-8.203231864554455,160.2420486018859,35786.46757706408
01 Jan 2026 12:47:08.535,46028.53487350512,-8.024414852160534,160.2417737917251,35786.44897536931
01 Jan 2026 12:52:08.535,46328.53487354005,-7.841812395692035,160.2403873866752,35786.43039204767
01 Jan 2026 12:57:08.535,46628.53487357497,-7.655514988832712,160.2378935108842,35786.41186266817
01 Jan 2026 13:02:08.535,46928.5348736099,-7.465614640268738,160.2342983859394,35786.39342269654
01 Jan 2026 13:07:08.535,47228.5348733305,-7.272204818095804,160.229610309327,35786.37510742719
01 Jan 2026 13:12:08.535,47528.53487336542,-7.075380394708082,160.2238396226132,35786.35695191574
01 Jan 2026 13:17:08.535,47828.53487340035,-6.87523759223077,160.2169986892567,35786.33899091198
01 Jan 2026 13:22:08.535,48128.53487343527,-6.67187392855221,160.209101855871,35786.32125879329
01 Jan 2026 13:27:08.535,48428.5348734702,-6.465388164005748,160.2001654167532,35786.30378949888
01 Jan 2026 13:32:08.535,48728.53487350512,-6.255880248745336,160.1902075739993,35786.2866164648
01 Jan 2026 13:37:08.535,49028.53487354005,-6.043451270853662,160.1792483946022,35786.26977255999
01 Jan 2026 13:42:08.535,49328.53487357497,-5.828203405215079,160.1673097646836,35786.25329002335
01 Jan 2026 13:47:08.535,49628.5348736099,-5.61023985750685,160.1544153410098,35786.23719999236
01 Jan 2026 13:52:08.535,49928.5348733305,-5.389664837583522,160.1405905012435,35786.2215341125
01 Jan 2026 13:57:08.535,50228.53487336542,-5.166583476108808,160.1258622851527,35786.20632192636
01 Jan 2026 14:02:08.535,50528.53487340035,-4.941101800024788,160.110259346669,35786.19159254951
01 Jan 2026 14:07:08.535,50828.53487343527,-4.713326679659218,160.0938118906034,35786.17737417343
01 Jan 2026 14:12:08.535,51128.5348734702,-4.483365782558616,160.0765516138688,35786.16369401149
01 Jan 2026 14:17:08.535,51428.53487350512,-4.251327528159917,160.0585116435044,35786.15057824695
01 Jan 2026 14:22:08.535,51728.53487354005,-4.017321043290798,160.039726472834,35786.13805198272
01 Jan 2026 14:27:08.535,52028.53487357497,-3.781456118484012,160.0202318959795,35786.12613919358
01 Jan 2026 14:32:08.535,52328.5348736099,-3.543843165087014,160.0000649408047,35786.11486267999
01 Jan 2026 14:37:08.535,52628.5348733305,-3.304593173143576,159.9792638017088,35786.10424402467
01 Jan 2026 14:42:08.535,52928.53487336542,-3.063817670020336,159.9578677645045,35786.0943035513
01 Jan 2026 14:47:08.535,53228.53487340035,-2.821628679747617,159.9359171432247,35786.08506028548
01 Jan 2026 14:52:08.535,53528.53487343527,-2.578138683039936,159.9134532026243,35786.07653191844
01 Jan 2026 14:57:08.535,53828.5348734702,-2.333460577958765,159.8905180862349,35786.06873477324
01 Jan 2026 15:02:08.535,54128.53487350512,-2.087707641176706,159.8671547421825,35786.06168377339
01 Jan 2026 15:07:08.535,54428.53487354005,-1.8409934897998,159.8434068481438,35786.05539241439
01 Jan 2026 15:12:08.535,54728.53487357497,-1.59343204370164,159.8193187355427,35786.04987273783
01 Jan 2026 15:17:08.535,55028.5348736099,-1.345137488321202,159.7949353131245,35786.0451353085
01 Jan 2026 15:22:08.535,55328.5348733305,-1.096224237873699,159.7703019912178,35786.04118919402
01 Jan 2026 15:27:08.535,55628.53487336542,-0.8468068989222937,159.7454645989635,35786.03804194758
01 Jan 2026 15:32:08.535,55928.53487340035,-0.5970002342568,159.7204693142614,35786.03569959338
01 Jan 2026 15:37:08.535,56228.53487343527,-0.346919127024092,159.6953625802224,35786.03416661525
01 Jan 2026 15:42:08.535,56528.5348734702,-0.09667854505399003,159.6701910279731,35786.03344594799
01 Jan 2026 15:47:08.535,56828.53487350512,0.153606494676593,159.6450013979281,35786.03353897174
01 Jan 2026 15:52:08.535,57128.53487354005,0.4038209614988727,159.6198404609688,35786.03444550937
01 Jan 2026 15:57:08.535,57428.53487357497,0.6538498464850027,159.5947549396156,35786.03616382679
01 Jan 2026 16:02:08.535,57728.5348736099,0.9035781979165007,159.5697914292107,35786.03869063636
01 Jan 2026 16:07:08.535,58028.5348733305,1.152891156846426,159.5449963205581,35786.04202110301
01 Jan 2026 16:12:08.535,58328.53487336542,1.401673992812892,159.5204157161951,35786.04614885366
01 Jan 2026 16:17:08.535,58628.53487340035,1.649812139760854,159.4960953600643,35786.05106598928
01 Jan 2026 16:22:08.535,58928.53487343527,1.897191232228326,159.4720805543947,35786.05676310011
01 Jan 2026 16:27:08.535,59228.5348734702,2.143697141851859,159.4484160836177,35786.06322928362
01 Jan 2026 16:32:08.535,59528.53487350512,2.389216014244907,159.425146137436,35786.07045216538
01 Jan 2026 16:37:08.535,59828.53487354005,2.633634306300913,159.4023142345323,35786.07841792266
01 Jan 2026 16:42:08.535,60128.53487357497,2.87683882397115,159.3799631469356,35786.08711131106
01 Jan 2026 16:47:08.535,60428.5348736099,3.118716760565181,159.3581348251712,35786.09651569341
01 Jan 2026 16:52:08.535,60728.5348733305,3.359155735619419,159.3368703255697,35786.10661307193
01 Jan 2026 16:57:08.535,61028.53487336542,3.598043834376701,159.3162097320044,35786.11738412239
01 Jan 2026 17:02:08.535,61328.53487340035,3.835269647916807,159.2961920917658,35786.12880823122
01 Jan 2026 17:07:08.535,61628.53487343527,4.070722313974925,159.276855339507,35786.14086353494
01 Jan 2026 17:12:08.535,61928.5348734702,4.30429155848153,159.2582362289844,35786.15352696194
01 Jan 2026 17:17:08.535,62228.53487350512,4.535867737853749,159.2403702648525,35786.16677427673
01 Jan 2026 17:22:08.535,62528.53487354005,4.765341882064387,159.2232916359682,35786.18058012621
01 Jan 2026 17:27:08.535,62828.53487357497,4.992605738510773,159.2070331502427,35786.19491808825
01 Jan 2026 17:32:08.535,63128.5348736099,5.217551816701403,159.1916261712539,35786.20976072223
01 Jan 2026 17:37:08.535,63428.5348733305,5.440073433773877,159.1771005579562,35786.22507962153
01 Jan 2026 17:42:08.535,63728.53487336542,5.660064760853012,159.1634845998204,35786.24084546798
01 Jan 2026 17:47:08.535,64028.53487340035,5.877420876182135,159.1508049671635,35786.2570285365
01 Jan 2026 17:52:08.535,64328.53487343527,6.092037789656293,159.1390866505892,35786.27359699068
01 Jan 2026 17:57:08.535,64628.5348734702,6.303812526663716,159.1283529092939,35786.29051953732
01 Jan 2026 18:02:08.535,64928.53487350512,6.51264315469717,159.1186252206046,35786.30776378848
01 Jan 2026 18:07:08.535,65228.53487354005,6.718428839592244,159.1099232320774,35786.32529674046
01 Jan 2026 18:12:08.535,65528.53487357497,6.921069896830524,159.1022647163756,35786.34308483684
01 Jan 2026 18:17:08.535,65828.5348736099,7.120467843600754,159.0956655290554,35786.36109403272
01 Jan 2026 18:22:08.535,66128.5348733305,7.316525451584162,159.0901395706505,35786.37928985995
01 Jan 2026 18:27:08.535,66428.53487336542,7.509146800424137,159.0856987454096,35786.397637493
01 Jan 2026 18:32:08.535,66728.53487340035,7.698237331834722,159.0823529364365,35786.41610181565
01 Jan 2026 18:37:08.535,67028.53487343527,7.883703904296455,159.0801099711551,35786.43464748828
01 Jan 2026 18:42:08.535,67328.5348734702,8.065454848282323,159.0789755968866,35786.45323901531
01 Jan 2026 18:47:08.535,67628.53487350512,8.243400021950753,159.0789534588551,35786.47184081337
01 Jan 2026 18:52:08.535,67928.53487354005,8.417450867236907,159.0800450819598,35786.49041727922
01 Jan 2026 18:57:08.535,68228.53487357497,8.58752046626781,159.0822498565538,35786.50893285799
01 Jan 2026 19:02:08.535,68528.5348736099,8.753523598021587,159.0855650282343,35786.5273521112
01 Jan 2026 19:07:08.535,68828.5348733305,8.915376795145548,159.0899856931092,35786.54563978459
01 Jan 2026 19:12:08.535,69128.53487336542,9.072998400842934,159.0955047908016,35786.56376087569
01 Jan 2026 19:17:08.535,69428.53487340035,9.226308625733196,159.1021131149034,35786.58168070058
01 Jan 2026 19:22:08.535,69728.53487343527,9.375229604586004,159.1097993147355,35786.59936496058
01 Jan 2026 19:27:08.535,70028.5348734702,9.519685452825142,159.1185499081976,35786.61677980769
01 Jan 2026 19:32:08.535,70328.53487350512,9.659602322694136,159.1283492978759,35786.63389190948
01 Jan 2026 19:37:08.535,70628.53487354005,9.794908458972159,159.1391797917276,35786.65066851282
01 Jan 2026 19:42:08.535,70928.53487357497,9.925534254125411,159.1510216284828,35786.66707750667
01 Jan 2026 19:47:08.535,71228.5348736099,10.05141230277647,159.1638530076565,35786.68308748348
01 Jan 2026 19:52:08.535,71528.5348733305,10.17247745537174,159.1776501256003,35786.69866779935
01 Jan 2026 19:57:08.535,71828.53487336542,10.28866687092537,159.1923872096478,35786.71378863262
01 Jan 2026 20:02:08.535,72128.53487340035,10.39992006871672,159.2080365700672,35786.72842104107
01 Jan 2026 20:07:08.535,72428.53487343527,10.50617897881754,159.2245686434585,35786.74253701722
01 Jan 2026 20:12:08.535,72728.5348734702,10.60738799132491,159.241952047334,35786.75610954203
01 Jan 2026 20:17:08.535,73028.53487350512,10.70349400417642,159.2601536378508,35786.76911263658
01 Jan 2026 20:22:08.535,73328.53487354005,10.79444646942472,159.2791385719483,35786.78152141182
01 Jan 2026 20:27:08.535,73628.53487357497,10.88019743785036,159.2988703738228,35786.79331211616
01 Jan 2026 20:32:08.535,73928.5348736099,10.96070160179381,159.3193110055462,35786.80446218105
01 Jan 2026 20:37:08.535,74228.5348733305,11.0359163360902,159.3404209430857,35786.81495026413
01 Jan 2026 20:42:08.535,74528.53487336542,11.10580173699391,159.3621592496193,35786.82475629002
01 Jan 2026 20:47:08.535,74828.53487340035,11.17032065898356,159.3844836657271,35786.83386148889
01 Jan 2026 20:52:08.535,75128.53487343527,11.22943874934302,159.4073506899768,35786.84224843229
01 Jan 2026 20:57:08.535,75428.5348734702,11.28312448041842,159.4307156694357,35786.84990106656
01 Jan 2026 21:02:08.535,75728.53487350512,11.33134917945741,159.4545328919512,35786.85680474357
01 Jan 2026 21:07:08.535,76028.53487354005,11.37408705594248,159.478755681365,35786.86294624873
01 Jan 2026 21:12:08.535,76328.53487357497,11.41131522633697,159.5033364953426,35786.86831382634
01 Jan 2026 21:17:08.535,76628.5348736099,11.44301373616952,159.5282270256146,35786.87289720204
01 Jan 2026 21:22:08.535,76928.5348733305,11.46916557939005,159.553378301653,35786.87668760254
01 Jan 2026 21:27:08.535,77228.53487336542,11.48975671493817,159.5787407896386,35786.87967777238
01 Jan 2026 21:32:08.535,77528.53487340035,11.50477608047345,159.6042645061014,35786.88186198779
01 Jan 2026 21:37:08.535,77828.53487343527,11.5142156032249,159.6298991197399,35786.88323606773
01 Jan 2026 21:42:08.535,78128.5348734702,11.51807020792652,159.655594060757,35786.88379738184
01 Jan 2026 21:47:08.535,78428.53487350512,11.51633782181378,159.6812986295578,35786.88354485551
01 Jan 2026 21:52:08.535,78728.53487354005,11.50901937666611,159.7069621058205,35786.88247897188
01 Jan 2026 21:57:08.535,79028.53487357497,11.49611880788846,159.732533857637,35786.88060177094
01 Jan 2026 22:02:08.535,79328.5348736099,11.47764305063514,159.7579634503518,35786.87791684568
01 Jan 2026 22:07:08.535,79628.5348733305,11.45360203298791,159.7832007562547,35786.87442933516
01 Jan 2026 22:12:08.535,79928.53487336542,11.42400866620949,159.8081960567271,35786.87014591466
01 Jan 2026 22:17:08.535,80228.53487340035,11.38887883210268,159.8329001564611,35786.8650747829
01 Jan 2026 22:22:08.535,80528.53487343527,11.34823136751409,159.8572644830257,35786.8592256464
01 Jan 2026 22:27:08.535,80828.5348734702,11.30208804603016,159.8812411912993,35786.85260970081
01 Jan 2026 22:32:08.535,81128.53487350512,11.2504735569213,159.9047832645227,35786.84523960957
01 Jan 2026 22:37:08.535,81428.53487354005,11.19341548139815,159.927844613099,35786.83712947959
01 Jan 2026 22:42:08.535,81728.53487357497,11.13094426625148,159.9503801708167,35786.82829483425
01 Jan 2026 22:47:08.535,82028.5348736099,11.06309319495447,159.9723459882711,35786.81875258375
01 Jan 2026 22:52:08.535,82328.5348733305,10.989898356313,159.9936993245956,35786.80852099262
01 Jan 2026 22:57:08.535,82628.53487336542,10.91139861075563,160.0143987293102,35786.79761964489
01 Jan 2026 23:02:08.535,82928.53487340035,10.827635554361,160.0344041339047,35786.78606940644
01 Jan 2026 23:07:08.535,83228.53487343527,10.73865348072548,160.0536769265821,35786.77389238519
01 Jan 2026 23:12:08.535,83528.5348734702,10.64449934077855,160.0721800297793,35786.76111188871
01 Jan 2026 23:17:08.535,83828.53487350512,10.54522270065765,160.0898779723304,35786.7477523796
01 Jan 2026 23:22:08.535,84128.53487354005,10.44087569775768,160.106736957559,35786.73383942869
01 Jan 2026 23:27:08.535,84428.53487357497,10.33151299507316,160.1227249270526,35786.71939966601
01 Jan 2026 23:32:08.535,84728.5348736099,10.21719173395365,160.1378116200888,35786.70446072995
01 Jan 2026 23:37:08.535,85028.5348733305,10.09797148539469,160.1519686299229,35786.68905121419
01 Jan 2026 23:42:08.535,85328.53487336542,9.973914199987348,160.1651694489447,35786.6732006131
01 Jan 2026 23:47:08.535,85628.53487340035,9.845084156650486,160.1773895223595,35786.65693926518
01 Jan 2026 23:52:08.535,85928.53487343527,9.711547910269731,160.1886062841445,35786.64029829498
01 Jan 2026 23:57:08.535,86228.5348734702,9.573374238366117,160.1987991948467,35786.62330955363
02 Jan 2026 00:02:08.535,86528.53487350512,9.430634086666556,160.2079497727646,35786.60600555773
02 Jan 2026 00:07:08.535,86828.53487354005,9.283400514614753,160.2160416221692,35786.5884194272
02 Jan 2026 00:12:08.535,87128.53487357497,9.131748640106919,160.2230604563304,35786.57058482189
02 Jan 2026 00:17:08.535,87428.5348736099,8.975755582731484,160.228994113581,35786.5525358771
02 Jan 2026 00:22:08.535,87728.5348733305,8.815500407714884,160.2338325726518,35786.53430713824
02 Jan 2026 00:27:08.535,88028.53487336542,8.651064069262461,160.2375679561734,35786.51593349469
02 Jan 2026 00:32:08.535,88328.53487340035,8.482529353734,160.2401945428168,35786.49745011312
02 Jan 2026 00:37:08.535,88628.53487343527,8.30998082275562,160.2417087619052,35786.47889237
02 Jan 2026 00:42:08.535,88928.5348734702,8.133504756364619,160.2421091903038,35786.46029578411
02 Jan 2026 00:47:08.535,89228.53487350512,7.953189096279587,160.2413965437976,35786.44169594834
02 Jan 2026 00:52:08.535,89528.53487354005,7.769123389382819,160.2395736643765,35786.42312846171
02 Jan 2026 00:57:08.535,89828.53487357497,7.58139873149694,160.2366455034897,35786.40462886121
02 Jan 2026 01:02:08.535,90128.5348736099,7.39010771153229,160.2326191015052,35786.38623255373
02 Jan 2026 01:07:08.535,90428.5348733305,7.195344356075732,160.227503564658,35786.36797474833
02 Jan 2026 01:12:08.535,90728.53487336542,6.997204074486549,160.2213100318794,35786.34989038885
02 Jan 2026 01:17:08.535,91028.53487340035,6.795783604558405,160.2140516512087,35786.33201408704
02 Jan 2026 01:22:08.535,91328.53487343527,6.591180958801429,160.2057435397674,35786.31438005633
02 Jan 2026 01:27:08.535,91628.5348734702,6.383495371392015,160.1964027470478,35786.29702204632
02 Jan 2026 01:32:08.535,91928.53487350512,6.172827245832278,160.1860482138241,35786.2799732782
02 Jan 2026 01:37:08.535,92228.53487354005,5.959278103355501,160.1747007281029,35786.26326638117
02 Jan 2026 01:42:08.535,92528.53487357497,5.7429505321076,160.162382878273,35786.24693333005
02 Jan 2026 01:47:08.535,92828.5348736099,5.52394813153891,160.1491190036016,35786.2310049865
02 Jan 2026 01:52:08.535,93128.5348733305,5.302375485782742,160.1349351434814,35786.21551265987
02 Jan 2026 01:57:08.535,93428.53487336542,5.078338081109401,160.1198589777354,35786.20048557116
02 Jan 2026 02:02:08.535,93728.53487340035,4.851942281399879,160.1039197777806,35786.18595247977
02 Jan 2026 02:07:08.535,94028.53487343527,4.623295275666737,160.0871483425323,35786.17194119954
02 Jan 2026 02:12:08.535,94328.5348734702,4.392505032217898,160.0695769388678,35786.15847854551
02 Jan 2026 02:17:08.535,94628.53487350512,4.15968025365577,160.0512392388844,35786.14559028276
02 Jan 2026 02:22:08.535,94928.53487354005,3.924930332699754,160.0321702554287,35786.13330107681
02 Jan 2026 02:27:08.535,95228.53487357497,3.688365308815907,160.0124062759457,35786.12163444675
02 Jan 2026 02:32:08.535,95528.5348736099,3.450095825633243,159.9919847948545,35786.11061271997
02 Jan 2026 02:37:08.535,95828.5348733305,3.210233089121848,159.9709444458042,35786.10025698964
02 Jan 2026 02:42:08.535,96128.53487336542,2.968888826504347,159.9493249260451,35786.09058707424
02 Jan 2026 02:47:08.535,96428.53487340035,2.726175245868357,159.9271669327671,35786.08162147959
02 Jan 2026 02:52:08.535,96728.53487343527,2.482204996444397,159.9045120852131,35786.07337736355
02 Jan 2026 02:57:08.535,97028.5348734702,2.237091129510261,159.8814028523311,35786.06587050317
02 Jan 2026 03:02:08.535,97328.53487350512,1.990947059880205,159.8578824782541,35786.05911526454
02 Jan 2026 03:07:08.535,97628.53487354005,1.743886527934219,159.8339949069544,35786.05312457505
02 Jan 2026 03:12:08.535,97928.53487357497,1.496023562140616,159.809784706178,35786.04790989906
02 Jan 2026 03:17:08.535,98228.5348736099,1.247472442022489,159.7852969907526,35786.04348121557
02 Jan 2026 03:22:08.535,98528.5348733305,0.99834766151702,159.7605773466821,35786.03984699943
02 Jan 2026 03:27:08.535,98828.53487336542,0.748763892674554,159.7356717481733,35786.03701420495
02 Jan 2026 03:32:08.535,99128.53487340035,0.4988359496431101,159.710626487455,35786.03498825267
02 Jan 2026 03:37:08.535,99428.53487343527,0.2486787528826229,159.685488091126,35786.03377301892
02 Jan 2026 03:42:08.535,99728.5348734702,-0.001592704816280121,159.6603032428555,35786.03337082849
02 Jan 2026 03:47:08.535,100028.5348735051,-0.2518634019868262,159.6351187046354,35786.03378245021
02 Jan 2026 03:52:08.535,100328.53487354,-0.5020183076103497,159.6099812379278,35786.03500709523
02 Jan 2026 03:57:08.535,100628.534873575,-0.751942432870974,159.5849375248298,35786.03704241885
02 Jan 2026 04:02:08.535,100928.5348736099,-1.00152085849631,159.5600340893172,35786.03988452483
02 Jan 2026 04:07:08.535,101228.5348733305,-1.25063877200359,159.535317219959,35786.04352797287
02 Jan 2026 04:12:08.535,101528.5348733654,-1.49918150348807,159.5108328862462,35786.04796578906
02 Jan 2026 04:17:08.535,101828.5348734003,-1.747034561642009,159.4866266684414,35786.05318947919
02 Jan 2026 04:22:08.535,102128.5348734353,-1.994083670059675,159.4627436745953,35786.05918904494
02 Jan 2026 04:27:08.535,102428.5348734702,-2.240214803882948,159.4392284646605,35786.06595300319
02 Jan 2026 04:32:08.535,102728.5348735051,-2.485314226840372,159.4161249737835,35786.07346840783
02 Jan 2026 04:37:08.535,103028.53487354,-2.729268528730805,159.3934764362805,35786.08172087459
02 Jan 2026 04:42:08.535,103328.534873575,-2.971964663400988,159.371325310279,35786.09069460855
02 Jan 2026 04:47:08.535,103628.5348736099,-3.213289987263837,159.3497132032061,35786.10037243438
02 Jan 2026 04:52:08.535,103928.5348733305,-3.453132298402076,159.3286807994923,35786.1107358292
02 Jan 2026 04:57:08.535,104228.5348733654,-3.691379876298893,159.3082677826343,35786.12176495801
02 Jan 2026 05:02:08.535,104528.5348734003,-3.927921522234541,159.2885127716048,35786.13343871168
02 Jan 2026 05:07:08.535,104828.5348734353,-4.162646600384386,159.269453245212,35786.14573474726
02 Jan 2026 05:12:08.535,105128.5348734702,-4.395445079650663,159.2511254743945,35786.15862953086
02 Jan 2026 05:17:08.535,105428.5348735051,-4.626207576256475,159.2335644545825,35786.17209838261
02 Jan 2026 05:22:08.535,105728.53487354,-4.854825397126641,159.2168038396108,35786.18611552379
02 Jan 2026 05:27:08.535,106028.534873575,-5.081190584075959,159.2008758772308,35786.20065412643
02 Jan 2026 05:32:08.535,106328.5348736099,-5.30519595882114,159.1858113464205,35786.2156863643
02 Jan 2026 05:37:08.535,106628.5348733305,-5.526735168828026,159.1716394978742,35786.23118346645
02 Jan 2026 05:42:08.535,106928.5348733654,-5.745702739804519,159.1583879899018,35786.24711620143
02 Jan 2026 05:47:08.535,107228.5348734003,-5.961994100227465,159.1460828396746,35786.26345324899
02 Jan 2026 05:52:08.535,107528.5348734353,-6.175505663915606,159.1347483635086,35786.28016373854
02 Jan 2026 05:57:08.535,107828.5348734702,-6.386134856651296,159.124407126184,35786.29721568672
02 Jan 2026 06:02:08.535,108128.5348735051,-6.593780171802075,159.1150798914499,35786.31457645664
02 Jan 2026 06:07:08.535,108428.53487354,-6.79834122114956,159.1067855752295,35786.33221282021
02 Jan 2026 06:12:08.535,108728.534873575,-6.999718786494103,159.0995412015946,35786.35009102176
02 Jan 2026 06:17:08.535,109028.5348736099,-7.197814872004841,159.0933618617252,35786.36817684276
02 Jan 2026 06:22:08.535,109328.5348733305,-7.392532757278984,159.0882606772515,35786.38643566707
02 Jan 2026 06:27:08.535,109628.5348733654,-7.583777051068187,159.0842487602313,35786.4048325474
02 Jan 2026 06:32:08.535,109928.5348734003,-7.771453745624314,159.0813351896666,35786.42333227212
02 Jan 2026 06:37:08.535,110228.5348734353,-7.95547027161064,159.0795269783173,35786.44189943263
02 Jan 2026 06:42:08.535,110528.5348734702,-8.135735553519115,159.0788290497685,35786.46049849123
02 Jan 2026 06:47:08.535,110828.5348735051,-8.312160065528341,159.0792442178645,35786.47909384898
02 Jan 2026 06:52:08.535,111128.53487354,-8.484655887731185,159.0807731700753,35786.49764991393
02 Jan 2026 06:57:08.535,111428.534873575,-8.653136762655603,159.0834144548072,35786.51613116925
02 Jan 2026 07:02:08.535,111728.5348736099,-8.817518151996627,159.0871644728494,35786.53450224122
02 Jan 2026 07:07:08.535,112028.5348733305,-8.977717293472379,159.0920174743042,35786.55272796687
02 Jan 2026 07:12:08.535,112328.5348733654,-9.133653257711924,159.0979655532707,35786.57077346131
02 Jan 2026 07:17:08.535,112628.5348734003,-9.285247005077926,159.104998660047,35786.58860418457
02 Jan 2026 07:22:08.535,112928.5348734353,-9.432421442322763,159.1131046046651,35786.60618600765
02 Jan 2026 07:27:08.535,113228.5348734702,-9.575101478972446,159.1222690715149,35786.62348527786
02 Jan 2026 07:32:08.535,113528.5348735051,-9.713214083328872,159.1324756372504,35786.64046888319
02 Jan 2026 07:37:08.535,113828.53487354,-9.846688337977575,159.1437057933354,35786.6571043158
02 Jan 2026 07:42:08.535,114128.534873575,-9.975455494685106,159.1559389732449,35786.67335973422
02 Jan 2026 07:47:08.535,114428.5348736099,-10.0994490285675,159.1691525843394,35786.68920402417
02 Jan 2026 07:52:08.535,114728.5348733305,-10.21860469140923,159.1833220457518,35786.70460685837
02 Jan 2026 07:57:08.535,115028.5348733654,-10.33286056401047,159.1984208243561,35786.71953875427
02 Jan 2026 08:02:08.535,115328.5348734003,-10.44215710743918,159.2144204885546,35786.73397113089
02 Jan 2026 08:07:08.535,115628.5348734353,-10.54643721306441,159.2312907534781,35786.74787636313
02 Jan 2026 08:12:08.535,115928.5348734702,-10.64564625124654,159.2489995373216,35786.76122783494
02 Jan 2026 08:17:08.535,116228.5348735051,-10.73973211856138,159.2675130208403,35786.77399999013
02 Jan 2026 08:22:08.535,116528.53487354,-10.82864528343591,159.2867957112041,35786.7861683814
02 Jan 2026 08:27:08.535,116828.534873575,-10.91233883007516,159.3068105100952,35786.79770971696
02 Jan 2026 08:32:08.535,117128.5348736099,-10.9907685005621,159.3275187859692,35786.80860190542
02 Jan 2026 08:37:08.535,117428.5348733305,-11.0638927350156,159.3488804516028,35786.81882409775
02 Jan 2026 08:42:08.535,117728.5348733654,-11.13167270969454,159.3708540389048,35786.82835672743
02 Jan 2026 08:47:08.535,118028.5348734003,-11.19407237294092,159.3933967905205,35786.83718154783
02 Jan 2026 08:52:08.535,118328.5348734353,-11.25105847885896,159.4164647417582,35786.84528166711
02 Jan 2026 08:57:08.535,118628.5348734702,-11.30260061863262,159.4400128123301,35786.85264158065
02 Jan 2026 09:02:08.535,118928.5348735051,-11.34867124939007,159.4639948998378,35786.85924720063
02 Jan 2026 09:07:08.535,119228.53487354,-11.38924572052936,159.4883639760142,35786.86508588307
02 Jan 2026 09:12:08.535,119528.534873575,-11.42430229742676,159.5130721855538,35786.87014645203
02 Jan 2026 09:17:08.535,119828.5348736099,-11.4538221824563,159.5380709472137,35786.87441922097
02 Jan 2026 09:22:08.535,120128.5348733305,-11.47778953325676,159.5633110582508,35786.87789601136
02 Jan 2026 09:27:08.535,120428.5348733654,-11.49619147819006,159.588742794017,35786.88057016826
02 Jan 2026 09:32:08.535,120728.5348734003,-11.5090181289439,159.6143160221796,35786.88243657314
02 Jan 2026 09:37:08.535,121028.5348734353,-11.51626259023945,159.6399803049284,35786.88349165361
02 Jan 2026 09:42:08.535,121328.5348734702,-11.51792096661415,159.6656850086032,35786.88373339028
02 Jan 2026 09:47:08.535,121628.5348735051,-11.51399236625855,159.6913794126091,35786.88316132071
02 Jan 2026 09:52:08.535,121928.53487354,-11.50447890189529,159.7170128185106,35786.88177654015
02 Jan 2026 09:57:08.535,122228.534873575,-11.48938568869733,159.7425346591252,35786.8795816995
02 Jan 2026 10:02:08.535,122528.5348736099,-11.46872083925215,159.7678946071912,35786.87658100035
02 Jan 2026 10:07:08.535,122828.5348733305,-11.44249545558733,159.7930426847277,35786.87278018676
02 Jan 2026 10:12:08.535,123128.5348733654,-11.41072361828241,159.8179293647785,35786.86818653431
02 Jan 2026 10:17:08.535,123428.5348734003,-11.37342237270071,159.8425056851114,35786.86280883627
02 Jan 2026 10:22:08.535,123728.5348734353,-11.33061171238342,159.8667233471032,35786.85665738668
02 Jan 2026 10:27:08.535,124028.5348734702,-11.28231455965699,159.8905348193983,35786.84974396061
02 Jan 2026 10:32:08.535,124328.5348735051,-11.22855674351284,159.9138934381429,35786.84208179169
02 Jan 2026 10:37:08.535,124628.53487354,-11.1693669748265,159.9367535047651,35786.83368554674
02 Jan 2026 10:42:08.535,124928.534873575,-11.10477681899039,159.9590703811447,35786.82457129765
02 Jan 2026 10:47:08.535,125228.5348736099,-11.03482066604193,159.9808005818667,35786.81475649076
02 Jan 2026 10:52:08.535,125528.5348733305,-10.95953569837499,160.0019018646904,35786.80425991324
02 Jan 2026 10:57:08.535,125828.5348733654,-10.87896185612874,160.0223333110735,35786.79310165727
02 Jan 2026 11:02:08.535,126128.5348734003,-10.79314180035378,160.0420554163312,35786.78130308153
02 Jan 2026 11:07:08.535,126428.5348734353,-10.70212087406021,160.0610301628948,35786.76888677033
02 Jan 2026 11:12:08.535,126728.5348734702,-10.60594706125694,160.079221096265,35786.75587649035
02 Jan 2026 11:17:08.535,127028.5348735051,-10.5046709440953,160.0965933956189,35786.74229714515
02 Jan 2026 11:22:08.535,127328.53487354,-10.39834565823337,160.1131139401674,35786.72817472748
02 Jan 2026 11:27:08.535,127628.534873575,-10.28702684654023,160.1287513712772,35786.71353626949
02 Jan 2026 11:32:08.535,127928.5348736099,-10.1707726112612,160.1434761501322,35786.6984097911
02 Jan 2026 11:37:08.535,128228.5348733305,-10.04964346476693,160.1572606122474,35786.68282424628
02 Jan 2026 11:42:08.535,128528.5348733654,-9.923702279009913,160.1700790108123,35786.6668094675
02 Jan 2026 11:47:08.535,128828.5348734003,-9.793014233812377,160.1819075685868,35786.65039610885
02 Jan 2026 11:52:08.535,129128.5348734353,-9.657646764109369,160.1927245119754,35786.63361558723
02 Jan 2026 11:57:08.535,129428.5348734702,-9.517669506269902,160.2025101070045,35786.6165000222
02 Jan 2026 12:02:08.535,129728.5348735051,-9.373154243617781,160.2112466893093,35786.59908217457
02 Jan 2026 12:07:08.535,130028.53487354,-9.224174851272101,160.2189186894299,35786.58139538357
02 Jan 2026 12:12:08.535,130328.534873575,-9.070807240424617,160.2255126534726,35786.56347350315
02 Jan 2026 12:17:08.535,130628.5348736099,-8.913129302168958,160.23101725913,35786.54535083711
02 Jan 2026 12:22:08.535,130928.5348733305,-8.751220850993048,160.2354233284813,35786.52706207354
02 Jan 2026 12:27:08.535,131228.5348733654,-8.585163568042788,160.2387238296801,35786.50864221821
02 Jan 2026 12:32:08.535,131528.5348734003,-8.415040944260824,160.2409138873908,35786.49012652773
02 Jan 2026 12:37:08.535,131828.5348734353,-8.240938223500164,160.2419907756833,35786.47155044207
02 Jan 2026 12:42:08.535,132128.5348734702,-8.062942345707635,160.2419539132608,35786.45294951667
02 Jan 2026 12:47:08.535,132428.5348735051,-7.881141890267416,160.2408048532221,35786.43435935437
02 Jan 2026 12:52:08.535,132728.53487354,-7.69562701958968,160.2385472687564,35786.41581553734
02 Jan 2026 12:57:08.535,133028.534873575,-7.506489423024209,160.2351869348785,35786.3973535589
02 Jan 2026 13:02:08.535,133328.5348736099,-7.313822261173141,160.2307317063733,35786.37900875565
02 Jan 2026 13:07:08.535,133628.5348733305,-7.117720110671711,160.2251914933387,35786.36081623975
02 Jan 2026 13:12:08.535,133928.5348733654,-6.918278909499861,160.2185782265929,35786.34281083182
02 Jan 2026 13:17:08.535,134228.5348734003,-6.715595902881923,160.2109058327863,35786.3250269943
02 Jan 2026 13:22:08.535,134528.5348734353,-6.509769589825734,160.2021901930705,35786.30749876534
02 Jan 2026 13:27:08.535,134828.5348734702,-6.300899670346723,160.1924491051627,35786.29025969384
02 Jan 2026 13:32:08.535,135128.5348735051,-6.089086993416576,160.181702241091,35786.27334277515
02 Jan 2026 13:37:08.535,135428.53487354,-5.874433505670336,160.1699711020188,35786.25678038794
02 Jan 2026 13:42:08.535,135728.534873575,-5.657042195181661,160.1572789703326,35786.24060381579
02 Jan 2026 13:47:08.535,136028.5348736099,-5.437017064850679,160.1436508591183,35786.22484488345
02 Jan 2026 13:52:08.535,136328.5348733305,-5.214463048590911,160.1291134604648,35786.2095333047
02 Jan 2026 13:57:08.535,136628.5348733654,-4.989485986795717,160.1136950848521,35786.19469838542
02 Jan 2026 14:02:08.535,136928.5348734003,-4.762192573221053,160.0974256114651,35786.18036851904
02 Jan 2026 14:07:08.535,137228.5348734353,-4.532690308638512,160.0803364232932,35786.16657113232
02 Jan 2026 14:12:08.535,137528.5348734702,-4.301087455328504,160.0624603468371,35786.15333263288
02 Jan 2026 14:17:08.535,137828.5348735051,-4.067492992404507,160.0438315886735,35786.14067835861
02 Jan 2026 14:22:08.535,138128.53487354,-3.832016571954957,160.0244856703109,35786.12863252919
02 Jan 2026 14:27:08.535,138428.534873575,-3.594768475984626,160.0044593614442,35786.11721819978
02 Jan 2026 14:32:08.535,138728.5348736099,-3.355859574133453,159.9837906117583,35786.10645721685
02 Jan 2026 14:37:08.535,139028.5348733305,-3.115401282146325,159.9625184826391,35786.09637017645
02 Jan 2026 14:42:08.535,139328.5348733654,-2.873505521063994,159.9406830710938,35786.0869763847
02 Jan 2026 14:47:08.535,139628.5348734003,-2.630284677101361,159.9183254456385,35786.07829382095
02 Jan 2026 14:52:08.535,139928.5348734353,-2.385851562176286,159.8954875680022,35786.07033910333
02 Jan 2026 14:57:08.535,140228.5348734702,-2.140319375048771,159.8722122204125,35786.06312745692
02 Jan 2026 15:02:08.535,140528.5348735051,-1.893801663027722,159.8485429307584,35786.05667268463
02 Jan 2026 15:07:08.535,140828.53487354,-1.646412284199679,159.8245238969568,35786.05098714089
02 Jan 2026 15:12:08.535,141128.534873575,-1.398265370131641,159.8001999105956,35786.04608170785
02 Jan 2026 15:17:08.535,141428.5348736099,-1.149475288998001,159.775616280079,35786.04196577469
02 Jan 2026 15:22:08.535,141728.5348733305,-0.9001566090795395,159.7508187544562,35786.03864721954
02 Jan 2026 15:27:08.535,142028.5348733654,-0.6504240625811005,159.7258534403588,35786.03613239453
02 Jan 2026 15:32:08.535,142328.5348734003,-0.4003925097128805,159.7007667316323,35786.03442611352
02 Jan 2026 15:37:08.535,142628.5348734353,-0.1501769029792712,159.6756052256301,35786.03353164297
02 Jan 2026 15:42:08.535,142928.5348734702,0.1001077483817438,159.650415645818,35786.03345069566
02 Jan 2026 15:47:08.535,143228.5348735051,0.3503464138661938,159.6252447630044,35786.03418342739
02 Jan 2026 15:52:08.535,143528.53487354,0.6004240771368553,159.6001393164697,35786.03572843673
02 Jan 2026 15:57:08.535,143828.534873575,0.8502257714791959,159.5751459351499,35786.03808276763
02 Jan 2026 16:02:08.535,144128.5348736099,1.099636615338722,159.5503110589497,35786.04124191519
02 Jan 2026 16:07:08.535,144428.5348733305,1.348541847997297,159.5256808615019,35786.04519983414
02 Jan 2026 16:12:08.535,144728.5348733654,1.596826865445731,159.5013011666595,35786.04994895049
02 Jan 2026 16:17:08.535,145028.5348734003,1.844377256508821,159.4772173784247,35786.05548017607
02 Jan 2026 16:22:08.535,145328.5348734353,2.091078839278048,159.4534743981983,35786.06178292579
02 Jan 2026 16:27:08.535,145628.5348734702,2.336817697905847,159.4301165490424,35786.06884513795
02 Jan 2026 16:32:08.535,145928.5348735051,2.581480219813641,159.4071874992695,35786.07665329741
02 Jan 2026 16:37:08.535,146228.53487354,2.824953133364119,159.3847301866305,35786.08519246129
02 Jan 2026 16:42:08.535,146528.534873575,3.067123546046071,159.3627867433051,35786.09444628767
02 Jan 2026 16:47:08.535,146828.5348736099,3.30787898321783,159.3413984217248,35786.10439706683
02 Jan 2026 16:52:08.535,147128.5348733305,3.547107427452768,159.3206055226262,35786.11502575513
02 Jan 2026 16:57:08.535,147428.5348733654,3.78469735852746,159.3004473175922,35786.12631201147
02 Jan 2026 17:02:08.535,147728.5348734003,4.020537794090138,159.2809619858469,35786.13823423617
02 Jan 2026 17:07:08.535,148028.5348734353,4.254518331043685,159.2621865391834,35786.15076961237
02 Jan 2026 17:12:08.535,148328.5348734702,4.486529187674046,159.2441567547394,35786.16389414959
02 Jan 2026 17:17:08.535,148628.5348735051,4.716461246550942,159.2269071079969,35786.17758272978
02 Jan 2026 17:22:08.535,148928.53487354,4.94420609822408,159.2104707072914,35786.19180915521
02 Jan 2026 17:27:08.535,149228.534873575,5.169656085733639,159.1948792300051,35786.20654619876
02 Jan 2026 17:32:08.535,149528.5348736099,5.392704349949576,159.1801628606158,35786.22176565591
02 Jan 2026 17:37:08.535,149828.5348733305,5.613244875749539,159.1663502319403,35786.23743839877
02 Jan 2026 17:42:08.535,150128.5348733654,5.831172544925524,159.1534683618938,35786.25353487364
02 Jan 2026 17:47:08.535,150428.5348734003,6.046383160714196,159.1415426055546,35786.27002342342
02 Jan 2026 17:52:08.535,150728.5348734353,6.258773531193162,159.1305965964337,35786.28687290115
02 Jan 2026 17:57:08.535,151028.5348734702,6.468241495895786,159.1206521967258,35786.30405105877
02 Jan 2026 18:02:08.535,151328.5348735051,6.674685981833305,159.1117294488922,35786.32152501903
02 Jan 2026 18:07:08.535,151628.53487354,6.878007054631978,159.1038465299139,35786.33926133846
02 Jan 2026 18:12:08.535,151928.534873575,7.078105970434779,159.0970197084323,35786.35722607128
02 Jan 2026 18:17:08.535,152228.5348736099,7.274885228534925,159.091263304902,35786.37538483447
02 Jan 2026 18:22:08.535,152528.5348733305,7.468248624702754,159.0865896561739,35786.39370287342
02 Jan 2026 18:27:08.535,152828.5348733654,7.658101305161662,159.0830090767904,35786.41214512862
02 Jan 2026 18:32:08.535,153128.5348734003,7.844349821162826,159.08052983684,35786.43067630263
02 Jan 2026 18:37:08.535,153428.5348734353,8.026902184102779,159.0791581302052,35786.44926092774
02 Jan 2026 18:42:08.535,153728.5348734702,8.205667921122025,159.0788980530563,35786.4678634337
02 Jan 2026 18:47:08.535,154028.5348735051,8.380558131116997,159.0797515848276,35786.48644821598
02 Jan 2026 18:52:08.535,154328.53487354,8.551485541092347,159.0817185731134,35786.50497970384
02 Jan 2026 18:57:08.535,154628.534873575,8.718364562774774,159.0847967225884,35786.52342242835
02 Jan 2026 19:02:08.535,154928.5348736099,8.881111349404357,159.0889815880926,35786.54174109037
02 Jan 2026 19:07:08.535,155228.5348733305,9.039643852614246,159.0942665732433,35786.55990062806
02 Jan 2026 19:12:08.535,155528.5348733654,9.193881879304593,159.1006429268273,35786.57786628405
02 Jan 2026 19:17:08.535,155828.5348734003,9.343747148411948,159.1080997567585,35786.59560367187
02 Jan 2026 19:22:08.535,156128.5348734353,9.48916334747102,159.1166240353882,35786.61307884188
02 Jan 2026 19:27:08.535,156428.5348734702,9.630056188861673,159.1262006159137,35786.6302583462
02 Jan 2026 19:32:08.535,156728.5348735051,9.76635346563023,159.1368122521153,35786.64710930271
02 Jan 2026 19:37:08.535,157028.53487354,9.89798510677107,159.1484396227324,35786.66359945812
02 Jan 2026 19:42:08.535,157328.534873575,10.02488323185156,159.1610613604894,35786.67969724948
02 Jan 2026 19:47:08.535,157628.5348736099,10.14698220486076,159.1746540858275,35786.69537186482
02 Jan 2026 19:52:08.535,157928.5348733305,10.26421868716088,159.1891924466217,35786.71059330205
02 Jan 2026 19:57:08.535,158228.5348733654,10.37653168941849,159.204649155988,35786.72533242638
02 Jan 2026 20:02:08.535,158528.5348734003,10.48386262239205,159.220995047868,35786.73956102611
02 Jan 2026 20:07:08.535,158828.5348734353,10.58615534645166,159.2381991240431,35786.75325186662
02 Jan 2026 20:12:08.535,159128.5348734702,10.68335621970742,159.2562286122237,35786.76637874253
02 Jan 2026 20:17:08.535,159428.5348735051,10.77541414462326,159.2750490272762,35786.77891652786
02 Jan 2026 20:22:08.535,159728.53487354,10.86228061299485,159.2946242367675,35786.79084122413
02 Jan 2026 20:27:08.535,160028.534873575,10.94390974917189,159.3149165306978,35786.80213000631
02 Jan 2026 20:32:08.535,160328.5348736099,11.02025835140785,159.3358866953657,35786.81276126653
02 Jan 2026 20:37:08.535,160628.5348733305,11.09128593122329,159.3574940924294,35786.82271465539
02 Jan 2026 20:42:08.535,160928.5348733654,11.15695475067271,159.3796967351686,35786.83197112096
02 Jan 2026 20:47:08.535,161228.5348734003,11.21722985740921,159.4024513814868,35786.84051294527
02 Jan 2026 20:52:08.535,161528.5348734353,11.27207911744627,159.4257136171391,35786.84832377825
02 Jan 2026 20:57:08.535,161828.5348734702,11.32147324552117,159.4494379486929,35786.85538866888
02 Jan 2026 21:02:08.535,162128.5348735051,11.36538583297088,159.4735778981286,35786.86169409407
02 Jan 2026 21:07:08.535,162428.53487354,11.40379337303744,159.4980861001467,35786.86722798432
02 Jan 2026 21:12:08.535,162728.534873575,11.43667528352708,159.5229144018792,35786.87197974697
02 Jan 2026 21:17:08.535,163028.5348736099,11.46401392675446,159.5480139648779,35786.87594028638
02 Jan 2026 21:22:08.535,163328.5348733305,11.48579462671143,159.5733353702121,35786.87910202143
02 Jan 2026 21:27:08.535,163628.5348733654,11.50200568340759,159.5988287187153,35786.8814589
02 Jan 2026 21:32:08.535,163928.5348734003,11.5126383843387,159.6244437456645,35786.88300641051
02 Jan 2026 21:37:08.535,164228.5348734353,11.51768701304724,159.6501299233706,35786.88374159068
02 Jan 2026 21:42:08.535,164528.5348734702,11.51714885474887,159.6758365710772,35786.88366303305
02 Jan 2026 21:47:08.535,164828.5348735051,11.51102419900692,159.7015129639679,35786.88277088778
02 Jan 2026 21:52:08.535,165128.53487354,11.49931633944701,159.727108442322,35786.88106686234
02 Jan 2026 21:57:08.535,165428.534873575,11.48203157051237,159.7525725204528,35786.87855421826
02 Jan 2026 22:02:08.535,165728.5348736099,11.45917918127015,159.7778549951883,35786.87523776479
02 Jan 2026 22:07:08.535,166028.5348733305,11.43077144628776,159.8029060548341,35786.87112384979
02 Jan 2026 22:12:08.535,166328.5348733654,11.39682361360775,159.8276763805109,35786.86622034755
02 Jan 2026 22:17:08.535,166628.5348734003,11.35735388985824,159.8521172591986,35786.86053664374
02 Jan 2026 22:22:08.535,166928.5348734353,11.31238342254471,159.8761806819831,35786.85408361735
02 Jan 2026 22:27:08.535,167228.5348734702,11.26193627957729,159.8998194469005,35786.84687362001
02 Jan 2026 22:32:08.535,167528.5348735051,11.20603942609593,159.9229872582218,35786.83892045217
02 Jan 2026 22:37:08.535,167828.53487354,11.14472269866325,159.9456388232747,35786.83023933681
02 Jan 2026 22:42:08.535,168128.534873575,11.07801877690237,159.9677299464487,35786.82084689024
02 Jan 2026 22:47:08.535,168428.5348736099,11.00596315266397,159.9892176203048,35786.81076109028
02 Jan 2026 22:52:08.535,168728.5348733305,10.92859409681284,160.0100601146964,35786.80000124188
02 Jan 2026 22:57:08.535,169028.5348733654,10.84595262373064,160.0302170559758,35786.78858794017
02 Jan 2026 23:02:08.535,169328.5348734003,10.75808245363648,160.0496495156677,35786.77654303092
02 Jan 2026 23:07:08.535,169628.5348734353,10.66502997283185,160.0683200822478,35786.76388956886
02 Jan 2026 23:12:08.535,169928.5348734702,10.56684419198084,160.086192935509,35786.75065177343
02 Jan 2026 23:17:08.535,170228.5348735051,10.46357670254022,160.1032339155127,35786.73685498255
02 Jan 2026 23:22:08.535,170528.53487354,10.35528163145667,160.1194105873241,35786.72252560395
02 Jan 2026 23:27:08.535,170828.534873575,10.24201559425135,160.1346923013389,35786.7076910647
02 Jan 2026 23:32:08.535,171128.5348736099,10.12383764661369,160.1490502492499,35786.69237975874
02 Jan 2026 23:37:08.535,171428.5348733305,10.00080923462749,160.1624575167365,35786.67662099242
02 Jan 2026 23:42:08.535,171728.5348733654,9.872994143753234,160.1748891250075,35786.66044492852
02 Jan 2026 23:47:08.535,172028.5348734003,9.740458446690475,160.1863220808584,35786.64388252841
02 Jan 2026 23:52:08.535,172328.5348734353,9.603270450243855,160.1967354089328,35786.62696549286
02 Jan 2026 23:57:08.535,172628.5348734702,9.461500641315299,160.2061101858343,35786.60972620121
03 Jan 2026 00:02:08.535,172928.5348735051,9.315221632157167,160.2144295686333,35786.59219764966
03 Jan 2026 00:07:08.535,173228.53487354,9.164508104954228,160.2216788177489,35786.57441338783
03 Jan 2026 00:12:08.535,173528.534873575,9.009436755897418,160.2278453154279,35786.55640745466
03 Jan 2026 00:17:08.535,173828.5348736099,8.850086238909565,160.2329185810336,35786.53821431327
03 Jan 2026 00:22:08.535,174128.5348733305,8.686537109016701,160.2368902815715,35786.51986878499
03 Jan 2026 00:27:08.535,174428.5348733654,8.518871765550509,160.2397542316627,35786.50140598264
03 Jan 2026 00:32:08.535,174728.5348734003,8.347174395265686,160.2415064022161,35786.48286124336
03 Jan 2026 00:37:08.535,175028.5348734353,8.171530915470024,160.2421449116572,35786.46427006109
03 Jan 2026 00:42:08.535,175328.5348734702,7.992028917260514,160.2416700195181,35786.44566801841
03 Jan 2026 00:47:08.535,175628.5348735051,7.808757608953458,160.240084114571,35786.42709071857
03 Jan 2026 00:52:08.535,175928.53487354,7.621807759791798,160.2373916989608,35786.4085737174
03 Jan 2026 00:57:08.535,176228.534873575,7.43127164400725,160.2335993684394,35786.39015245511
03 Jan 2026 01:02:08.535,176528.5348736099,7.237242985309321,160.2287157888293,35786.37186218856
03 Jan 2026 01:07:08.535,176828.5348733305,7.039816901867681,160.2227516701415,35786.35373792378
03 Jan 2026 01:12:08.535,177128.5348733654,6.839089851848686,160.2157197306385,35786.33581434889
03 Jan 2026 01:17:08.535,177428.5348734003,6.635159579560784,160.2076346706046,35786.31812576784
03 Jan 2026 01:22:08.535,177728.5348734353,6.428125062258012,160.1985131297696,35786.30070603464
03 Jan 2026 01:27:08.535,178028.5348734702,6.218086457644694,160.1883736481629,35786.28358848867
03 Jan 2026 01:32:08.535,178328.5348735051,6.005145052118758,160.1772366227001,35786.26680589082
03 Jan 2026 01:37:08.535,178628.53487354,5.789403209785238,160.1651242609168,35786.25039036074
03 Jan 2026 01:42:08.535,178928.534873575,5.570964316629958,160.1520605320108,35786.23437291138
03 Jan 2026 01:47:08.535,179228.5348736099,5.349932753901619,160.1380711153204,35786.21878503609
03 Jan 2026 01:52:08.535,179528.5348733305,5.126413815118136,160.1231833476992,35786.20365613198
03 Jan 2026 01:57:08.535,179828.5348733654,4.900513681538512,160.1074261620002,35786.18901515329
03 Jan 2026 02:02:08.535,180128.5348734003,4.672339369458853,160.0908300365938,35786.17489012039
03 Jan 2026 02:07:08.535,180428.5348734353,4.441998684196721,160.0734269296259,35786.16130806608
03 Jan 2026 02:12:08.535,180728.5348734702,4.209600174912526,160.0552502180554,35786.14829498388
03 Jan 2026 02:17:08.535,181028.5348735051,3.975253090257342,160.0363346334823,35786.13587577829
03 Jan 2026 02:22:08.535,181328.53487354,3.73906733483167,160.0167161963782,35786.12407421715
03 Jan 2026 02:27:08.535,181628.534873575,3.501153426435554,159.9964321487694,35786.1129128862
03 Jan 2026 02:32:08.535,181928.5348736099,3.261622454086191,159.9755208854405,35786.10241314572
03 Jan 2026 02:37:08.535,182228.5348733305,3.020586036775216,159.9540218852023,35786.0925950898
03 Jan 2026 02:42:08.535,182528.5348733654,2.77815628293427,159.9319756342884,35786.08347750784
03 Jan 2026 02:47:08.535,182828.5348734003,2.534445750573789,159.9094235618549,35786.07507784858
03 Jan 2026 02:52:08.535,183128.5348734353,2.289567408056919,159.8864079612624,35786.06741218676
03 Jan 2026 02:57:08.535,183428.5348734702,2.043634595467369,159.8629719170632,35786.0604951923
03 Jan 2026 03:02:08.535,183728.5348735051,1.79676098652707,159.8391592297985,35786.05434010228
03 Jan 2026 03:07:08.535,184028.53487354,1.549060551017381,159.8150143401014,35786.04895869562
03 Jan 2026 03:12:08.535,184328.534873575,1.300647517654911,159.7905822521342,35786.04436127049
03 Jan 2026 03:17:08.535,184628.5348736099,1.051636337371217,159.7659084564463,35786.04055662462
03 Jan 2026 03:22:08.535,184928.5348733305,0.8021416469437601,159.7410388537131,35786.03755203848
03 Jan 2026 03:27:08.535,185228.5348733654,0.5522782329240253,159.7160196714378,35786.03535326141
03 Jan 2026 03:32:08.535,185528.5348734003,0.3021609958073623,159.6908973935415,35786.03396450053
03 Jan 2026 03:37:08.535,185828.5348734353,0.05190491438804824,159.6657186765167,35786.03338841269
03 Jan 2026 03:42:08.535,186128.5348734702,-0.1983749897576599,159.6405302720132,35786.03362609947
03 Jan 2026 03:47:08.535,186428.5348735051,-0.448563687718285,159.6153789480105,35786.03467710497
03 Jan 2026 03:52:08.535,186728.53487354,-0.6985461786818637,159.5903114099684,35786.03653941677
03 Jan 2026 03:57:08.535,187028.534873575,-0.9482075254167762,159.565374222053,35786.03920946975
03 Jan 2026 04:02:08.535,187328.5348736099,-1.197432889856694,159.540613728481,35786.04268215289
03 Jan 2026 04:07:08.535,187628.5348733305,-1.446107568847083,159.5160759764051,35786.04695081906
03 Jan 2026 04:12:08.535,187928.5348733654,-1.694117030110189,159.4918066324994,35786.05200729775
03 Jan 2026 04:17:08.535,188228.5348734003,-1.941346948484333,159.467850913071,35786.05784191075
03 Jan 2026 04:22:08.535,188528.5348734353,-2.18768324249224,159.4442535014666,35786.06444349053
03 Jan 2026 04:27:08.535,188828.5348734702,-2.433012111291618,159.4210584725824,35786.07179940174
03 Jan 2026 04:32:08.535,189128.5348735051,-2.677220072059631,159.3983092166725,35786.07989556538
03 Jan 2026 04:37:08.535,189428.53487354,-2.920193997860852,159.3760483638476,35786.08871648565
03 Jan 2026 04:42:08.535,189728.534873575,-3.161821156046154,159.3543177093855,35786.09824527972
03 Jan 2026 04:47:08.535,190028.5348736099,-3.401989247227653,159.3331581398889,35786.10846370985
03 Jan 2026 04:52:08.535,190328.5348733305,-3.640586444871944,159.3126095617534,35786.11935221858
03 Jan 2026 04:57:08.535,190628.5348733654,-3.877501435551266,159.2927108241454,35786.1308899658
03 Jan 2026 05:02:08.535,190928.5348734003,-4.112623459888765,159.2734996562565,35786.14305486894
03 Jan 2026 05:07:08.535,191228.5348734353,-4.345842354230874,159.2550125927439,35786.15582364507
03 Jan 2026 05:12:08.535,191528.5348734702,-4.577048593076166,159.237284907097,35786.16917185538
03 Jan 2026 05:17:08.535,191828.5348735051,-4.806133332286098,159.2203505451994,35786.1830739522
03 Jan 2026 05:22:08.535,192128.53487354,-5.032988453099142,159.2042420605052,35786.19750332761
03 Jan 2026 05:27:08.535,192428.534873575,-5.257506606965465,159.1889905509386,35786.21243236451
03 Jan 2026 05:32:08.535,192728.5348736099,-5.47958126121479,159.1746255976741,35786.22783248948
03 Jan 2026 05:37:08.535,193028.5348733305,-5.699106751324306,159.1611752071663,35786.24367464982
03 Jan 2026 05:42:08.535,193328.5348733654,-5.915978305444169,159.1486657487772,35786.25992771213
03 Jan 2026 05:47:08.535,193628.5348734003,-6.130092126521101,159.1371219077058,35786.27656095988
03 Jan 2026 05:52:08.535,193928.5348734353,-6.341345418923605,159.1265666272293,35786.29354255762
03 Jan 2026 05:57:08.535,194228.5348734702,-6.549636443844318,159.1170210599628,35786.31084000304
03 Jan 2026 06:02:08.535,194528.5348735051,-6.754864569959512,159.1085045204573,35786.32842018928
03 Jan 2026 06:07:08.535,194828.53487354,-6.956930324870175,159.1010344406072,35786.34624946825
03 Jan 2026 06:12:08.535,195128.534873575,-7.155735447295449,159.0946263279255,35786.36429371498
03 Jan 2026 06:17:08.535,195428.5348736099,-7.351182939983504,159.0892937269334,35786.38251839297
03 Jan 2026 06:22:08.535,195728.5348733305,-7.543177123299019,159.0850481849876,35786.40088862032
03 Jan 2026 06:27:08.535,196028.5348733654,-7.731623689440645,159.081899214941,35786.41936923636
03 Jan 2026 06:32:08.535,196328.5348734003,-7.916429757236035,159.0798542743316,35786.43792486915
03 Jan 2026 06:37:08.535,196628.5348734353,-8.097503927456037,159.0789187350938,35786.45652000298
03 Jan 2026 06:42:08.535,196928.5348734702,-8.274756338584027,159.0790958635039,35786.4751190465
03 Jan 2026 06:47:08.535,197228.5348735051,-8.448098722970569,159.0803868026988,35786.49368640071
03 Jan 2026 06:52:08.535,197528.53487354,-8.617444463298078,159.0827905591431,35786.51218652716
03 Jan 2026 06:57:08.535,197828.534873575,-8.78270864927457,159.0863039931563,35786.53058401601
03 Jan 2026 07:02:08.535,198128.5348736099,-8.943808134470535,159.0909218136622,35786.54884365379
03 Jan 2026 07:07:08.535,198428.5348733305,-9.100661593207761,159.0966365784836,35786.56693049069
03 Jan 2026 07:12:08.535,198728.5348733654,-9.25318957740401,159.1034386924853,35786.58480990765
03 Jan 2026 07:17:08.535,199028.5348734003,-9.401314573273273,159.1113164232656,35786.60244768245
03 Jan 2026 07:22:08.535,199328.5348734353,-9.544961057776655,159.1202559082543,35786.61981005529
03 Jan 2026 07:27:08.535,199628.5348734702,-9.684055554715311,159.1302411729397,35786.63686379345
03 Jan 2026 07:32:08.535,199928.5348735051,-9.818526690353309,159.1412541524244,35786.65357625486
03 Jan 2026 07:37:08.535,200228.53487354,-9.948305248455071,159.1532747176214,35786.66991545058
03 Jan 2026 07:42:08.535,200528.534873575,-10.07332422461942,159.166280706134,35786.68585010605
03 Jan 2026 07:47:08.535,200828.5348736099,-10.19351887979012,159.1802479578345,35786.70134972091
03 Jan 2026 07:52:08.535,201128.5348733305,-10.30882679282079,159.1951503563923,35786.71638462753
03 Jan 2026 07:57:08.535,201428.5348733654,-10.41918791197134,159.2109598689297,35786.73092604763
03 Jan 2026 08:02:08.535,201728.5348734003,-10.52454460521182,159.2276466033984,35786.7449461475
03 Jan 2026 08:07:08.535,202028.5348734353,-10.62484170920992,159.2451788573788,35786.75841809117
03 Jan 2026 08:12:08.535,202328.5348734702,-10.72002657687847,159.2635231779326,35786.77131609189
03 Jan 2026 08:17:08.535,202628.5348735051,-10.81004912336063,159.2826444245246,35786.78361546143
03 Jan 2026 08:22:08.535,202928.53487354,-10.89486187033174,159.3025058362453,35786.79529265739
03 Jan 2026 08:27:08.535,203228.534873575,-10.97441998849931,159.3230691031807,35786.80632532823
03 Jan 2026 08:32:08.535,203528.5348736099,-11.04868133818525,159.3442944418086,35786.81669235611
03 Jan 2026 08:37:08.535,203828.5348733305,-11.11760650787799,159.3661406755824,35786.82637389722
03 Jan 2026 08:42:08.535,204128.5348733654,-11.18115885064601,159.3885653126184,35786.83535141993
03 Jan 2026 08:47:08.535,204428.5348734003,-11.23930451830906,159.4115246400453,35786.84360774009
03 Jan 2026 08:47:42.975,204462.9749284359,-11.24563225286357,159.4141925772269,35786.84450869082
