CislunarSat.UTCGregorian,CislunarSat.ElapsedSecs,CislunarSat.A1ModJulian,Sun.LunaMJ2000Eq.X,Sun.LunaMJ2000Eq.Y,Sun.LunaMJ2000Eq.Z,Sun.LunaMJ2000Eq.VX,Sun.LunaMJ2000Eq.VY,Sun.LunaMJ2000Eq.VZ
01 Jun 2026 00:00:00.000,0,31192.50042863868,51535291.98883712,131262034.4099244,56936357.44161559,-28.47420567860902,9.579431093016781,4.131069455089264
01 Jun 2026 00:01:00.000,59.99999988125637,31192.50112308312,51533583.53203366,131262609.1631473,56936605.2998998,-28.4743545457044,9.579009708132729,4.130873368023824
01 Jun 2026 00:03:12.977,192.9773640003987,31192.50266217298,51529797.0654888,131263882.8925136,56937154.5836564,-28.47468439221309,9.578075777172174,4.130438775333095
01 Jun 2026 00:05:31.271,331.2713288585655,31192.50426279757,51525859.16478251,131265207.4154234,56937725.76715712,-28.47502730058061,9.577104477119519,4.12998679685783
01 Jun 2026 00:07:51.762,471.7620112700388,31192.50588884714,51521858.66430271,131266552.8400521,56938305.95956624,-28.47537552448425,9.576117717905772,4.129527628309289
01 Jun 2026 00:10:47.242,647.2417735378258,31192.50791986291,51516861.77402613,131268233.1467692,56939030.55777072,-28.47581028726996,9.574885163863986,4.128954089171725
01 Jun 2026 00:13:28.226,808.2256864872761,31192.50978310264,51512277.59456989,131269774.4582309,56939695.21060368,-28.47620895393798,9.573754385089261,4.12842791366215
01 Jun 2026 00:16:13.470,973.469702876173,31192.51169564913,51507572.03763293,131271356.3679549,56940377.36398838,-28.47661798965468,9.572593640591359,4.127887799416872
01 Jun 2026 00:19:16.509,1156.509349518456,31192.51381416355,51502359.64608834,131273108.4144371,56941132.87635671,-28.47707086180628,9.571307842356616,4.127289501395671
01 Jun 2026 00:22:47.231,1367.230694170576,31192.51625306801,51496358.86451767,131275125.1373296,56942002.51177789,-28.47759194495118,9.56982752403661,4.126600698381701
01 Jun 2026 00:26:54.270,1614.270219672471,31192.51911232177,51489323.69830623,131277489.0486056,56943021.84550737,-28.47820245822649,9.56809198254982,4.125793148569957
01 Jun 2026 00:31:41.530,1901.529652811587,31192.52243708373,51481142.96410788,131280237.2834114,56944206.88363171,-28.47891185266568,9.566073762796266,4.124854082335759
01 Jun 2026 00:37:14.064,2234.063729422633,31192.52628585777,51471672.61900779,131283417.9404439,56945578.35742346,-28.47973236230513,9.563737294239184,4.123766955771262
01 Jun 2026 00:43:44.694,2624.693727213889,31192.5308070383,51460547.39312284,131287153.2870099,56947188.97505897,-28.48069527229389,9.560992411079079,4.122489825662333
01 Jun 2026 00:51:33.355,3093.354889028706,31192.5362313573,51447199.3269341,131291633.381066,56949120.66685762,-28.48184917861081,9.557698907826428,4.120957472740078
01 Jun 2026 01:01:01.958,3661.957782693207,31192.54281240931,51431004.06751908,131297066.7801933,56951463.32661279,-28.48324717454055,9.553702614598231,4.11909819076737
01 Jun 2026 01:12:10.057,4330.057120753918,31192.55054504054,51411973.88098723,131303448.033853,56954214.56355297,-28.48488702270696,9.549006402786507,4.116913347443498
01 Jun 2026 01:24:55.614,5095.614430122077,31192.55940565754,51390166.34942596,131310756.2854031,56957365.33825987,-28.48676239437513,9.543624304129048,4.114409507845036
01 Jun 2026 01:39:30.649,5970.649442612194,31192.56953337759,51365238.4988298,131319104.598922,56960964.33837094,-28.48890112779763,9.537471459284053,4.11154723909589
01 Jun 2026 01:56:16.622,6976.621897111181,31192.5811765773,51336578.21494824,131328695.4740133,56965098.78632653,-28.49135353409165,9.530396501542834,4.108256186556825
01 Jun 2026 02:15:38.735,8138.73460998293,31192.59462695592,51303466.40868837,131339766.1190236,56969870.83366434,-28.49417811416806,9.522221538748662,4.104453683488026
01 Jun 2026 02:40:02.206,9602.205773955211,31192.61156527958,51261763.4055769,131353694.0808266,56975874.07873701,-28.49772223649653,9.511923810765678,4.099664161976916
01 Jun 2026 03:09:01.008,11341.00830039242,31192.63169030882,51212207.84654664,131370222.7978655,56982997.63675086,-28.5019143936356,9.499684643003224,4.093972199624718
01 Jun 2026 03:39:01.008,13141.00830028765,31192.65252364215,51160900.51096128,131387310.8238419,56990361.48250251,-28.50623264150603,9.487010120126568,4.088078383255239
01 Jun 2026 04:09:01.008,14941.0083004972,31192.67335697549,51109585.42216379,131404376.0315233,56997714.71801738,-28.51052905157419,9.474330986027935,4.082183050615346
01 Jun 2026 04:39:01.008,16741.00830039242,31192.69419030882,51058262.61951043,131421418.4126555,57005057.34059246,-28.51480361011303,9.46164730509703,4.07628623656545
01 Jun 2026 05:09:01.008,18541.00830028765,31192.71502364215,51006932.14231925,131438437.9591213,57012389.3475964,-28.51905630364159,9.448959141743362,4.070387975966564
01 Jun 2026 05:39:01.008,20341.0083004972,31192.73585697549,50955594.02996819,131455434.6629071,57019710.73645552,-28.52328711891659,9.436266560420108,4.064488303691351
01 Jun 2026 06:09:01.008,22141.00830039242,31192.75669030882,50904248.32184982,131472408.5161188,57027021.5046602,-28.52749604293611,9.423569625612544,4.058587254618718
01 Jun 2026 06:39:01.008,23941.00830028765,31192.77752364215,50852895.05738892,131489359.5109751,57034321.64976233,-28.53168306293796,9.410868401841986,4.052684863635614
01 Jun 2026 07:09:01.008,25741.0083004972,31192.79835697549,50801534.27600606,131506287.6398199,57041611.1693804,-28.53584816640254,9.398162953656424,4.046781165632647
01 Jun 2026 07:39:01.008,27541.00830039242,31192.81919030882,50750166.01717108,131523192.8951045,57048890.06119194,-28.53999134104826,9.38545334564334,4.040876195510013
01 Jun 2026 08:09:01.008,29341.00830028765,31192.84002364215,50698790.3203757,131540075.2693963,57056158.32293725,-28.54411257483369,9.37273964242258,4.034969988174143
01 Jun 2026 08:39:01.008,31141.0083004972,31192.86085697549,50647407.22509721,131556934.755391,57063415.95242461,-28.54821185596023,9.360021908636975,4.029062578533322
01 Jun 2026 09:09:01.008,32941.00830039242,31192.88169030882,50596016.77089671,131573771.34588,57070662.94751618,-28.55228917286419,9.347300208976298,4.023154001508787
01 Jun 2026 09:39:01.008,34741.00830028765,31192.90252364215,50544618.99729312,131590585.0337918,57077899.30614591,-28.55634451422659,9.33457460814568,4.017244292020024
01 Jun 2026 10:09:01.008,36541.0083004972,31192.92335697549,50493213.94386141,131607375.8121596,57085125.02630556,-28.56037786896523,9.321845170889588,4.01133348499587
01 Jun 2026 10:39:01.008,38341.00830039242,31192.94419030882,50441801.65019625,131624143.6741333,57092340.10604972,-28.56438922623742,9.309111961982447,4.005421615370139
01 Jun 2026 11:09:01.008,40141.00830028765,31192.96502364215,50390382.15588471,131640888.6129879,57099544.54349967,-28.56837857544192,9.29637504622152,3.999508718078273
01 Jun 2026 11:39:01.008,41941.0083004972,31192.98585697549,50338955.50055967,131657610.6221067,57106738.33683581,-28.5723459062146,9.283634488439766,3.993594828063293
01 Jun 2026 12:09:01.008,43741.00830039242,31193.00669030882,50287521.72386343,131674309.6949922,57113921.48430269,-28.57629120843114,9.270890353496492,3.987679980271423
01 Jun 2026 12:39:01.008,45541.00830028765,31193.02752364215,50236080.86546532,131690985.8252612,57121093.9842065,-28.58021447220548,9.258142706281332,3.981764209653912
01 Jun 2026 13:09:01.008,47341.0083004972,31193.04835697549,50184632.96501631,131707639.0066587,57128255.83492137,-28.58411568789312,9.245391611702676,3.975847551161631
01 Jun 2026 13:39:01.008,49141.00830039242,31193.06919030882,50133178.06224737,131724269.2330262,57135407.0348756,-28.58799484608346,9.232637134711689,3.969930039756192
01 Jun 2026 14:09:01.008,50941.00830028765,31193.09002364215,50081716.19685233,131740876.4983396,57142547.58256791,-28.59185193760853,9.219879340272927,3.96401171039629
01 Jun 2026 14:39:01.008,52741.0083004972,31193.11085697549,50030247.40854131,131757460.7966919,57149677.47655991,-28.59568695353872,9.207118293377233,3.958092598043649
01 Jun 2026 15:09:01.008,54541.00830039242,31193.13169030882,49978771.73709416,131774022.1222756,57156796.71546873,-28.59949988517866,9.194354059054676,3.952172737669005
01 Jun 2026 15:39:01.008,56341.00830028765,31193.15252364215,49927289.22224327,131790560.4694205,57163905.29798312,-28.60329072407579,9.181586702345134,3.946252164238428
01 Jun 2026 16:09:01.008,58141.0083004972,31193.17335697549,49875799.90377203,131807075.832562,57171003.22284983,-28.60705946201282,9.16881628832237,3.940330912724463
01 Jun 2026 16:39:01.008,59941.00830039242,31193.19419030882,49824303.82146937,131823568.2062555,57178090.48887977,-28.61080609101097,9.15604288208246,3.934409018100737
01 Jun 2026 17:09:01.008,61741.00830028765,31193.21502364215,49772801.01514738,131840037.5851707,57185167.09494558,-28.61453060332846,9.143266548747809,3.928486515343794
01 Jun 2026 17:39:01.008,63541.0083004972,31193.23585697549,49721291.52459588,131856483.9641061,57192233.03998781,-28.61823299146365,9.130487353455578,3.922563439427697
01 Jun 2026 18:09:01.008,65341.00830039242,31193.25669030882,49669775.38968098,131872907.3379574,57199288.32300133,-28.62191324814771,9.117705361381793,3.91663982533519
01 Jun 2026 18:39:01.008,67141.00830028765,31193.27752364215,49618252.65022763,131889307.7017547,57206332.94305136,-28.62557136635297,9.104920637711924,3.910715708044024
01 Jun 2026 19:09:01.008,68941.0083004972,31193.29835697549,49566723.34607326,131905685.0506457,57213366.89926608,-28.62920733928875,9.092133247653848,3.904791122532939
01 Jun 2026 19:39:01.008,70741.00830039242,31193.31919030882,49515187.51712129,131922039.379878,57220390.19082926,-28.63282116039751,9.079343256450828,3.898866103787666
01 Jun 2026 20:09:01.008,72541.00830028765,31193.34002364215,49463645.20322372,131938370.6848369,57227402.81699626,-28.63641282336292,9.066550729352084,3.892940686787247
01 Jun 2026 20:39:01.008,74341.0083004972,31193.36085697549,49412096.44427972,131954678.9610137,57234404.77708048,-28.63998232210272,9.053755731636945,3.887014906515214
01 Jun 2026 21:09:01.008,76141.00830039242,31193.38169030882,49360541.2801902,131970964.20402,57241396.07045949,-28.64352965077176,9.040958328603276,3.881088797954194
01 Jun 2026 21:39:01.008,77941.00830028765,31193.40252364215,49308979.75087538,131987226.4095822,57248376.69657265,-28.64705480376058,9.028158585571544,3.875162396087775
01 Jun 2026 22:09:01.008,79741.0083004972,31193.42335697549,49257411.89623831,132003465.5735529,57255346.65492594,-28.6505577756977,9.015356567875495,3.869235735896151
01 Jun 2026 22:39:01.008,81541.00830039242,31193.44419030882,49205837.7562186,132019681.6918935,57262305.94508462,-28.65403856144581,9.002552340875141,3.863308852362133
01 Jun 2026 23:09:01.008,83341.00830028765,31193.46502364215,49154257.37076479,132035874.7606833,57269254.56667698,-28.65749715610344,8.9897459699497,3.857381780467837
01 Jun 2026 23:39:01.008,85141.0083004972,31193.48585697549,49102670.7797981,132052044.7761306,57276192.51939905,-28.66093355500724,8.976937520488242,3.851454555190335
02 Jun 2026 00:09:01.008,86941.00830039242,31193.50669030882,49051078.02331091,132068191.7345417,57283119.8030014,-28.66434775372513,8.964127057913911,3.84552721151285
02 Jun 2026 00:39:01.008,88741.00830028765,31193.52752364215,48999479.14124037,132084315.6323602,57290036.41730601,-28.66773974806466,8.951314647652234,3.839599784410058
02 Jun 2026 01:09:01.008,90541.0083004972,31193.54835697549,48947874.17356692,132100416.4661364,57296942.36219299,-28.67110953406615,8.938500355155366,3.833672308859286
02 Jun 2026 01:39:01.008,92341.00830039242,31193.56919030882,48896263.16027801,132116494.2325384,57303837.6376054,-28.67445710800503,8.925684245892739,3.827744819836167
02 Jun 2026 02:09:01.008,94141.00830028765,31193.59002364215,48844646.14134047,132132548.9283605,57310722.24355288,-28.67778246639336,8.912866385344014,3.821817352311353
02 Jun 2026 02:39:01.008,95941.0083004972,31193.61085697549,48793023.15675431,132148580.5505067,57317596.1801044,-28.68108560597619,8.90004683901212,3.815889941256526
02 Jun 2026 03:09:01.008,97741.00830039242,31193.63169030882,48741394.2465161,132164589.0960013,57324459.44739307,-28.68436652373375,8.887225672413962,3.809962621640076
02 Jun 2026 03:39:01.008,99541.00830028765,31193.65252364215,48689759.45063671,132180574.5619843,57331312.04561376,-28.68762521688014,8.87440295108453,3.804035428428979
02 Jun 2026 04:09:01.008,101341.0083004972,31193.67335697549,48638118.8091047,132196536.9457215,57338153.97502784,-28.69086168286541,8.861578740567591,3.798108396584478
02 Jun 2026 04:39:01.008,103141.0083003924,31193.69419030882,48586472.36194013,132212476.2445887,57344985.23595607,-28.69407591937207,8.848753106428784,3.792181561068108
02 Jun 2026 05:09:01.008,104941.0083002876,31193.71502364215,48534820.14916697,132228392.4560796,57351805.82878209,-28.69726792431656,8.835926114248554,3.786254956838412
02 Jun 2026 05:39:01.008,106741.0083004972,31193.73585697549,48483162.21077669,132244285.5778171,57358615.75395726,-28.70043769585137,8.823097829612847,3.780328618846622
02 Jun 2026 06:09:01.008,108541.0083003924,31193.75669030882,48431498.58682699,132260155.6075227,57365415.0119875,-28.70358523235876,8.810268318137426,3.774402582047871
02 Jun 2026 06:39:01.008,110341.0083002876,31193.77752364215,48379829.31731512,132276002.5430555,57372203.60344996,-28.70671053245836,8.797437645436167,3.768476881386523
02 Jun 2026 07:09:01.008,112141.0083004972,31193.79835697549,48328154.44227673,132291826.3823816,57378981.52897997,-28.70981359500093,8.784605877145379,3.762551551807396
02 Jun 2026 07:39:01.008,113941.0083003924,31193.81919030882,48276474.0017493,132307627.1235851,57385748.78927575,-28.71289441907043,8.771773078914519,3.756626628251443
02 Jun 2026 08:09:01.008,115741.0083002876,31193.84002364215,48224788.03574467,132323404.764877,57392505.38510193,-28.7159530039855,8.75893931639914,3.750702145652486
02 Jun 2026 08:39:01.008,117541.0083004972,31193.86085697549,48173096.5843028,132339159.3045777,57399251.31728249,-28.71898934929602,8.746104655274038,3.744778138943258
02 Jun 2026 09:09:01.008,119341.0083003924,31193.88169030882,48121399.68745518,132354890.7411289,57405986.58670547,-28.72200345478519,8.733269161223967,3.738854643051099
02 Jun 2026 09:39:01.008,121141.0083002876,31193.90252364215,48069697.38524255,132370599.0730877,57412711.1943206,-28.72499532046823,8.720432899947815,3.732931692899867
02 Jun 2026 10:09:01.008,122941.0083004972,31193.92335697549,48017989.7176693,132386284.2991405,57419425.14114518,-28.72796494659492,8.707595937147079,3.727009323404608
02 Jun 2026 10:39:01.008,124741.0083003924,31193.94419030882,47966276.72480235,132401946.4180727,57426128.42825109,-28.73091233364369,8.694758338550258,3.721087569482773
02 Jun 2026 11:09:01.008,126541.0083002876,31193.96502364215,47914558.44665336,132417585.4288044,57432821.05678014,-28.73383748232822,8.681920169883384,3.715166466040619
02 Jun 2026 11:39:01.008,128341.0083004972,31193.98585697549,47862834.9232325,132433201.3303743,57439503.02793694,-28.73674039359419,8.669081496883191,3.709246047979267
02 Jun 2026 12:09:01.008,130141.0083003924,31194.00669030882,47811106.19460225,132448794.1219228,57446174.34298193,-28.73962106861607,8.656242385310282,3.703326350200749
02 Jun 2026 12:39:01.008,131941.0083002876,31194.02752364215,47759372.30075952,132464363.8027278,57452835.00324651,-28.74247950880363,8.64340290091971,3.697407407594423
02 Jun 2026 13:09:01.008,133741.0083004972,31194.04835697549,47707633.28173458,132479910.3721747,57459485.01012021,-28.74531571579618,8.630563109485342,3.691489255048197
02 Jun 2026 13:39:01.008,135541.0083003924,31194.06919030882,47655889.17755458,132495433.8297672,57466124.36505538,-28.74812969146449,8.617723076790632,3.685571927444253
02 Jun 2026 14:09:01.008,137341.0083002876,31194.09002364215,47604140.02821597,132510934.1751359,57472753.06957065,-28.7509214379121,8.604882868621619,3.679655459655801
02 Jun 2026 14:39:01.008,139141.0083004972,31194.11085697549,47552385.87373833,132526411.4080213,57479371.12524388,-28.75369095747228,8.592042550780116,3.673739886553142
02 Jun 2026 15:09:01.008,140941.0083003924,31194.13169030882,47500626.75412777,132541865.5282852,57485978.53371689,-28.7564382527098,8.579202189074477,3.667825242999403
02 Jun 2026 15:39:01.008,142741.0083002876,31194.15252364215,47448862.70939463,132557296.5359052,57492575.29669309,-28.75916332641987,8.56636184932383,3.661911563852456
02 Jun 2026 16:09:01.008,144541.0083004972,31194.17335697549,47397093.77950787,132572704.4309882,57499161.41594324,-28.76186618163037,8.553521597346606,3.655998883959631
02 Jun 2026 16:39:01.008,146341.0083003924,31194.19419030882,47345320.00449403,132588089.2137407,57505736.89329274,-28.76454682159656,8.54068149898495,3.65008723816894
02 Jun 2026 17:09:01.008,148141.0083002876,31194.21502364215,47293541.42431937,132603450.8845037,57512301.73063666,-28.76720524980701,8.527841620075357,3.644176661315528
02 Jun 2026 17:39:01.008,149941.0083004972,31194.23585697549,47241758.07894367,132618789.443737,57518855.92993268,-28.7698414699807,8.515002026461838,3.63826718822774
02 Jun 2026 18:09:01.008,151741.0083003924,31194.25669030882,47189970.00837401,132634104.8920026,57525399.49319437,-28.77245548606414,8.502162784009176,3.632358853733186
02 Jun 2026 18:39:01.008,153541.0083002876,31194.27752364215,47138177.25254695,132649397.2299998,57531932.42250598,-28.7750473022372,8.489323958573531,3.626451692645211
02 Jun 2026 19:09:01.008,155341.0083004972,31194.29835697549,47086379.85142738,132664666.458536,57538454.7200098,-28.777616922908,8.476485616026876,3.620545739774113
02 Jun 2026 19:39:01.008,157141.0083003924,31194.31919030882,47034577.84497216,132679912.578537,57544966.38791081,-28.7801643527146,8.463647822247806,3.61464102992291
02 Jun 2026 20:09:01.008,158941.0083002876,31194.34002364215,46982771.27310239,132695135.5910551,57551467.42848004,-28.78268959652625,8.450810643114588,3.608737597884124
02 Jun 2026 20:39:01.008,160741.0083004972,31194.36085697549,46930960.17575733,132710335.4972534,57557957.84404773,-28.78519265944055,8.437974144518407,3.602835478445852
02 Jun 2026 21:09:01.008,162541.0083003924,31194.38169030882,46879144.59285787,132725512.2984162,57564437.63700785,-28.78767354678519,8.425138392354183,3.59693470638754
02 Jun 2026 21:39:01.008,164341.0083002876,31194.40252364215,46827324.5643241,132740665.9959436,57570906.80981587,-28.79013226411698,8.412303452524847,3.591035316481922
02 Jun 2026 22:09:01.008,166141.0083004972,31194.42335697549,46775500.13003877,132755796.5913625,57577365.36499321,-28.7925688172234,8.399469390932174,3.585137343490799
02 Jun 2026 22:39:01.008,167941.0083003924,31194.44419030882,46723671.32990116,132770904.0863104,57583813.30512043,-28.79498321211999,8.38663627349003,3.579240822171116
02 Jun 2026 23:09:01.008,169741.0083002876,31194.46502364215,46671838.20379951,132785988.4825435,57590250.63284074,-28.79737545505156,8.373804166117456,3.573345787271763
02 Jun 2026 23:39:01.008,171541.0083004972,31194.48585697549,46620000.79157442,132801049.781947,57596677.35086431,-28.7997455524937,8.360973134729518,3.567452273529357
03 Jun 2026 00:09:01.008,173341.0083003924,31194.50669030882,46568159.13311795,132816087.9865067,57603093.46195599,-28.80209351114819,8.348143245261763,3.561560315679469
03 Jun 2026 00:39:01.008,175141.0083002876,31194.52752364215,46516313.26824659,132831103.098345,57609498.96895102,-28.80441933794868,8.335314563638677,3.555669948442115
03 Jun 2026 01:09:01.008,176941.0083004972,31194.54835697549,46464463.23680029,132846095.119693,57615893.8747426,-28.80672304005608,8.322487155798141,3.549781206532979
03 Jun 2026 01:39:01.008,178741.0083003924,31194.56919030882,46412609.07860596,132861064.0529002,57622278.18228646,-28.80900462486013,8.309661087682306,3.543894124659211
03 Jun 2026 02:09:01.008,180541.0083002876,31194.59002364215,46360750.83344983,132876009.9004425,57628651.89460412,-28.81126409998058,8.296836425230703,3.538008737516238
03 Jun 2026 02:39:01.008,182341.0083004972,31194.61085697549,46308888.5411313,132890932.664907,57635015.01477621,-28.81350147326462,8.284013234393507,3.532125079793862
03 Jun 2026 03:09:01.008,184141.0083003924,31194.63169030882,46257022.24142648,132905832.3490019,57641367.54594688,-28.81571675278852,8.271191581122437,3.52624318617204
03 Jun 2026 03:39:01.008,185941.0083002876,31194.65252364215,46205151.97410575,132920708.9555516,57647709.49132162,-28.81790994685672,8.258371531375049,3.520363091322873
03 Jun 2026 04:09:01.008,187741.0083004972,31194.67335697549,46153277.77889717,132935562.487507,57654040.85417164,-28.82008106400337,8.245553151105653,3.5144848299064
03 Jun 2026 04:39:01.008,189541.0083003924,31194.69419030882,46101399.6955404,132950392.94793,57660361.6378272,-28.82223011298988,8.232736506278588,3.508608436576687
03 Jun 2026 05:09:01.008,191341.0083002876,31194.71502364215,46049517.76375913,132965200.340001,57666671.84568092,-28.82435710280618,8.219921662861349,3.502733945978662
03 Jun 2026 05:39:01.008,193141.0083004972,31194.73585697549,45997632.02322443,132979984.6670298,57672971.4811922,-28.826462042672,8.207108686815511,3.496861392743936
03 Jun 2026 06:09:01.008,194941.0083003924,31194.75669030882,45945742.51365398,132994745.9324267,57679260.54787507,-28.82854494203288,8.194297644121198,3.490990811502008
03 Jun 2026 06:39:01.008,196741.0083002876,31194.77752364215,45893849.27469388,133009484.1397362,57685539.04931245,-28.83060581056488,8.181488600747869,3.485122236866864
03 Jun 2026 07:09:01.008,198541.0083004972,31194.79835697549,45841952.34597267,133024199.2926217,57691806.98914959,-28.83264465817232,8.168681622667593,3.479255703443054
03 Jun 2026 07:39:01.008,200341.0083003924,31194.81919030882,45790051.76715513,133038891.3948497,57698064.37108742,-28.83466149498565,8.155876775868379,3.473391245831771
03 Jun 2026 08:09:01.008,202141.0083002876,31194.84002364215,45738147.57782421,133053560.4503238,57704311.19889682,-28.83665633136608,8.143074126324935,3.467528898617461
03 Jun 2026 08:39:01.008,203941.0083004972,31194.86085697549,45686239.81758029,133068206.4630556,57710547.47640653,-28.83862917790163,8.130273740023187,3.46166869637903
03 Jun 2026 09:09:01.008,205741.0083003924,31194.88169030882,45634328.52600443,133082829.437176,57716773.20750753,-28.84058004540855,8.117475682951202,3.455810673685671
03 Jun 2026 09:39:01.008,207541.0083002876,31194.90252364215,45582413.74263085,133097429.376942,57722988.39615627,-28.84250894493237,8.104680021092372,3.449954865093746
03 Jun 2026 10:09:01.008,209341.0083004972,31194.92335697549,45530495.50700088,133112006.2867219,57729193.04636816,-28.84441588774581,8.09188682043872,3.444101305152853
03 Jun 2026 10:39:01.008,211141.0083003924,31194.94419030882,45478573.85862627,133126560.1710051,57735387.16222185,-28.84630088535018,8.079096146981856,3.438250028401676
03 Jun 2026 11:09:01.008,212941.0083002876,31194.96502364215,45426648.83700696,133141091.0343976,57741570.74785707,-28.84816394947471,8.066308066717356,3.432401069369975
03 Jun 2026 11:39:01.008,214741.0083004972,31194.98585697549,45374720.48159434,133155598.8816315,57747743.80747897,-28.85000509207789,8.053522645635709,3.42655446257444
03 Jun 2026 12:09:01.008,216541.0083003924,31195.00669030882,45322788.83184527,133170083.7175503,57753906.34535152,-28.85182432534551,8.04073994973565,3.420710242524767
03 Jun 2026 12:39:01.008,218341.0083002876,31195.02752364215,45270853.92719449,133184545.547116,57760058.36580086,-28.85362166169173,8.027960045017352,3.414868443720539
03 Jun 2026 13:09:01.008,220141.0083004972,31195.04835697549,45218915.80701793,133198984.3754199,57766199.87321949,-28.85539711376031,8.015182997473424,3.409029100647095
03 Jun 2026 13:39:01.008,221941.0083003924,31195.06919030882,45166974.510732,133213400.2076541,57772330.87205447,-28.85715069442122,8.002408873113367,3.403192247786699
03 Jun 2026 14:09:01.008,223741.0083002876,31195.09002364215,45115030.07767533,133227793.0491449,57778451.36682134,-28.85888241677477,7.989637737934498,3.397357919605235
03 Jun 2026 14:39:01.008,225541.0083004972,31195.11085697549,45063082.54716279,133242162.9053371,57784561.36209767,-28.86059229414974,7.976869657935262,3.391526150558279
03 Jun 2026 15:09:01.008,227341.0083003924,31195.13169030882,45011131.95853944,133256509.7817795,57790660.86251666,-28.8622803401017,7.964104699128527,3.385696975097167
03 Jun 2026 15:39:01.008,229141.0083002876,31195.15252364215,44959178.35106228,133270833.6841571,57796749.87278093,-28.86394656841691,7.95134292751254,3.379870427655701
03 Jun 2026 16:09:01.008,230941.0083004972,31195.17335697549,44907221.76399951,133285134.6182638,57802828.39765085,-28.86559099310919,7.938584409095386,3.374046542661322
03 Jun 2026 16:39:01.008,232741.0083003924,31195.19419030882,44855262.23659398,133299412.5900122,57808896.44194874,-28.86721362842113,7.925829209885991,3.368225354530981
03 Jun 2026 17:09:01.008,234541.0083002876,31195.21502364215,44803299.80803542,133313667.6054413,57814954.01056205,-28.86881448882504,7.913077395887405,3.36240689766806
03 Jun 2026 17:39:01.008,236341.0083004972,31195.23585697549,44751334.51751453,133327899.6707015,57821001.10843693,-28.87039358902138,7.900329033110085,3.356591206468428
03 Jun 2026 18:09:01.008,238141.0083003924,31195.25669030882,44699366.40418631,133342108.7920643,57827037.74058255,-28.87195094393991,7.887584187562958,3.350778315316338
03 Jun 2026 18:39:01.008,239941.0083002876,31195.27752364215,44647395.5071877,133356294.9759176,57833063.91206887,-28.87348656873933,7.874842925257802,3.344968258586426
03 Jun 2026 19:09:01.008,241741.0083004972,31195.29835697549,44595421.86560097,133370458.2287757,57839079.62803087,-28.8750004788084,7.862105312200303,3.339161070639611
03 Jun 2026 19:39:01.008,243541.0083003924,31195.31919030882,44543445.51850767,133384598.5572641,57845084.89366224,-28.87649268976449,7.849371414403375,3.333356785829153
03 Jun 2026 20:09:01.008,245341.0083002876,31195.34002364215,44491466.50496106,133398715.9681273,57851079.7142185,-28.87796321745452,7.836641297880421,3.327555438497577
03 Jun 2026 20:39:01.008,247141.0083004972,31195.36085697549,44439484.86394936,133412810.4682382,57857064.09502113,-28.87941207795608,7.82391502863641,3.321757062972588
03 Jun 2026 21:09:01.008,248941.0083003924,31195.38169030882,44387500.63449515,133426882.0645718,57863038.04144609,-28.88083928757478,7.811192672692302,3.31596169357818
03 Jun 2026 21:39:01.008,250741.0083002876,31195.40252364215,44335513.85553706,133440930.764236,57869001.55893742,-28.88224486284772,7.798474296056105,3.31016936462145
03 Jun 2026 22:09:01.008,252541.0083004972,31195.42335697549,44283524.56598366,133454956.5744582,57874954.6530008,-28.88362882054209,7.785759964736188,3.304380110398637
03 Jun 2026 22:39:01.008,254341.0083003924,31195.44419030882,44231532.80476768,133468959.5025694,57880897.3291975,-28.88499117765388,7.773049744754579,3.298593965201166
03 Jun 2026 23:09:01.008,256141.0083002876,31195.46502364215,44179538.61072741,133482939.5560368,57886829.5931577,-28.88633195141124,7.760343702118056,3.292810963302478
03 Jun 2026 23:39:01.008,257941.0083004972,31195.48585697549,44127542.02270635,133496896.7424365,57892751.45056916,-28.88765115927197,7.747641902842567,3.287031138969124
04 Jun 2026 00:09:01.008,259741.0083003924,31195.50669030882,44075543.07951627,133510831.0694637,57898662.90718129,-28.88894881892469,7.734944412944302,3.281254526456688
04 Jun 2026 00:39:01.008,261541.0083002876,31195.52752364215,44023541.81990969,133524742.5449394,57904563.96880826,-28.89022494828972,7.722251298433045,3.275481160006751
04 Jun 2026 01:09:01.008,263341.0083004972,31195.54835697549,43971538.28263392,133538631.1767964,57910454.64132275,-28.8914795655179,7.709562625325445,3.269711073852913
04 Jun 2026 01:39:01.008,265141.0083003924,31195.56919030882,43919532.5063943,133552496.9730886,57916334.93066011,-28.89271268899171,7.696878459636136,3.263944302216734
04 Jun 2026 02:09:01.008,266941.0083002876,31195.59002364215,43867524.52987195,133566339.9419863,57922204.8428162,-28.89392433732509,7.684198867382163,3.258180879309736
04 Jun 2026 02:39:01.008,268741.0083004972,31195.61085697549,43815514.39168701,133580160.091786,57928064.38385163,-28.89511452936444,7.671523914574098,3.252420839329345
04 Jun 2026 03:09:01.008,270541.0083003924,31195.63169030882,43763502.13045279,133593957.4308956,57933913.55988534,-28.89628328418766,7.658853667229327,3.24666421646492
04 Jun 2026 03:39:01.008,272341.0083002876,31195.65252364215,43711487.78474799,133607731.9678421,57939752.37709793,-28.89743062110499,7.646188191365396,3.240911044894704
04 Jun 2026 04:09:01.008,274141.0083004972,31195.67335697549,43659471.39308006,133621483.7112806,57945580.84173551,-28.89855655966008,7.633527552991159,3.235161358781796
04 Jun 2026 04:39:01.008,275941.0083003924,31195.69419030882,43607452.99398459,133635212.6699686,57951398.96009859,-28.89966111962805,7.620871818131094,3.229415192285169
04 Jun 2026 05:09:01.008,277741.0083002876,31195.71502364215,43555432.62590693,133648918.8527964,57957206.73855526,-28.90074432101834,7.608221052796557,3.223672579546609
04 Jun 2026 05:39:01.008,279541.0083004972,31195.73585697549,43503410.32725616,133662602.2687736,57963004.183535,-28.90180618407378,7.595575322999063,3.217933554696719
04 Jun 2026 06:09:01.008,281341.0083003924,31195.75669030882,43451386.1364592,133676262.9270138,57968791.30152268,-28.90284672926977,7.582934694763515,3.212198151860912
04 Jun 2026 06:39:01.008,283141.0083002876,31195.77752364215,43399360.09185147,133689900.8367641,57974568.09907066,-28.90386597731684,7.570299234101707,3.206466405147364
04 Jun 2026 07:09:01.008,284941.0083004972,31195.79835697549,43347332.23173083,133703516.0073904,57980334.58279265,-28.90486394915978,7.557669007025595,3.200738348653023
04 Jun 2026 07:39:01.008,286741.0083003924,31195.81919030882,43295302.59441175,133717108.4483629,57986090.75935772,-28.90584066597699,7.545044079560512,3.195014016469578
04 Jun 2026 08:09:01.008,288541.0083002876,31195.84002364215,43243271.21810679,133730678.1692875,57991836.63550329,-28.90679614918297,7.532424517716511,3.189293442670448
04 Jun 2026 08:39:01.008,290341.0083004972,31195.86085697549,43191238.14102609,133744225.1798793,57997572.21802413,-28.90773042042684,7.519810387512628,3.183576661321761
04 Jun 2026 09:09:01.008,292141.0083003924,31195.88169030882,43139203.40134062,133757749.4899724,58003297.51377629,-28.90864350159336,7.507201754968056,3.177863706478338
04 Jun 2026 09:39:01.008,293941.0083002876,31195.90252364215,43087167.03715446,133771251.1095267,58009012.52968012,-28.90953541480372,7.49459868609556,3.172154612180684
04 Jun 2026 10:09:01.008,295741.0083004972,31195.92335697549,43035129.08655892,133784730.0486139,58014717.27271422,-28.91040618241497,7.482001246914691,3.16644941246096
04 Jun 2026 10:39:01.008,297541.0083003924,31195.94419030882,42983089.5875958,133798186.3174268,58020411.74991947,-28.91125582702104,7.469409503442982,3.160748141338968
04 Jun 2026 11:09:01.008,299341.0083002876,31195.96502364215,42931048.57827508,133811619.9262748,58026095.96839698,-28.91208437145277,7.456823521700367,3.155050832824134
04 Jun 2026 11:39:01.008,301141.0083004972,31195.98585697549,42879006.09653817,133825030.885593,58031769.93531197,-28.91289183877895,7.444243367700392,3.14935752091151
04 Jun 2026 12:09:01.008,302941.0083003924,31196.00669030882,42826962.18031199,133838419.2059285,58037433.65788797,-28.91367825230578,7.431669107463411,3.143668239587718
04 Jun 2026 12:39:01.008,304741.0083002876,31196.02752364215,42774916.86748135,133851784.8979471,58043087.1434096,-28.9144436355778,7.41910080701,3.137983022827956
04 Jun 2026 13:09:01.008,306541.0083004972,31196.04835697549,42722870.19586112,133865127.9724407,58048730.39922564,-28.91518801237862,7.406538532354382,3.132301904592994
04 Jun 2026 13:39:01.008,308341.0083003924,31196.06919030882,42670822.2032505,133878448.4403125,58054363.43274301,-28.91591140673064,7.393982349517617,3.126624918835118
04 Jun 2026 14:09:01.008,310141.0083002876,31196.09002364215,42618772.92740515,133891746.3125851,58059986.25142969,-28.91661384289582,7.381432324521004,3.120952099495124
04 Jun 2026 14:39:01.008,311941.0083004972,31196.11085697549,42566722.40600052,133905021.6004089,58065598.86281876,-28.91729534537666,7.368888523377348,3.115283480498347
04 Jun 2026 15:09:01.008,313741.0083003924,31196.13169030882,42514670.6767314,133918274.315037,58071201.27449745,-28.91795593891532,7.356351012115057,3.109619095765519
04 Jun 2026 15:39:01.008,315541.0083002876,31196.15252364215,42462617.77719323,133931504.4678553,58076793.49411986,-28.91859564849564,7.343819856749677,3.103958979199892
04 Jun 2026 16:09:01.008,317341.0083004972,31196.17335697549,42410563.74493629,133944712.0703683,58082375.5294012,-28.91921449934289,7.331295123297046,3.098303164693152
04 Jun 2026 16:39:01.008,319141.0083003924,31196.19419030882,42358508.6175198,133957897.1341858,58087947.38811173,-28.91981251692366,7.318776877786422,3.092651686131313
04 Jun 2026 17:09:01.008,320941.0083002876,31196.21502364215,42306452.43239324,133971059.6710523,58093509.07808959,-28.92038972694774,7.30626518623205,3.087004577381868
04 Jun 2026 17:39:01.008,322741.0083004972,31196.23585697549,42254395.22699599,133984199.6928221,58099060.60722993,-28.92094615536744,7.293760114657237,3.081361872304609
04 Jun 2026 18:09:01.008,324541.0083003924,31196.25669030882,42202337.0387205,133997317.2114682,58104601.98348884,-28.92148182837862,7.281261729085589,3.075723604747663
04 Jun 2026 18:39:01.008,326341.0083002876,31196.27752364215,42150277.90488455,134010412.2390896,58110133.21488628,-28.92199677242142,7.268770095534478,3.070089808544504
04 Jun 2026 19:09:01.008,328141.0083004972,31196.29835697549,42098217.86278539,134023484.7878969,58115654.30950014,-28.9224910141803,7.256285280028139,3.06446051751984
04 Jun 2026 19:39:01.008,329941.0083003924,31196.31919030882,42046156.94967204,134036534.8702198,58121165.27546921,-28.92296458058485,7.243807348591126,3.058835765486621
04 Jun 2026 20:09:01.008,331741.0083002876,31196.34002364215,41994095.20271753,134049562.4985135,58126666.12099604,-28.92341749881064,7.231336367241768,3.053215586243065
04 Jun 2026 20:39:01.008,333541.0083004972,31196.36085697549,41942032.65907303,134062567.6853454,58132156.85434107,-28.92384979627928,7.218872402005238,3.047600013578525
04 Jun 2026 21:09:01.008,335341.0083003924,31196.38169030882,41889969.35583103,134075550.4434039,58137637.48382658,-28.92426150065932,7.20641551890485,3.041989081269518
04 Jun 2026 21:39:01.008,337141.0083002876,31196.40252364215,41837905.3300431,134088510.7854941,58143108.01783462,-28.92465263986677,7.193965783966385,3.036382823081655
04 Jun 2026 22:09:01.008,338941.0083004972,31196.42335697549,41785840.61868306,134101448.7245465,58148568.46481089,-28.92502324206593,7.181523263209399,3.03078127276569
04 Jun 2026 22:39:01.008,340741.0083003924,31196.44419030882,41733775.25870107,134114364.2736037,58154018.83325899,-28.92537333566959,7.169088022660262,3.025184464063353
04 Jun 2026 23:09:01.008,342541.0083002876,31196.46502364215,41681709.28699595,134127257.4458275,58159459.13174324,-28.92570294933999,7.1566601283456,3.019592430704369
04 Jun 2026 23:39:01.008,344341.0083004972,31196.48585697549,41629642.74037831,134140128.2545071,58164889.36889245,-28.92601211198954,7.144239646283626,3.014005206402518
05 Jun 2026 00:09:01.008,346141.0083003924,31196.50669030882,41577575.65567015,134152976.7130351,58170309.55338943,-28.92630085278111,7.131826642507967,3.008422824866317
05 Jun 2026 00:39:01.008,347941.0083002876,31196.52752364215,41525508.0695862,134165802.8349363,58175719.69398342,-28.92656920112908,7.119421183039464,3.002845319786303
05 Jun 2026 01:09:01.008,349741.0083004972,31196.54835697549,41473440.01878801,134178606.6338543,58181119.79948423,-28.92681718669961,7.107023333899177,2.99727272484086
05 Jun 2026 01:39:01.008,351541.0083003924,31196.56919030882,41421371.53993805,134191388.1235382,58186509.87875662,-28.92704483941162,7.094633161121306,2.991705073701961
05 Jun 2026 02:09:01.008,353341.0083002876,31196.59002364215,41369302.66959016,134204147.3178693,58191889.94073164,-28.92725218943773,7.082250730727216,2.986142400023456
05 Jun 2026 02:39:01.008,355141.0083004972,31196.61085697549,41317233.44424368,134216884.2308479,58197259.99440087,-28.9274392672047,7.069876108738383,2.980584737446865
05 Jun 2026 03:09:01.008,356941.0083003924,31196.63169030882,41265163.90039743,134229598.8765796,58202620.04881079,-28.92760610339395,7.057509361189324,2.975032119607143
05 Jun 2026 03:39:01.008,358741.0083002876,31196.65252364215,41213094.07443119,134242291.2693043,58207970.11307503,-28.9277527289428,7.045150554099472,2.96948458012
05 Jun 2026 04:09:01.008,360541.0083004972,31196.67335697549,41161024.00270516,134254961.4233723,58213310.19636391,-28.92787917504477,7.032799753496892,2.963942152592514
05 Jun 2026 04:39:01.008,362341.0083003924,31196.69419030882,41108953.72152317,134267609.3532523,58218640.30790828,-28.92798547315061,7.020457025409594,2.958404870619182
05 Jun 2026 05:09:01.008,364141.0083002876,31196.71502364215,41056883.26710493,134280235.0735388,58223960.45700222,-28.92807165496901,7.008122435859018,2.952872767778961
05 Jun 2026 05:39:01.008,365941.0083004972,31196.73585697549,41004812.67564014,134292838.5989383,58229270.65299743,-28.92813775246737,6.99579605087292,2.947345877640993
05 Jun 2026 06:09:01.008,367741.0083003924,31196.75669030882,40952741.98326065,134305419.9442762,58234570.90530608,-28.9281837978726,6.983477936478829,2.941824233761637
05 Jun 2026 06:39:01.008,369541.0083002876,31196.77752364215,40900671.22601289,134317979.1245035,58239861.22340346,-28.92820982367202,6.97116815869755,2.936307869681497
05 Jun 2026 07:09:01.008,371341.0083004972,31196.79835697549,40848600.43991179,134330516.1546833,58245141.61682247,-28.92821586261407,6.95886678355599,2.930796818931134
05 Jun 2026 07:39:01.008,373141.0083003924,31196.81919030882,40796529.66090404,134343031.0499997,58250412.09515727,-28.92820194770924,6.946573877078498,2.925291115027127
05 Jun 2026 08:09:01.008,374941.0083002876,31196.84002364215,40744458.92488573,134355523.8257536,58255672.6680614,-28.9281681122309,6.934289505291067,2.919790791473913
05 Jun 2026 08:39:01.008,376741.0083004972,31196.86085697549,40692388.26766557,134367994.4973712,58260923.34525151,-28.92811438971613,6.92201373421268,2.914295881759853
05 Jun 2026 09:09:01.008,378541.0083003924,31196.88169030882,40640317.72501895,134380443.080391,58266164.13650168,-28.92804081396667,6.909746629868097,2.908806419362917
05 Jun 2026 09:39:01.008,380341.0083002876,31196.90252364215,40588247.33266015,134392869.5904704,58271395.05164633,-28.92794741904977,6.897488258281315,2.903322437747693
05 Jun 2026 10:09:01.008,382141.0083004972,31196.92335697549,40536177.12621462,134405274.0433921,58276616.10058276,-28.92783423929905,6.885238685469063,2.897843970362425
05 Jun 2026 10:39:01.008,383941.0083003924,31196.94419030882,40484107.14127306,134417656.4550512,58281827.2932658,-28.92770130931549,6.87299797745353,2.892371050644658
05 Jun 2026 11:09:01.008,385741.0083002876,31196.96502364215,40432037.41336364,134430016.8414615,58287028.63971041,-28.92754866396839,6.860766200255839,2.886903712018253
05 Jun 2026 11:39:01.008,387541.0083004972,31196.98585697549,40379967.97792426,134442355.2187623,58292220.14999444,-28.92737633839612,6.848543419889527,2.881441987890426
05 Jun 2026 12:09:01.008,389341.0083003924,31197.00669030882,40327898.87035656,134454671.6032051,58297401.83425314,-28.92718436800732,6.836329702373232,2.875985911657352
05 Jun 2026 12:39:01.008,391141.0083002876,31197.02752364215,40275830.12599825,134466966.0111603,58302573.70268186,-28.92697278848176,6.824125113724163,2.870535516701195
05 Jun 2026 13:09:01.008,392941.0083004972,31197.04835697549,40223761.78008618,134479238.4591257,58307735.76553964,-28.92674163577114,6.811929719949445,2.865090836386173
05 Jun 2026 13:39:01.008,394741.0083003924,31197.06919030882,40171693.86785591,134491488.9637029,58312888.03313926,-28.92649094610056,6.799743587069405,2.859651904068905
05 Jun 2026 14:09:01.008,396541.0083002876,31197.09002364215,40119626.42442295,134503717.5416253,58318030.5158589,-28.92622075596899,6.787566781089742,2.854218753085912
05 Jun 2026 14:39:01.008,398341.0083004972,31197.11085697549,40067559.48483688,134515924.2097449,58323163.22413676,-28.92593110215044,6.775399368014162,2.848791416759208
05 Jun 2026 15:09:01.008,400141.0083003924,31197.13169030882,40015493.08413543,134528108.9850198,58328286.16846563,-28.92562202169543,6.763241413856955,2.843369928401831
05 Jun 2026 15:39:01.008,401941.0083002876,31197.15252364215,39963427.2572348,134540271.8845398,58333399.3594036,-28.92529355193135,6.751092984617317,2.83795432130633
05 Jun 2026 16:09:01.008,403741.0083004972,31197.17335697549,39911362.03898375,134552412.9255134,58338502.80756868,-28.92494573046381,6.738954146291948,2.83254462875032
05 Jun 2026 16:39:01.008,405541.0083003924,31197.19419030882,39859297.46421768,134564532.125255,58343596.52363341,-28.92457859517813,6.72682496488757,2.827140884001983
05 Jun 2026 17:09:01.008,407341.0083002876,31197.21502364215,39807233.56763984,134576629.501213,58348680.51833646,-28.92419218423955,6.714705506393177,2.821743120307637
05 Jun 2026 17:39:01.008,409141.0083004972,31197.23585697549,39755170.38392098,134588705.0709457,58353754.80247273,-28.92378653609512,6.702595836803147,2.816351370901967
05 Jun 2026 18:09:01.008,410941.0083003924,31197.25669030882,39703107.94766232,134600758.8521306,58358819.38689695,-28.92336168947446,6.69049602210856,2.810965669004066
05 Jun 2026 18:39:01.008,412741.0083002876,31197.27752364215,39651046.29336789,134612790.8625701,58363874.28252631,-28.9229176833907,6.678406128290637,2.805586047814466
05 Jun 2026 19:09:01.008,414541.0083004972,31197.29835697549,39598985.45549846,134624801.120179,58368919.50033508,-28.92245455714206,6.666326221333201,2.800212540520588
05 Jun 2026 19:39:01.008,416341.0083003924,31197.31919030882,39546925.46844387,134636789.6429909,58373955.05135722,-28.92197235031275,6.654256367216089,2.794845180293745
05 Jun 2026 20:09:01.008,418141.0083002876,31197.34002364215,39494866.36649511,134648756.4491646,58378980.94668905,-28.92147110277392,6.642196631908602,2.789484000286145
05 Jun 2026 20:39:01.008,419941.0083004972,31197.36085697549,39442808.18389846,134660701.5569711,58383997.19748392,-28.92095085468527,6.630147081381889,2.784129033636323
05 Jun 2026 21:09:01.008,421741.0083003924,31197.38169030882,39390750.95482764,134672624.9848004,58389003.81495482,-28.92041164649607,6.618107781602363,2.778780313466126
05 Jun 2026 21:39:01.008,423541.0083002876,31197.40252364215,39338694.71335603,134684526.7511673,58394000.81037693,-28.919853518946,6.606078798525121,2.773437872877714
05 Jun 2026 22:09:01.008,425341.0083004972,31197.42335697549,39286639.49351067,134696406.8746992,58398988.19508246,-28.91927651306694,6.594060198106288,2.768101744958954
05 Jun 2026 22:39:01.008,427141.0083003924,31197.44419030882,39234585.32923543,134708265.3741441,58403965.98046391,-28.91868067018384,6.582052046294298,2.762771962779468
05 Jun 2026 23:09:01.008,428941.0083002876,31197.46502364215,39182532.25440858,134720102.2683669,58408934.17797256,-28.91806603191614,6.570054409033809,2.757448559392279
05 Jun 2026 23:39:01.008,430741.0083004972,31197.48585697549,39130480.30280595,134731917.5763573,58413892.79912166,-28.9174326401786,6.558067352256999,2.752131567829859
06 Jun 2026 00:09:01.008,432541.0083003924,31197.50669030882,39078429.50815493,134743711.3172174,58418841.85548133,-28.91678053718319,6.546090941895817,2.746821021109484
06 Jun 2026 00:39:01.008,434341.0083002876,31197.52752364215,39026379.90410667,134755483.510168,58423781.35868118,-28.91610976544005,6.534125243875358,2.741516952230188
06 Jun 2026 01:09:01.008,436141.0083004972,31197.54835697549,38974331.52420824,134767234.1745548,58428711.3204127,-28.91542036775844,6.522170324107256,2.736219394169757
06 Jun 2026 01:39:01.008,437941.0083003924,31197.56919030882,38922284.40195667,134778963.3298358,58433631.75242417,-28.91471238724873,6.51022624850187,2.730928379890021
06 Jun 2026 02:09:01.008,439741.0083002876,31197.59002364215,38870238.57077114,134790670.9955879,58438542.66652319,-28.91398586732337,6.498293082961631,2.725643942333827
06 Jun 2026 02:39:01.008,441541.0083004972,31197.61085697549,38818194.06396507,134802357.1915126,58443444.07457921,-28.9132408516978,6.48637089337443,2.720366114421989
06 Jun 2026 03:09:01.008,443341.0083003924,31197.63169030882,38766150.91480026,134814021.9374237,58448335.98851836,-28.9124773843926,6.474459745625728,2.71509492905857
06 Jun 2026 03:39:01.008,445141.0083002876,31197.65252364215,38714109.15645899,134825665.253254,58453218.42032596,-28.91169550973442,6.462559705591885,2.709830419127822
06 Jun 2026 04:09:01.008,446941.0083004972,31197.67335697549,38662068.82200709,134837287.1590626,58458091.38204992,-28.91089527235682,6.450670839131459,2.70457261749023
06 Jun 2026 04:39:01.008,448741.0083003924,31197.69419030882,38610029.94449341,134848887.6750131,58462954.88579134,-28.91007671720315,6.438793212107609,2.699321556992317
06 Jun 2026 05:09:01.008,450541.0083002876,31197.71502364215,38557992.55683109,134860466.8213999,58467808.94371551,-28.90923988952613,6.426926890360671,2.694077270454411
06 Jun 2026 05:39:01.008,452341.0083004972,31197.73585697549,38505956.69185153,134872024.6186357,58472653.56804678,-28.90838483489005,6.415071939720173,2.688839790675856
06 Jun 2026 06:09:01.008,454141.0083003924,31197.75669030882,38453922.38235837,134883561.0872397,58477488.77106342,-28.90751159917312,6.403228426016776,2.683609150440163
06 Jun 2026 06:39:01.008,455941.0083002876,31197.77752364215,38401889.66101784,134895076.2478616,58482314.5651078,-28.90662022856712,6.391396415056949,2.678385382503724
06 Jun 2026 07:09:01.008,457741.0083004972,31197.79835697549,38349858.56041279,134906570.1212696,58487130.9625812,-28.90571076957965,6.379575972634923,2.673168519600971
06 Jun 2026 07:39:01.008,459541.0083003924,31197.81919030882,38297829.11309653,134918042.7283384,58491937.97593877,-28.90478326903663,6.367767164544534,2.667958594449494
06 Jun 2026 08:09:01.008,461341.0083002876,31197.84002364215,38245801.35148332,134929494.0900727,58496735.61769958,-28.9038377740818,6.355970056553962,2.662755639738761
06 Jun 2026 08:39:01.008,463141.0083004972,31197.86085697549,38193775.30790223,134940924.2275961,58501523.90044148,-28.90287433217913,6.344184714417564,2.657559688135239
06 Jun 2026 09:09:01.008,464941.0083003924,31197.88169030882,38141751.01465119,134952333.1621383,58506302.8367961,-28.90189299111536,6.332411203887684,2.65237077228747
06 Jun 2026 09:39:01.008,466741.0083002876,31197.90252364215,38089728.50388726,134963720.9150592,58511072.43945884,-28.90089379899946,6.320649590689377,2.647188924814797
06 Jun 2026 10:09:01.008,468541.0083004972,31197.92335697549,38037707.80768061,134975087.5078373,58515832.72118378,-28.89987680426513,6.308899940532198,2.642014178312455
06 Jun 2026 10:36:49.936,470209.9364347639,31197.94267327334,37989476.78818943,134985607.5252572,58520238.05373548,-28.89891800195498,6.298016618267095,2.637222617545213
06 Jun 2026 11:02:27.036,471747.0361302956,31197.96046377907,37945056.95751591,134995280.5069403,58524288.33966439,-28.89802146735698,6.288002161206594,2.632814988949734
06 Jun 2026 11:24:41.226,473081.2262274907,31197.97590579409,37906502.02846774,135003664.1024964,58527798.46558233,-28.89723283757318,6.279316872363935,2.62899345374465
06 Jun 2026 11:46:33.301,474393.3005006053,31197.99109183891,37868587.22667477,135011897.4327691,58531245.43686152,-28.89644783403177,6.270782086564855,2.625239131302558
06 Jun 2026 11:47:33.301,474453.3005004865,31197.99178628336,37866853.44090078,135012273.6679875,58531402.94606053,-28.89641171285555,6.270391953672545,2.625067541322572
06 Jun 2026 11:50:21.073,474621.072545182,31197.99372808943,37862005.43930257,135013325.5729607,58531843.31876358,-28.89631060706096,6.269301135995918,2.624587783990823
06 Jun 2026 11:56:35.740,474995.7401804742,31197.99806452039,37851178.96931618,135015674.020901,58532826.46618713,-28.89608426662035,6.266865512075778,2.623516619692567
06 Jun 2026 12:09:19.479,475759.4787871116,31198.0069040876,37829110.09107697,135020458.3725857,58534829.31358793,-28.8956205267472,6.261902277789066,2.621334085453189
06 Jun 2026 12:39:10.006,477550.0056338031,31198.02762777796,37777372.68861204,135031660.0654616,58539518.30528976,-28.89452094071806,6.250275038304751,2.61622243169038
06 Jun 2026 13:09:10.006,479350.0056340126,31198.04846111129,37725363.55888503,135042900.0498816,58544222.88628996,-28.89339807839723,6.238598607393618,2.611091010709194
06 Jun 2026 13:39:10.006,481150.0056339079,31198.06929444462,37673356.46603559,135054119.0278947,58548918.23732246,-28.8922577619736,6.226934599366923,2.605966918332979
06 Jun 2026 14:03:59.148,482639.1480637249,31198.08652988941,37630332.48985533,135063384.6415244,58552795.74038291,-28.89130122010437,6.217294386501599,2.601733312296833
06 Jun 2026 14:25:12.624,483912.6241042977,31198.10126919544,37593540.63591862,135071296.9713218,58556106.68228867,-28.89047378377024,6.209057134381507,2.598116852329279
06 Jun 2026 14:43:15.017,484995.0169112999,31198.11379688996,37562270.17865158,135078013.8233106,58558917.2030787,-28.88976368510446,6.202060823059872,2.595045952686733
06 Jun 2026 14:58:27.741,485907.7409327379,31198.1243608254,37535902.07251581,135083671.9022158,58561284.58290181,-28.88916003681872,6.19616475576706,2.59245851479444
06 Jun 2026 15:11:06.948,486666.9476127019,31198.13314793975,37513969.4209413,135088374.2109712,58563251.97819564,-28.88865453776906,6.191262868528862,2.590307734386777
06 Jun 2026 15:21:30.449,487290.4490015935,31198.14036439101,37495957.43474276,135092233.217403,58564866.48827185,-28.88823710032419,6.187238862893111,2.58854239015928
06 Jun 2026 15:30:08.080,487808.0795071553,31198.14635548482,37481004.09201588,135095435.056605,58566206.01761024,-28.88788897364203,6.183899294300982,2.58707748335293
06 Jun 2026 15:37:27.830,488247.8304716642,31198.15144519506,37468300.68021344,135098153.8086255,58567343.41388297,-28.88759210572032,6.18106300397359,2.585833463509787
06 Jun 2026 15:43:51.417,488631.4166542492,31198.15588484995,37457219.84884364,135100524.3045823,58568335.0958071,-28.8873323153954,6.178589584502701,2.584748694237609
06 Jun 2026 15:49:34.319,488974.3187658023,31198.15985362439,37447314.36150821,135102642.5769757,58569221.24537497,-28.8870994183088,6.176378992383799,2.583779266334022
06 Jun 2026 15:55:15.219,489315.2190723689,31198.16379922979,37437466.7800141,135104747.7319368,58570101.89228282,-28.88686726291814,6.174181764826935,2.582815767641229
06 Jun 2026 16:00:26.750,489626.7496431596,31198.16740490769,37428467.67088416,135106670.8655931,58570906.38123422,-28.88665457004346,6.172174237016124,2.581935513157227
06 Jun 2026 16:05:10.982,489910.9820647049,31198.17069463479,37420257.17474646,135108424.9373583,58571640.13690349,-28.88646006619959,6.170342955055482,2.581132588101797
06 Jun 2026 16:09:38.818,490178.8178686635,31198.17379458623,37412520.37107999,135110077.3450631,58572331.35532145,-28.88627639143935,6.16861760714924,2.580376153223292
06 Jun 2026 16:14:02.428,490442.4282639753,31198.17684563247,37404905.67220949,135111703.2329974,58573011.47118801,-28.88609524375799,6.166919755627974,2.579631814593006
06 Jun 2026 16:18:34.644,490714.6439799923,31198.17999627733,37397042.44861385,135113381.7268722,58573713.58291112,-28.88590779700636,6.165166768013481,2.578863347153166
06 Jun 2026 16:23:29.334,491009.3344851513,31198.18340704707,37388530.07581576,135115198.2634,58574473.4268979,-28.88570443267858,6.163269380441909,2.578031627383371
06 Jun 2026 16:28:58.430,491338.4298872435,31198.18721602163,37379023.96074424,135117226.218409,58575321.6924497,-28.88547678345971,6.161150881292095,2.577103043754587
06 Jun 2026 16:34:44.443,491684.4430973288,31198.19122080415,37369029.24569549,135119357.672714,58576213.23527591,-28.88523681478,6.158923940017051,2.576126996373695
06 Jun 2026 16:40:54.346,492054.3459673645,31198.19550208737,37358344.56125893,135121635.4361214,58577165.95910684,-28.88497957932848,6.156543770918043,2.575083868673553
06 Jun 2026 16:47:42.030,492462.0304209064,31198.20022065744,37346568.66207535,135124144.8286756,58578215.54647716,-28.88469523418982,6.153921123629321,2.573934566432508
06 Jun 2026 16:55:21.206,492921.2055960903,31198.20553518493,37333305.60080661,135126969.8784592,58579397.13622858,-28.88437392737271,6.150968027293683,2.572640571462597
06 Jun 2026 17:04:10.955,493450.9553718148,31198.21166654807,37318004.20869264,135130227.4501931,58580759.59670023,-28.88400185691532,6.14756208839689,2.571148303433282
06 Jun 2026 17:14:28.225,494068.2251384016,31198.21881087407,37300175.12188566,135134020.9299074,58582346.15236703,-28.88356645442073,6.143594867661882,2.569410326153275
06 Jun 2026 17:26:35.927,494795.9267299972,31198.2272333462,37279156.69214564,135138489.9325329,58584215.17119528,-28.88305058533467,6.138919854016098,2.56736256524836
06 Jun 2026 17:40:51.059,495651.059370744,31198.23713071473,37254458.11327307,135143737.1753169,58586409.57840586,-28.8824408284995,6.133428890583427,2.564957800664982
06 Jun 2026 17:57:24.616,496644.6162003209,31198.24863021507,37225762.12085297,135149827.91763,58588956.62261012,-28.88172755521865,6.127052769913496,2.562165926353898
06 Jun 2026 18:16:22.310,497782.3101815418,31198.26179796948,37192904.02082659,135156794.4777523,58591869.76615392,-28.88090446452195,6.119756537924644,2.558971888163595
06 Jun 2026 18:37:47.612,499067.6119475509,31198.27667414733,37155783.94521335,135164654.9176787,58595156.50021847,-28.8799664551266,6.111519964627426,2.555367127279335
06 Jun 2026 19:01:33.543,500493.5427583521,31198.29317797616,37114603.85910039,135173363.011994,58598797.42836199,-28.8789157477024,6.102390041426032,2.551372541320895
06 Jun 2026 19:27:35.691,502055.6905430392,31198.31125839033,37069491.63175926,135182888.0408296,58602779.63478153,-28.87775254381366,6.092397454344658,2.547001911124045
06 Jun 2026 19:55:41.268,503741.2678763154,31198.33076738724,37020817.01432367,135193148.1686243,58607068.83346073,-28.87648325365421,6.081626519058989,2.542292480664474
06 Jun 2026 20:25:41.268,505541.2678765249,31198.35160072058,36968840.57646151,135204084.7540612,58611640.43931442,-28.87511160031791,6.070137304000425,2.537270877017658
06 Jun 2026 20:55:41.268,507341.2678764202,31198.37243405391,36916866.62260179,135215000.6709363,58616203.01329322,-28.87372327035332,6.058661463428315,2.532257070298819
06 Jun 2026 21:25:41.268,509141.2678763154,31198.39326738724,36864895.18269379,135225895.9433864,58620756.5694619,-28.87231831994405,6.047199062513003,2.527251092438026
06 Jun 2026 21:55:41.268,510941.2678765249,31198.41410072058,36812926.28661253,135236770.5956592,58625301.12194034,-28.87089680563789,6.035750166396815,2.522252975332157
06 Jun 2026 22:25:41.268,512741.2678764202,31198.43493405391,36760959.96413096,135247624.6521204,58629836.68490576,-28.8694587843479,6.024314840187008,2.51726275084164
06 Jun 2026 22:49:33.974,514173.973606783,31198.45151629616,36719599.35221914,135256249.2082702,58633440.3398058,-28.86830243465199,6.015222661714105,2.513296455861892
06 Jun 2026 23:09:59.026,515399.0256452118,31198.4656951392,36684234.78939456,135263613.4106078,58636517.18348365,-28.86730544084444,6.007455162282234,2.509909022018968
06 Jun 2026 23:27:17.692,516437.6922186697,31198.47771674306,36654251.72578502,135269849.735485,58639122.65180566,-28.86645419606972,6.000874429993851,2.507039861069734
06 Jun 2026 23:41:54.383,517314.3827495514,31198.4878636242,36628945.09526223,135275108.2118122,58641319.48912816,-28.86573146730964,5.995323504852108,2.504620204827516
06 Jun 2026 23:54:02.091,518042.0909286942,31198.49628617257,36607939.48556371,135279469.3820309,58643141.39139342,-28.86512861946507,5.99071837461085,2.502613180404522
07 Jun 2026 00:03:59.997,518639.9967488134,31198.50320637882,36590681.00575504,135283050.1366913,58644637.22564586,-28.86463131115816,5.986936359068096,2.500965132436918
07 Jun 2026 00:12:18.226,519138.2263283129,31198.50897292488,36576299.89615799,135286032.2206324,58645882.93848488,-28.86421553817009,5.983786006283381,2.49959250536488
07 Jun 2026 00:19:23.778,519563.7781308149,31198.51389829297,36564016.75295616,135288578.0591644,58646946.39520978,-28.86385942938694,5.981096043102102,2.498420593799251
07 Jun 2026 00:25:36.896,519936.8958194624,31198.51821678473,36553247.19480745,135290809.2719932,58647878.40849323,-28.86354645197045,5.978738160475515,2.497393448564136
07 Jun 2026 00:31:48.199,520308.1994061009,31198.52251427995,36542530.1144252,135293028.7633888,58648805.50992609,-28.86323430450967,5.976392334582427,2.496371640749283
07 Jun 2026 00:37:23.161,520643.1613078807,31198.52639115381,36532862.0778164,135295030.2727751,58649641.54497639,-28.86295211714961,5.974276616326143,2.495450137493078
07 Jun 2026 00:42:25.247,520945.2473170822,31198.52988751966,36524143.02229782,135296834.7300087,58650395.26005433,-28.86269714502077,5.972368965302758,2.494619317550919
07 Jun 2026 00:47:02.493,521222.4930321565,31198.5330963821,36516140.9956742,135298490.3010544,58651086.77689391,-28.86246273789637,5.970618524213858,2.493857015276267
07 Jun 2026 00:51:26.144,521486.1439400353,31198.53614789724,36508531.41060371,135300064.2406432,58651744.18901569,-28.86223946900974,5.968954223209569,2.493132270352151
07 Jun 2026 00:55:49.256,521749.2560718558,31198.53919317654,36500937.43459817,135301634.5264449,58652400.06723145,-28.86201631060641,5.967293621618474,2.492409179245462
07 Jun 2026 01:00:25.360,522025.3602723009,31198.54238882701,36492968.54303271,135303281.8807463,58653088.12714291,-28.86178176176741,5.965551342838053,2.491650568736068
07 Jun 2026 01:05:32.886,522332.8855653293,31198.54594814753,36484092.85536488,135305116.1403356,58653854.24282213,-28.86152007363808,5.963611176936324,2.490805851179381
07 Jun 2026 01:11:08.196,522668.1963713723,31198.54982905964,36474415.32372627,135307115.4489998,58654689.28255905,-28.86123420466316,5.961496178319552,2.489885080958434
07 Jun 2026 01:17:00.617,523020.6174541265,31198.55390800736,36464244.06934996,135309216.0143118,58655566.60007077,-28.86093314513768,5.959273778710909,2.488917628511907
07 Jun 2026 01:23:19.243,523399.2428395897,31198.55829024562,36453316.64875308,135311471.8947253,58656508.77075224,-28.86060901194264,5.956886730641948,2.487878587277161
07 Jun 2026 01:30:21.361,523821.3612393709,31198.56317587524,36441134.13108522,135313985.8446637,58657558.7056629,-28.8602468053622,5.954226211677189,2.4867206136623
07 Jun 2026 01:38:21.266,524301.2656306615,31198.56873032422,36427284.07093191,135316842.5783636,58658751.77801657,-28.859833939681,5.951202417985525,2.485404661421986
07 Jun 2026 01:47:36.385,524856.3854228589,31198.57515532181,36411263.53880182,135320145.2380705,58660131.05299716,-28.85935494050253,5.947705951224158,2.483883180741498
07 Jun 2026 01:58:26.566,525506.5658594831,31198.58268055835,36392499.93370727,135324010.9892625,58661745.44619185,-28.85879197440282,5.943612439261177,2.482102140608989
07 Jun 2026 02:11:16.451,526276.4508623863,31198.5915912644,36370282.24003443,135328585.0222099,58663655.56801504,-28.85812265596023,5.938767650143595,2.479994568593627
07 Jun 2026 02:26:25.913,527185.9132740763,31198.60211744972,36344037.22316137,135333983.5069111,58665909.89844302,-28.85732822004874,5.933047847129503,2.477506825324698
07 Jun 2026 02:43:54.820,528234.8199165892,31198.6142575729,36313769.06262442,135340203.2624271,58668507.06817452,-28.85640691241813,5.926455537474432,2.474640239127536
07 Jun 2026 03:03:47.479,529427.478708874,31198.6280614941,36279353.8431407,135347267.0346457,58671456.52756526,-28.85535276388235,5.918965611375359,2.471384170701088
07 Jun 2026 03:26:13.303,530773.3029001392,31198.64363816298,36240520.41644412,135355227.2385839,58674780.10613719,-28.85415485561915,5.910521309394093,2.467714279503004
07 Jun 2026 03:51:02.917,532262.9171442473,31198.66087906859,36197539.85027415,135364024.6796881,58678453.02637839,-28.85281862738364,5.901184116326868,2.463657663249626
07 Jun 2026 04:18:06.255,533886.2547716126,31198.67966769853,36150703.17435437,135373596.0423515,58682448.79067566,-28.85135012154596,5.891019901619399,2.459243330164233
07 Jun 2026 04:47:10.709,535630.7086425601,31198.69985813685,36100374.71171282,135383863.137283,58686734.69507787,-28.84975777436939,5.880110394360304,2.454507167699183
07 Jun 2026 05:17:10.709,537430.7086424553,31198.72069147019,36048446.6380287,135394437.2154347,58691148.41583288,-28.84809927853762,5.868867747741222,2.449628395875723
07 Jun 2026 05:47:10.709,539230.7086423505,31198.74152480352,35996521.56371897,135404991.069882,58695553.36231429,-28.84642515666698,5.857639624369312,2.44475798087275
07 Jun 2026 06:17:10.709,541030.7086425601,31198.76235813685,35944599.51683583,135415524.7268283,58699949.54959401,-28.84473547164765,5.846426088644273,2.439895953883905
07 Jun 2026 06:47:10.709,542830.7086424553,31198.78319147019,35892680.52534515,135426038.2125875,58704336.99279773,-28.84303028676663,5.835227204916305,2.435042346056679
07 Jun 2026 07:16:20.887,544580.8870702749,31198.80344816495,35842201.53767827,135436241.3829027,58708594.62752493,-28.84135749732607,5.824352401553104,2.43033118193141
07 Jun 2026 07:38:40.585,545920.5846615485,31198.81895392411,35803563.70386452,135444038.6831919,58711848.12383254,-28.84006721404014,5.816037574931499,2.42673037395896
07 Jun 2026 07:57:43.677,547063.6772251222,31198.83218416211,35770597.46998969,135450682.9007405,58714620.34707135,-28.83895957070643,5.808949469040971,2.423661720211344
07 Jun 2026 08:13:53.947,548033.9468582883,31198.84341413472,35742616.36137731,135456316.2311458,58716970.68991244,-28.83801455337572,5.802937710170074,2.4210597096755
07 Jun 2026 08:27:29.745,548849.7449011076,31198.8528562417,35719090.69084377,135461048.1957388,58718944.8939639,-28.83721655789876,5.797886402570974,2.418873871773049
07 Jun 2026 08:38:42.656,549522.6559674949,31198.86064456423,35699686.03083472,135464948.2564542,58720571.97471272,-28.83655597804078,5.793722139138407,2.417072205493797
07 Jun 2026 08:47:57.320,550077.3204780766,31198.86706429236,35683691.56801904,135468160.8769335,58721912.2272379,-28.83600988097322,5.790291207554222,2.41558803498713
07 Jun 2026 08:55:44.031,550544.0312946565,31198.87246603792,35670233.59774871,135470862.5950187,58723039.31700712,-28.83554926260186,5.787405423636556,2.414339841608169
07 Jun 2026 09:02:26.501,550946.5012663859,31198.87712425518,35658628.23513432,135473191.351265,58724010.79976676,-28.83515122809602,5.784917665380686,2.413263920295023
07 Jun 2026 09:08:22.865,551302.8645862942,31198.88124883065,35648352.50780524,135475252.4913318,58724870.62881571,-28.83479816010903,5.782715528980788,2.412311614158989
07 Jun 2026 09:14:17.196,551657.1957113687,31198.88534988534,35638135.50361352,135477301.0995995,58725725.21819961,-28.83444651751129,5.780526534089087,2.41136507268567
07 Jun 2026 09:19:39.026,551979.0259848931,31198.88907477276,35628855.75727609,135479161.1281685,58726501.13017683,-28.83412662145702,5.77853882844244,2.410505641136738
07 Jun 2026 09:24:31.043,552271.0429312661,31198.89245459853,35620435.7461008,135480848.2961461,58727204.9248428,-28.83383594165915,5.776735673581993,2.409726062678487
07 Jun 2026 09:29:01.515,552541.5152399219,31198.89558506506,35612637.02837666,135482410.5173597,58727856.59138825,-28.83356635342395,5.775065906583624,2.409004202726277
07 Jun 2026 09:33:22.681,552802.6809479808,31198.89860781631,35605106.72363169,135483918.5560311,58728485.64967765,-28.83330571812898,5.773453916827466,2.408307365673258
07 Jun 2026 09:37:48.180,553068.179984414,31198.90168072183,35597451.54396463,135485451.1849756,58729124.95894282,-28.83304043298735,5.771815505745391,2.407599152564267
07 Jun 2026 09:42:31.526,553351.5263487934,31198.90496019364,35589281.84693658,135487086.3602351,58729807.03635436,-28.83275695332416,5.77006731961817,2.406843539102562
07 Jun 2026 09:47:49.019,553669.0192960901,31198.90863488053,35580127.70043536,135488918.00501,58730571.05783001,-28.83243886780069,5.768108900684323,2.405997119385765
07 Jun 2026 09:53:28.770,554008.7702092482,31198.91256718276,35570331.91090647,135490877.3693371,58731388.34372337,-28.83209796435776,5.76601370646025,2.405091658701151
07 Jun 2026 09:59:27.197,554367.1969571617,31198.91671564049,35559997.7803366,135492943.6668379,58732250.22176406,-28.83173774123843,5.763803924780995,2.404136759319566
07 Jun 2026 10:05:56.846,554756.8464935641,31198.92122547309,35548763.58349465,135495189.0624516,58733186.79035646,-28.83134546329397,5.761402328038733,2.403099067061169
07 Jun 2026 10:13:16.910,555196.9099639216,31198.9263188003,35536076.05919829,135497723.84851,58734244.04869252,-28.83090158595071,5.758690859236994,2.401927603006899
07 Jun 2026 10:21:39.193,555699.1931930417,31198.9321322636,35521594.90831485,135500615.5653362,58735450.16097549,-28.83039385490068,5.755597128014887,2.400591140588216
07 Jun 2026 10:31:24.403,556284.4027215731,31198.93890552203,35504723.26057407,135503982.7412794,58736854.55437081,-28.82980082807893,5.751994116217986,2.399034881630552
07 Jun 2026 10:42:54.124,556974.1239063093,31198.94688840611,35484838.97779962,135507948.5496192,58738508.58734513,-28.82909986530787,5.747749710303654,2.397201870925088
07 Jun 2026 10:56:31.487,557791.4868741296,31198.95634862564,35461275.47961853,135512644.4927254,58740467.08418189,-28.82826634406123,5.742722715890994,2.395031290613209
07 Jun 2026 11:12:26.504,558746.5036922833,31198.96740206104,35433744.46699846,135518126.0863654,58742753.16920997,-28.82728855839354,5.736853098016922,2.392497432710425
07 Jun 2026 11:30:48.662,559848.6624297802,31198.98015852791,35401972.84325539,135524445.278559,58745388.47104342,-28.82615492550001,5.730084480641842,2.389576229166003
07 Jun 2026 11:51:42.965,561102.9653820209,31198.99467592319,35365816.924628,135531627.7131127,58748383.64068297,-28.82485804737252,5.722388498864325,2.386255764507088
07 Jun 2026 12:15:09.120,562509.1196939,31199.01095085736,35325285.75333589,135539668.2135776,58751736.4702717,-28.82339563955112,5.713769679847385,2.382538369464784
07 Jun 2026 12:41:04.251,564064.2505504307,31199.02895005708,35280462.86570507,135548546.4684215,58755438.43645327,-28.82176784015648,5.704248687041928,2.378433376103737
07 Jun 2026 13:09:12.672,565752.6715783635,31199.04849196713,35231801.08746304,135558168.9243362,58759450.47606935,-28.81998813877199,5.693924725995886,2.373983992862949
07 Jun 2026 13:39:12.672,567552.6715782587,31199.06932530046,35179926.82695489,135568408.0944529,58763719.38455969,-28.81807669015706,5.68293355734159,2.369249141118852
07 Jun 2026 14:09:12.672,569352.671578154,31199.09015863379,35128056.02013291,135578627.49449,58767979.77829703,-28.81615072129473,5.671957981418192,2.364523161239487
07 Jun 2026 14:39:12.672,571152.6715783635,31199.11099196713,35076188.69305269,135588827.1525749,58772231.67327945,-28.81421030195142,5.660998061493804,2.359806083482812
07 Jun 2026 15:09:12.672,572952.6715782587,31199.13182530046,35024324.87169822,135599007.0969381,58776475.08555498,-28.81225550232364,5.650053860765237,2.355097938046954
07 Jun 2026 15:39:12.672,574752.671578154,31199.15265863379,34972464.58187238,135609167.3559347,58780710.03123043,-28.8102863930358,5.639125442333154,2.350398755059229
07 Jun 2026 16:03:58.090,576238.0898611271,31199.16985097503,34929670.4693865,135617537.125377,58784198.48061749,-28.80865069377866,5.630118888253167,2.346527608226399
07 Jun 2026 16:25:14.127,577514.1271119704,31199.18461992469,34892910.45863017,135624716.4351096,58787190.61818298,-28.8072378466247,5.622390519985241,2.343207031868791
07 Jun 2026 16:43:21.494,578601.4942413429,31199.19720519239,34861587.07226446,135630826.4601307,58789737.00772394,-28.8060282935033,5.615811160963328,2.340381007723311
07 Jun 2026 16:58:42.989,579522.9892160743,31199.20787064349,34835042.93581579,135635998.8346784,58791892.55461277,-28.80499922697478,5.610240013091191,2.337988665691796
07 Jun 2026 17:11:34.437,580294.4374324987,31199.21679944229,34812821.70377649,135640325.0463669,58793695.41986885,-28.80413489128251,5.60557924038653,2.335987696244745
07 Jun 2026 17:22:09.356,580929.355532059,31199.22414803141,34794533.66354264,135643882.9129354,58795178.05827086,-28.80342159305908,5.601745536353474,2.334342108060391
07 Jun 2026 17:30:55.403,581455.4034120636,31199.23023654854,34779381.84042431,135646828.8641834,58796405.67556731,-28.80282928619438,5.598570716040598,2.332979548128249
07 Jun 2026 17:38:20.894,581900.8941786597,31199.23539269167,34766550.55783135,135649322.3770641,58797444.73950298,-28.80232674994018,5.595883150386909,2.331826253842245
07 Jun 2026 17:44:47.993,582287.9926815745,31199.23987299842,34755401.30490509,135651488.0831886,58798347.19206727,-28.80188938915732,5.593548655221063,2.33082457961641
07 Jun 2026 17:50:33.081,582633.0811066437,31199.24386707741,34745462.17361011,135653417.9930868,58799151.37862598,-28.80149894975934,5.59146814049749,2.329931968142307
07 Jun 2026 17:56:16.073,582976.0725433007,31199.2478368857,34735583.57273177,135655335.46423,58799950.37323772,-28.80111037586878,5.589400855479461,2.329045113049441
07 Jun 2026 18:01:29.057,583289.0572848148,31199.25145939429,34726569.32020149,135657084.5662659,58800679.20221341,-28.80075535578175,5.587514938544353,2.328236133940716
07 Jun 2026 18:06:14.092,583574.0922401659,31199.25475840997,34718360.14430665,135658676.9586136,58801342.72592685,-28.80043167373328,5.585797860120519,2.32749963757818
07 Jun 2026 18:10:40.740,583840.7399423537,31199.25784461023,34710680.61578479,135660166.1846592,58801963.256522,-28.80012855682053,5.584191914993395,2.326810859148847
07 Jun 2026 18:15:01.439,584101.4386364375,31199.26086195623,34703172.4985422,135661621.7715728,58802569.76531672,-28.79983190822402,5.582622141982292,2.326137641599581
07 Jun 2026 18:19:28.707,584368.707051035,31199.26395534066,34695475.2538114,135663113.6151175,58803191.3762257,-28.79952748208395,5.581013162156059,2.325447657874015
07 Jun 2026 18:24:16.450,584656.4498271444,31199.26728569686,34687188.44501712,135664719.2621664,58803860.40014379,-28.79919939370903,5.579281323609911,2.324705042814522
07 Jun 2026 18:29:40.735,584980.7349515031,31199.27103899691,34677849.35306983,135666528.2237044,58804614.13174403,-28.79882921535624,5.577330043390978,2.323868398642463
07 Jun 2026 18:35:23.681,585323.6812679563,31199.27500828298,34667972.96787004,135668440.5947333,58805410.94217961,-28.79843724661534,5.57526704764853,2.322983932790073
07 Jun 2026 18:41:27.984,585687.9836962558,31199.27922474627,34657481.70318548,135670471.2789749,58806257.03978246,-28.79802031982548,5.573076228761757,2.322044753592592
07 Jun 2026 18:48:07.833,586087.8325298312,31199.28385262629,34645966.93994571,135672699.1863953,58807185.30065428,-28.79756206130651,5.570672408267412,2.321014367590787
07 Jun 2026 18:55:40.673,586540.6734831864,31199.28909384103,34632926.34215999,135675221.198771,58808236.08689456,-28.79704224845818,5.567950976274973,2.319847971188071
07 Jun 2026 19:04:21.976,587061.9756684406,31199.29512743113,34617914.53731135,135678122.9674711,58809445.07888047,-28.79644277099666,5.564819387752676,2.318505957123962
07 Jun 2026 19:14:31.402,587671.4024039917,31199.30218098131,34600365.4291207,135681513.2020676,58810857.56058306,-28.7957404925768,5.561160144405267,2.316938057656125
07 Jun 2026 19:26:32.923,588392.9232150782,31199.31053191663,34579589.00364012,135685524.1326365,58812528.61033734,-28.79490700914219,5.556830258139825,2.315083133144978
07 Jun 2026 19:40:47.474,589247.4737838842,31199.32042254821,34554982.7222691,135690270.5351245,58814506.02792393,-28.79391700877687,5.551705445257253,2.312888124645439
07 Jun 2026 19:57:25.901,590245.9011934348,31199.33197842101,34526234.66533628,135695810.5228013,58816813.99963185,-28.79275642981101,5.545722458931863,2.310326188422008
07 Jun 2026 20:16:42.617,591402.6172435144,31199.34536633825,34492930.40198923,135702221.3430716,58819484.67607895,-28.7914066204716,5.53879724584144,2.307361646278023
07 Jun 2026 20:38:34.414,592714.4135003211,31199.3605491653,34455162.95025766,135709481.9697842,58822509.26182078,-28.78986906764185,5.530951781883878,2.304004281227336
07 Jun 2026 21:02:56.326,594176.3263196102,31199.37746945256,34413075.92921054,135717561.354355,58825874.7837922,-28.78814711373447,5.522218822029225,2.300268526064693
07 Jun 2026 21:29:45.467,595785.4667799664,31199.39609376344,34366753.28868898,135726439.654566,58829572.93528555,-28.78624149281502,5.512618974504109,2.296163649432021
07 Jun 2026 21:58:46.831,597526.8312779604,31199.41624844513,34316627.75394049,135736030.0990423,58833567.53147147,-28.78416724442071,5.502245226490421,2.291729881378276
07 Jun 2026 22:28:46.831,599326.8312778557,31199.43708177847,34264818.19238228,135745924.5019265,58837688.52738639,-28.78201006762291,5.491538536010768,2.287156033118185
07 Jun 2026 22:58:46.831,601126.8312780652,31199.4579151118,34213012.52565578,135755799.6477849,58841801.29882616,-28.77983966652016,5.480848541460228,2.282591580471751
07 Jun 2026 23:28:46.831,602926.8312779604,31199.47874844513,34161210.777504,135765655.5667239,58845905.86272819,-28.77765611871941,5.470175304350825,2.278036552383016
07 Jun 2026 23:58:46.831,604726.8312778557,31199.49958177847,34109412.97150274,135775492.2889656,58850002.23608415,-28.77545950228843,5.459518886068396,2.273490977707191
08 Jun 2026 00:28:18.273,606498.2733595767,31199.52008458034,34058440.83574114,135785154.2337765,58854025.63828013,-28.77328505330018,5.449048017486727,2.26902677846146
08 Jun 2026 00:51:46.380,607906.3802084536,31199.53638211331,34017926.19828476,135792821.222637,58857218.17599182,-28.77154767403677,5.440736499198449,2.26548478746166
08 Jun 2026 01:11:53.847,609113.8474910636,31199.55035742908,33983186.39846442,135799386.4352372,58859951.84340564,-28.77005158760246,5.433617558341662,2.262452136356944
08 Jun 2026 01:29:02.776,610142.7760870778,31199.56226632487,33953584.72754268,135804974.1214495,58862278.41708457,-28.76877217054226,5.427557285616428,2.259871291129091
08 Jun 2026 01:43:34.104,611014.1038707574,31199.57235113718,33928518.17027985,135809701.0686804,58864246.55446965,-28.76768546287709,5.422429623396333,2.257688198132878
08 Jun 2026 01:55:39.867,611739.8668843671,31199.58075117206,33907639.97735956,135813634.9186065,58865884.44172929,-28.76677802725748,5.418161650078111,2.255871528369781
08 Jun 2026 02:05:37.440,612337.4396979692,31199.58766752407,33890449.95650876,135816871.6152644,58867232.04259959,-28.76602932273338,5.414649609892769,2.254376904333431
08 Jun 2026 02:13:55.645,612835.6452233973,31199.59343379172,33876118.71748146,135819568.4945385,58868354.87539534,-28.76540405030715,5.411723012396164,2.253131622556414
08 Jun 2026 02:21:00.818,613260.8183648321,31199.59835477716,33863888.5538535,135821868.8830463,58869312.62062698,-28.76486967181476,5.409226466656051,2.252069469970583
08 Jun 2026 02:27:13.299,613633.2986590918,31199.60266589167,33853174.2940224,135823883.3061007,58870151.29889482,-28.76440094200709,5.407040111693184,2.2511393937488
08 Jun 2026 02:33:23.922,614003.9216280682,31199.60695550937,33842513.63285505,135825886.8763367,58870985.45142931,-28.76393401416412,5.404865388943915,2.250214364234298
08 Jun 2026 02:38:58.207,614338.2073230576,31199.61082455677,33832898.33163883,135827693.317756,58871737.52649789,-28.76351240827939,5.402904509443891,2.249380378248788
08 Jun 2026 02:43:59.581,614639.5805199165,31199.61431267247,33824229.83728302,135829321.3420366,58872415.3161914,-28.76313194069166,5.401137199311905,2.248628788168288
08 Jun 2026 02:48:35.877,614915.8767666318,31199.6175105457,33816282.74010728,135830813.432187,58873036.50872228,-28.76278282230756,5.3995173692333,2.247939974528848
08 Jun 2026 02:52:58.297,615178.2965129125,31199.62054781128,33808734.86147395,135832230.170343,58873626.32674316,-28.76245096427909,5.397979268085847,2.247285965741407
08 Jun 2026 02:57:19.894,615439.894117706,31199.62357556133,33801210.71649324,135833642.0682785,58874214.12611576,-28.76211988097811,5.396446350257208,2.246634210001845
08 Jun 2026 03:01:53.919,615713.9192517148,31199.62674714853,33793329.22029731,135835120.6102487,58874829.66683939,-28.76177278572127,5.394840999747377,2.245951710383532
08 Jun 2026 03:06:58.017,616018.0173995323,31199.63026680302,33784582.87707514,135836760.9005831,58875512.54146536,-28.76138725919945,5.393059937354653,2.245194571503202
08 Jun 2026 03:12:31.697,616351.6974047874,31199.63412884012,33774985.84785809,135838560.1308708,58876261.57943624,-28.76096381961229,5.391106184864134,2.244364097444002
08 Jun 2026 03:18:18.200,616698.2004988706,31199.6381392926,33765020.16115182,135840427.8144362,58877039.10918067,-28.76052365393615,5.389077979266776,2.243502060407078
08 Jun 2026 03:24:34.836,617074.8363611405,31199.64249850397,33754188.0067161,135842457.1194165,58877883.91612198,-28.76004468684885,5.386874122370472,2.242565464987875
08 Jun 2026 03:31:35.754,617495.7538288669,31199.64737023392,33742082.51430093,135844724.0306334,58878827.63089592,-28.75950876256098,5.384412051043311,2.241519254077293
08 Jun 2026 03:39:34.917,617974.9168328592,31199.65291610202,33728302.16802575,135847303.3704208,58879901.398784,-28.7588978518312,5.381610436469614,2.240328915571376
08 Jun 2026 03:48:48.926,618528.9263932616,31199.65932824971,33712369.65957698,135850283.9371178,58881142.18138232,-28.75819042018982,5.378372732716732,2.238953499034439
08 Jun 2026 03:59:40.817,619180.816883035,31199.66687327853,33693622.74047207,135853788.805949,58882601.20667232,-28.75735650065849,5.374565104502324,2.23733625435094
08 Jun 2026 04:12:35.766,619955.7660092949,31199.67584259712,33671337.63696583,135857952.0675556,58884334.28404006,-28.75636305475171,5.370041666637087,2.235415376208313
08 Jun 2026 04:27:50.213,620870.2132055419,31199.6864264767,33645041.99849682,135862860.2481315,58886377.41786329,-28.75518784580675,5.364708114759384,2.233151040000775
08 Jun 2026 04:45:36.630,621936.6297406959,31199.69876926067,33614377.72323444,135868577.9475421,58888757.48043474,-28.75381333483221,5.358493875814209,2.230513574421713
08 Jun 2026 05:05:48.688,623148.6876699259,31199.71279770893,33579527.38514771,135875068.4759048,58891459.17749745,-28.75224590071538,5.35143839450828,2.227520064621563
08 Jun 2026 05:28:47.344,624527.344378992,31199.7287543838,33539889.14124523,135882440.7457728,58894527.81888815,-28.75045632030276,5.343422775573931,2.224120479667931
08 Jun 2026 05:54:26.072,626066.0719738109,31199.74656373097,33495651.56276386,135890655.9426056,58897947.21954869,-28.74845058090873,5.334488647639177,2.220332965438915
08 Jun 2026 06:22:28.608,627748.6078291666,31199.76603752559,33447283.11594782,135899623.202811,58901679.53097117,-28.74624733243279,5.324734261986883,2.2161996839144
08 Jun 2026 06:52:28.608,629548.6078290618,31199.78687085892,33395542.00073245,135909198.3453591,58905664.71783476,-28.74387871444782,5.31431596306128,2.211787363697008
08 Jun 2026 07:22:28.608,631348.607828957,31199.80770419225,33343805.15972425,135918754.7508985,58909641.97139943,-28.74149823761713,5.303915375156756,2.207384912643025
08 Jun 2026 07:52:28.608,633148.6078291666,31199.82853752559,33292072.6141741,135928292.4513657,58913611.30945561,-28.73910598754794,5.293532557409055,2.20299235804745
08 Jun 2026 08:22:28.608,634948.6078290618,31199.84937085892,33240344.38520546,135937811.4787983,58917572.74984074,-28.73670205034126,5.283167568793198,2.19860972709552
08 Jun 2026 08:52:28.608,636748.607828957,31199.87020419225,33188620.49378634,135947311.86534,58921526.31044105,-28.73428651259225,5.272820468115009,2.194237046858698
08 Jun 2026 09:18:00.733,638280.7326954324,31199.88793711895,33144597.55986807,135955383.7469578,58924885.30944141,-28.73222137978222,5.264027354792377,2.190522966589418
08 Jun 2026 09:40:08.059,639608.0585545627,31199.90329968676,33106461.73057073,135962365.7768859,58927790.71508874,-28.73042559121574,5.256420155621678,2.187311203977207
08 Jun 2026 09:59:03.166,640743.166293588,31199.91643750781,33073850.47611339,135968328.6915663,58930271.99216837,-28.72888495416445,5.249922381493277,2.184568878011801
08 Jun 2026 10:15:09.919,641709.9187627318,31199.9276267725,33046077.39136568,135973401.3942823,58932382.8018419,-28.72756926903118,5.244394002509462,2.182236431522085
08 Jun 2026 10:28:45.567,642525.5671690917,31199.93706714758,33022646.24884952,135977677.0750863,58934161.93773827,-28.72645669715506,5.239733774956274,2.180270802884844
08 Jun 2026 10:40:01.834,643201.8337949412,31199.9448943076,33003219.81732875,135981219.2264734,58935635.83149959,-28.7255324977622,5.23587273184225,2.178642636738653
08 Jun 2026 10:49:20.364,643760.3637193912,31199.95135877432,32987175.96128717,135984142.7279991,58936852.29333127,-28.72476800775446,5.232685820957588,2.177299003196198
08 Jun 2026 10:57:09.767,644229.7674343223,31199.95679168768,32973692.59943486,135986598.3418142,58937874.06068978,-28.72412467777759,5.230008807663976,2.1761705277442
08 Jun 2026 11:03:54.165,644634.1648378875,31199.96147221319,32962076.75016547,135988712.8776391,58938753.90191816,-28.72356983276376,5.227703517702027,2.17519888158823
08 Jun 2026 11:09:51.697,644991.697028128,31199.96561031724,32951807.23710395,135990581.5856925,58939531.45203403,-28.72307882042331,5.225666150654531,2.174340262890505
08 Jun 2026 11:15:47.373,645347.3726238823,31199.96972693293,32941591.22586422,135992439.8672802,58940304.65995909,-28.72258992295949,5.223640076222564,2.173486498195911
08 Jun 2026 11:21:10.277,645670.2769011492,31199.97346425096,32932316.6504356,135994126.306113,58941006.36295074,-28.72214569660346,5.221801296920603,2.172711739546673
08 Jun 2026 11:26:03.053,645963.0534748896,31199.97685286871,32923907.5380372,135995654.8832053,58941642.37924987,-28.72174260950059,5.22013458714073,2.172009548859103
08 Jun 2026 11:30:33.779,646233.7786139105,31199.97998626152,32916131.89075924,135997067.8962984,58942230.30897271,-28.72136962185134,5.218593840609621,2.171360484081277
08 Jun 2026 11:34:54.429,646494.4287051097,31199.98300304498,32908645.70997431,135998427.9299762,58942796.19286308,-28.72101027884722,5.217110823154443,2.170735790532196
08 Jun 2026 11:39:17.596,646757.5960908551,31199.9860489638,32901087.32454931,135999800.7064097,58943367.37675645,-28.72064723068225,5.215613871553353,2.170105279166286
08 Jun 2026 11:43:57.148,647037.1482436429,31199.98928452113,32893058.45973027,136001258.5202783,58943973.9407684,-28.72026132117555,5.21402414769285,2.16943574931666
08 Jun 2026 11:46:33.301,647193.3005006053,31199.99109183891,32888573.74294256,136002072.6325994,58944312.67386492,-28.72004564424247,5.213136351547164,2.16906186964285
