CislunarSat.UTCGregorian,CislunarSat.ElapsedSecs,CislunarSat.A1ModJulian,Luna.EarthLunaRotating.X,Luna.EarthLunaRotating.Y,Luna.EarthLunaRotating.Z,Luna.EarthLunaRotating.VX,Luna.EarthLunaRotating.VY,Luna.EarthLunaRotating.VZ
01 Jun 2026 00:00:00.000,0,31192.50042863868,406353.7116627262,-2.000888343900442e-11,2.91038304567337e-11,0.001501451116775687,2.220446049250313e-16,1.387778780781446e-17
01 Jun 2026 00:01:00.000,59.99999988125637,31192.50112308312,406353.801585443,1.637090463191271e-11,-2.91038304567337e-11,0.001495972746765058,1.110223024625157e-16,-6.938893903907228e-18
01 Jun 2026 00:03:12.977,192.9773640003987,31192.50266217298,406353.9997086354,-3.637978807091713e-12,0,0.001483830355767969,-2.220446049250313e-16,-6.938893903907228e-18
01 Jun 2026 00:05:31.271,331.2713288585655,31192.50426279757,406354.2040401777,2.182787284255028e-11,0,0.001471201417699797,0,0
01 Jun 2026 00:07:51.762,471.7620112700388,31192.50588884714,406354.4098289874,-5.456968210637569e-12,0,0.001458370748571698,0,0
01 Jun 2026 00:10:47.242,647.2417735378258,31192.50791986291,406354.6643372942,5.456968210637569e-12,0,0.001442343014223219,0,1.387778780781446e-17
01 Jun 2026 00:13:28.226,808.2256864872761,31192.50978310264,406354.8953476786,1.455191522836685e-11,0,0.00142763771886998,-2.220446049250313e-16,0
01 Jun 2026 00:16:13.470,973.469702876173,31192.51169564913,406355.1300090292,0,0,0.001412541720670971,0,1.387778780781446e-17
01 Jun 2026 00:19:16.509,1156.509349518456,31192.51381416355,406355.3870296574,-1.2732925824821e-11,0,0.001395818143895697,0,0
01 Jun 2026 00:22:47.231,1367.230694170576,31192.51625306801,406355.6791296439,-9.094947017729282e-12,0,0.001376563000403199,0,0
01 Jun 2026 00:26:54.270,1614.270219672471,31192.51911232177,406356.0164064711,5.456968210637569e-12,2.91038304567337e-11,0.001353985918348739,-1.110223024625157e-16,1.387778780781446e-17
01 Jun 2026 00:31:41.530,1901.529652811587,31192.52243708373,406356.4015804899,-1.2732925824821e-11,0,0.001327728653521782,-1.110223024625157e-16,0
01 Jun 2026 00:37:14.064,2234.063729422633,31192.52628585777,406356.8380408984,3.637978807091713e-12,0,0.0012973270046398,-1.110223024625157e-16,0
01 Jun 2026 00:43:44.694,2624.693727213889,31192.5308070383,406357.3378391334,0,2.91038304567337e-11,0.001261605733298761,0,6.938893903907228e-18
01 Jun 2026 00:51:33.355,3093.354889028706,31192.5362313573,406357.9190598096,-1.2732925824821e-11,-2.91038304567337e-11,0.00121873708199945,1.110223024625157e-16,-2.081668171172169e-17
01 Jun 2026 01:01:01.958,3661.957782693207,31192.54281240931,406358.5972465914,3.637978807091713e-12,-5.820766091346741e-11,0.001166709375978681,-1.110223024625157e-16,-2.775557561562891e-17
01 Jun 2026 01:12:10.057,4330.057120753918,31192.55054504054,406359.3562966429,-1.818989403545856e-12,0,0.001105553260132841,1.110223024625157e-16,-6.938893903907228e-18
01 Jun 2026 01:24:55.614,5095.614430122077,31192.55940565754,406360.1758267385,0,2.91038304567337e-11,0.001035443533107434,-3.33066907387547e-16,-6.938893903907228e-18
01 Jun 2026 01:39:30.649,5970.649442612194,31192.56953337759,406361.046799921,1.2732925824821e-11,-2.91038304567337e-11,0.0009552650208553941,-2.220446049250313e-16,-1.387778780781446e-17
01 Jun 2026 01:56:16.622,6976.621897111181,31192.5811765773,406361.9613834171,5.456968210637569e-12,2.91038304567337e-11,0.0008630320572693591,0,1.387778780781446e-17
01 Jun 2026 02:15:38.735,8138.73460998293,31192.59462695592,406362.9023767982,-3.637978807091713e-12,2.91038304567337e-11,0.00075640714888775,0,0
01 Jun 2026 02:40:02.206,9602.205773955211,31192.61156527958,406363.9110334614,0,-2.91038304567337e-11,0.0006220151843184599,0,-1.387778780781446e-17
01 Jun 2026 03:09:01.008,11341.00830039242,31192.63169030882,406364.853650658,-3.637978807091713e-12,0,0.0004621678201486151,1.110223024625157e-16,0
01 Jun 2026 03:39:01.008,13141.00830028765,31192.65252364215,406365.536478752,-1.818989403545856e-12,0,0.0002964962311821501,0,0
01 Jun 2026 04:09:01.008,14941.0083004972,31192.67335697549,406365.92091457,-5.456968210637569e-12,0,0.0001306204427514827,1.110223024625157e-16,0
01 Jun 2026 04:39:01.008,16741.00830039242,31192.69419030882,406366.0065883778,1.2732925824821e-11,0,-3.546195856497097e-05,-2.220446049250313e-16,0
01 Jun 2026 05:09:01.008,18541.00830028765,31192.71502364215,406365.7931261124,-1.818989403545856e-12,5.820766091346741e-11,-0.0002017533704820988,-1.110223024625157e-16,1.387778780781446e-17
01 Jun 2026 05:39:01.008,20341.0083004972,31192.73585697549,406365.2801494088,-1.818989403545856e-12,0,-0.0003682561743229285,0,-1.387778780781446e-17
01 Jun 2026 06:09:01.008,22141.00830039242,31192.75669030882,406364.4672756309,1.091393642127514e-11,0,-0.0005349727347973184,-1.110223024625157e-16,0
01 Jun 2026 06:39:01.008,23941.00830028765,31192.77752364215,406363.3541179012,1.818989403545856e-12,-2.91038304567337e-11,-0.0007019053995791849,-1.110223024625157e-16,-2.081668171172169e-17
01 Jun 2026 07:09:01.008,25741.0083004972,31192.79835697549,406361.9402851319,-1.091393642127514e-11,-2.91038304567337e-11,-0.0008690564990585861,0,0
01 Jun 2026 07:39:01.008,27541.00830039242,31192.81919030882,406360.2253820567,-8.185452315956354e-12,0,-0.001036428345804294,2.220446049250313e-16,1.387778780781446e-17
01 Jun 2026 08:09:01.008,29341.00830028765,31192.84002364215,406358.2090092629,0,0,-0.001204023234288889,0,-1.387778780781446e-17
01 Jun 2026 08:39:01.008,31141.0083004972,31192.86085697549,406355.8907632231,-8.185452315956354e-12,0,-0.001371843440644852,1.110223024625157e-16,-6.938893903907228e-18
01 Jun 2026 09:09:01.008,32941.00830039242,31192.88169030882,406353.2702363324,7.275957614183426e-12,0,-0.001539891221982595,-2.220446049250313e-16,-3.469446951953614e-18
01 Jun 2026 09:39:01.008,34741.00830028765,31192.90252364215,406350.3470169374,-2.728484105318785e-12,2.91038304567337e-11,-0.001708168816441267,-1.110223024625157e-16,3.469446951953614e-18
01 Jun 2026 10:09:01.008,36541.0083004972,31192.92335697549,406347.1206893753,-1.818989403545856e-12,-2.91038304567337e-11,-0.00187667844250863,1.110223024625157e-16,-1.040834085586084e-17
01 Jun 2026 10:39:01.008,38341.00830039242,31192.94419030882,406343.590834008,1.818989403545856e-12,-2.91038304567337e-11,-0.00204542229878126,0,-6.938893903907228e-18
01 Jun 2026 11:09:01.008,40141.00830028765,31192.96502364215,406339.7570272564,1.818989403545856e-12,2.91038304567337e-11,-0.002214402563697237,-1.110223024625157e-16,6.938893903907228e-18
01 Jun 2026 11:39:01.008,41941.0083004972,31192.98585697549,406335.6188416403,-1.818989403545856e-12,0,-0.002383621395004266,0,-6.938893903907228e-18
01 Jun 2026 12:09:01.008,43741.00830039242,31193.00669030882,406331.1758458141,-1.818989403545856e-12,0,-0.00255308092952449,-1.110223024625157e-16,3.469446951953614e-18
01 Jun 2026 12:39:01.008,45541.00830028765,31193.02752364215,406326.4276046054,3.637978807091713e-12,0,-0.002722783282742062,-1.110223024625157e-16,1.734723475976807e-18
01 Jun 2026 13:09:01.008,47341.0083004972,31193.04835697549,406321.3736790504,-4.547473508864641e-12,0,-0.002892730548600893,0,-3.469446951953614e-18
01 Jun 2026 13:39:01.008,49141.00830039242,31193.06919030882,406316.0136264418,-2.728484105318785e-12,2.91038304567337e-11,-0.003062924798827406,-1.110223024625157e-16,1.387778780781446e-17
01 Jun 2026 14:09:01.008,50941.00830028765,31193.09002364215,406310.3470003583,0,0,-0.003233368082967291,1.110223024625157e-16,-6.938893903907228e-18
01 Jun 2026 14:39:01.008,52741.0083004972,31193.11085697549,406304.3733507089,-7.275957614183426e-12,2.91038304567337e-11,-0.003404062427860304,0,1.734723475976807e-18
01 Jun 2026 15:09:01.008,54541.00830039242,31193.13169030882,406298.0922237819,2.046363078989089e-12,-2.91038304567337e-11,-0.003575009837113774,-1.110223024625157e-16,4.336808689942018e-18
01 Jun 2026 15:39:01.008,56341.00830028765,31193.15252364215,406291.503162272,1.364242052659392e-12,2.91038304567337e-11,-0.003746212291144981,2.220446049250313e-16,-2.602085213965211e-18
01 Jun 2026 16:09:01.008,58141.0083004972,31193.17335697549,406284.6057053356,-4.320099833421409e-12,0,-0.003917671746508845,-1.110223024625157e-16,6.938893903907228e-18
01 Jun 2026 16:39:01.008,59941.00830039242,31193.19419030882,406277.399388627,1.364242052659392e-12,-2.91038304567337e-11,-0.004089390135703834,0,-3.252606517456513e-18
01 Jun 2026 17:09:01.008,61741.00830028765,31193.21502364215,406269.8837443462,-1.165290086646564e-12,2.91038304567337e-11,-0.004261369366770443,1.110223024625157e-16,4.662069341687669e-18
01 Jun 2026 17:39:01.008,63541.0083004972,31193.23585697549,406262.0583012745,-1.27897692436818e-12,2.91038304567337e-11,-0.004433611323100942,-3.33066907387547e-16,0
01 Jun 2026 18:09:01.008,65341.00830039242,31193.25669030882,406253.9225848363,1.932676241267473e-12,0,-0.004606117862769122,2.220446049250313e-16,1.734723475976807e-18
01 Jun 2026 18:39:01.008,67141.00830028765,31193.27752364215,406245.4761171251,-1.364242052659392e-12,0,-0.004778890818583736,-1.110223024625157e-16,8.673617379884035e-19
01 Jun 2026 19:09:01.008,68941.0083004972,31193.29835697549,406236.7184169589,-2.955857780762017e-12,-2.91038304567337e-11,-0.004951931997571088,0,5.204170427930421e-18
01 Jun 2026 19:39:01.008,70741.00830039242,31193.31919030882,406227.6489999352,6.821210263296962e-13,0,-0.005125243180458674,-1.110223024625157e-16,1.040834085586084e-17
01 Jun 2026 20:09:01.008,72541.00830028765,31193.34002364215,406218.2673784596,0,-2.91038304567337e-11,-0.00529882612173356,-1.110223024625157e-16,0
01 Jun 2026 20:39:01.008,74341.0083004972,31193.36085697549,406208.5730618094,-2.728484105318785e-12,0,-0.005472682548977518,-1.110223024625157e-16,-3.469446951953614e-18
01 Jun 2026 21:09:01.008,76141.00830039242,31193.38169030882,406198.5655561753,-9.094947017729282e-13,0,-0.005646814162686808,-2.220446049250313e-16,-5.204170427930421e-18
01 Jun 2026 21:39:01.008,77941.00830028765,31193.40252364215,406188.2443647138,1.364242052659392e-12,-2.91038304567337e-11,-0.005821222635881238,-1.110223024625157e-16,0
01 Jun 2026 22:09:01.008,79741.0083004972,31193.42335697549,406177.6089875894,9.094947017729282e-13,0,-0.005995909613898124,-1.110223024625157e-16,-6.938893903907228e-18
01 Jun 2026 22:39:01.008,81541.00830039242,31193.44419030882,406166.6589220352,3.183231456205249e-12,-2.91038304567337e-11,-0.006170876713881687,-1.110223024625157e-16,3.469446951953614e-18
01 Jun 2026 23:09:01.008,83341.00830028765,31193.46502364215,406155.3936623995,9.094947017729282e-13,-2.91038304567337e-11,-0.00634612552454903,-1.110223024625157e-16,-6.938893903907228e-18
01 Jun 2026 23:39:01.008,85141.0083004972,31193.48585697549,406143.8127001891,1.818989403545856e-12,2.91038304567337e-11,-0.006521657605988215,-1.110223024625157e-16,-3.469446951953614e-18
02 Jun 2026 00:09:01.008,86941.00830039242,31193.50669030882,406131.915524142,1.818989403545856e-12,2.91038304567337e-11,-0.006697474488998437,-3.33066907387547e-16,-3.469446951953614e-18
02 Jun 2026 00:39:01.008,88741.00830028765,31193.52752364215,406119.7016202537,-9.094947017729282e-13,0,-0.006873577675197959,-2.220446049250313e-16,3.469446951953614e-18
02 Jun 2026 01:09:01.008,90541.0083004972,31193.54835697549,406107.1704718515,1.818989403545856e-12,2.91038304567337e-11,-0.007049968636366555,0,3.469446951953614e-18
02 Jun 2026 01:39:01.008,92341.00830039242,31193.56919030882,406094.3215596405,-1.818989403545856e-12,-2.91038304567337e-11,-0.007226648814249644,1.110223024625157e-16,-6.938893903907228e-18
02 Jun 2026 02:09:01.008,94141.00830028765,31193.59002364215,406081.1543617509,0,0,-0.007403619620334072,1.110223024625157e-16,-6.938893903907228e-18
02 Jun 2026 02:39:01.008,95941.0083004972,31193.61085697549,406067.6683538074,-9.094947017729282e-13,0,-0.007580882435347571,0,0
02 Jun 2026 03:09:01.008,97741.00830039242,31193.63169030882,406053.8630089741,0,2.91038304567337e-11,-0.007758438609068045,1.110223024625157e-16,0
02 Jun 2026 03:39:01.008,99541.00830028765,31193.65252364215,406039.7377980168,0,-5.820766091346741e-11,-0.007936289459949401,1.110223024625157e-16,1.387778780781446e-17
02 Jun 2026 04:09:01.008,101341.0083004972,31193.67335697549,406025.2921893485,-1.818989403545856e-12,0,-0.008114436274934734,0,0
02 Jun 2026 04:39:01.008,103141.0083003924,31193.69419030882,406010.5256491018,1.818989403545856e-12,0,-0.008292880308960773,0,6.938893903907228e-18
02 Jun 2026 05:09:01.008,104941.0083002876,31193.71502364215,405995.43764118,0,0,-0.008471622784742908,1.110223024625157e-16,-6.938893903907228e-18
02 Jun 2026 05:39:01.008,106741.0083004972,31193.73585697549,405980.0276273038,1.818989403545856e-12,-2.91038304567337e-11,-0.00865066489259431,-1.110223024625157e-16,0
02 Jun 2026 06:09:01.008,108541.0083003924,31193.75669030882,405964.2950670997,-1.818989403545856e-12,-2.91038304567337e-11,-0.008830007789777466,0,0
02 Jun 2026 06:39:01.008,110341.0083002876,31193.77752364215,405948.2394181219,3.637978807091713e-12,5.820766091346741e-11,-0.009009652600638865,1.110223024625157e-16,0
02 Jun 2026 07:09:01.008,112141.0083004972,31193.79835697549,405931.8601359416,-1.818989403545856e-12,0,-0.009189600415963547,-3.33066907387547e-16,-6.938893903907228e-18
02 Jun 2026 07:39:01.008,113941.0083003924,31193.81919030882,405915.1566741975,3.637978807091713e-12,2.91038304567337e-11,-0.009369852292800254,2.220446049250313e-16,-6.938893903907228e-18
02 Jun 2026 08:09:01.008,115741.0083002876,31193.84002364215,405898.1284846469,-1.818989403545856e-12,0,-0.009550409254257892,0,6.938893903907228e-18
02 Jun 2026 08:39:01.008,117541.0083004972,31193.86085697549,405880.7750172456,0,0,-0.009731272289020206,1.110223024625157e-16,6.938893903907228e-18
02 Jun 2026 09:09:01.008,119341.0083003924,31193.88169030882,405863.0957201974,0,0,-0.009912442351176796,0,-6.938893903907228e-18
02 Jun 2026 09:39:01.008,121141.0083002876,31193.90252364215,405845.090040024,-3.637978807091713e-12,0,-0.01009392035986675,-1.110223024625157e-16,0
02 Jun 2026 10:09:01.008,122941.0083004972,31193.92335697549,405826.7574216112,-5.456968210637569e-12,2.91038304567337e-11,-0.01027570719914569,-1.110223024625157e-16,6.938893903907228e-18
02 Jun 2026 10:39:01.008,124741.0083003924,31193.94419030882,405808.0973083078,0,-2.91038304567337e-11,-0.010457803717347,-2.220446049250313e-16,0
02 Jun 2026 11:09:01.008,126541.0083002876,31193.96502364215,405789.1091419484,9.094947017729282e-12,0,-0.01064021072720615,0,0
02 Jun 2026 11:39:01.008,128341.0083004972,31193.98585697549,405769.792362937,-3.637978807091713e-12,-2.91038304567337e-11,-0.01082292900538459,0,1.387778780781446e-17
02 Jun 2026 12:09:01.008,130141.0083003924,31194.00669030882,405750.1464103324,1.818989403545856e-12,2.91038304567337e-11,-0.01100595929199281,0,0
02 Jun 2026 12:39:01.008,131941.0083002876,31194.02752364215,405730.1707218704,-1.818989403545856e-12,-5.820766091346741e-11,-0.01118930229072237,0,1.387778780781446e-17
02 Jun 2026 13:09:01.008,133741.0083004972,31194.04835697549,405709.8647340672,-7.275957614183426e-12,0,-0.01137295866821383,-1.110223024625157e-16,0
02 Jun 2026 13:39:01.008,135541.0083003924,31194.06919030882,405689.2278822723,0,2.91038304567337e-11,-0.01155692905390445,1.110223024625157e-16,-1.387778780781446e-17
02 Jun 2026 14:09:01.008,137341.0083002876,31194.09002364215,405668.2596007255,3.637978807091713e-12,2.91038304567337e-11,-0.0117412140398474,-1.110223024625157e-16,0
02 Jun 2026 14:39:01.008,139141.0083004972,31194.11085697549,405646.9593226453,-7.275957614183426e-12,-2.91038304567337e-11,-0.01192581418024284,2.220446049250313e-16,-1.387778780781446e-17
02 Jun 2026 15:09:01.008,140941.0083003924,31194.13169030882,405625.3264802835,-5.456968210637569e-12,-2.91038304567337e-11,-0.01211072999129246,-1.110223024625157e-16,1.387778780781446e-17
02 Jun 2026 15:39:01.008,142741.0083002876,31194.15252364215,405603.3605050007,-3.637978807091713e-12,-2.91038304567337e-11,-0.01229596195086261,-1.110223024625157e-16,1.387778780781446e-17
02 Jun 2026 16:09:01.008,144541.0083004972,31194.17335697549,405581.0608273171,-3.637978807091713e-12,0,-0.01248151049837565,0,0
02 Jun 2026 16:39:01.008,146341.0083003924,31194.19419030882,405558.4268770233,-7.275957614183426e-12,5.820766091346741e-11,-0.01266737603418497,1.110223024625157e-16,0
02 Jun 2026 17:09:01.008,148141.0083002876,31194.21502364215,405535.4580832019,7.275957614183426e-12,5.820766091346741e-11,-0.01285355891972926,-1.110223024625157e-16,-1.387778780781446e-17
02 Jun 2026 17:39:01.008,149941.0083004972,31194.23585697549,405512.1538743192,3.637978807091713e-12,2.91038304567337e-11,-0.01304005947707362,0,-1.387778780781446e-17
02 Jun 2026 18:09:01.008,151741.0083003924,31194.25669030882,405488.5136783222,-1.091393642127514e-11,5.820766091346741e-11,-0.01322687798845022,0,-4.163336342344337e-17
02 Jun 2026 18:39:01.008,153541.0083002876,31194.27752364215,405464.5369226572,-7.275957614183426e-12,-2.91038304567337e-11,-0.01341401469642072,-1.110223024625157e-16,-1.387778780781446e-17
02 Jun 2026 19:09:01.008,155341.0083004972,31194.29835697549,405440.2230343862,1.455191522836685e-11,0,-0.01360146980325835,0,0
02 Jun 2026 19:39:01.008,157141.0083003924,31194.31919030882,405415.571440244,7.275957614183426e-12,0,-0.01378924347082023,-2.220446049250313e-16,-1.387778780781446e-17
02 Jun 2026 20:09:01.008,158941.0083002876,31194.34002364215,405390.5815666972,-3.637978807091713e-12,5.820766091346741e-11,-0.01397733582039061,-1.110223024625157e-16,-1.387778780781446e-17
02 Jun 2026 20:39:01.008,160741.0083004972,31194.36085697549,405365.2528400441,3.637978807091713e-12,2.91038304567337e-11,-0.01416574693223001,1.110223024625157e-16,-1.387778780781446e-17
02 Jun 2026 21:09:01.008,162541.0083003924,31194.38169030882,405339.5846864713,-7.275957614183426e-12,-2.91038304567337e-11,-0.01435447684545477,1.110223024625157e-16,0
02 Jun 2026 21:39:01.008,164341.0083002876,31194.40252364215,405313.5765321367,-1.091393642127514e-11,0,-0.01454352555772068,-2.220446049250313e-16,1.387778780781446e-17
02 Jun 2026 22:09:01.008,166141.0083004972,31194.42335697549,405287.2278032263,0,2.91038304567337e-11,-0.0147328930251077,1.110223024625157e-16,-1.387778780781446e-17
02 Jun 2026 22:39:01.008,167941.0083003924,31194.44419030882,405260.5379260563,3.637978807091713e-12,0,-0.01492257916167535,0,-1.387778780781446e-17
02 Jun 2026 23:09:01.008,169741.0083002876,31194.46502364215,405233.506327136,-3.637978807091713e-12,0,-0.0151125838393172,0,0
02 Jun 2026 23:39:01.008,171541.0083004972,31194.48585697549,405206.1324332241,-1.818989403545856e-11,0,-0.01530290688765198,-2.220446049250313e-16,0
03 Jun 2026 00:09:01.008,173341.0083003924,31194.50669030882,405178.4156714581,-3.637978807091713e-12,0,-0.01549354809341778,0,-1.387778780781446e-17
03 Jun 2026 00:39:01.008,175141.0083002876,31194.52752364215,405150.3554693639,0,0,-0.01568450720069884,-1.110223024625157e-16,0
03 Jun 2026 01:09:01.008,176941.0083004972,31194.54835697549,405121.9512549865,-1.455191522836685e-11,-2.91038304567337e-11,-0.01587578391032383,-1.110223024625157e-16,1.387778780781446e-17
03 Jun 2026 01:39:01.008,178741.0083003924,31194.56919030882,405093.2024569482,-3.637978807091713e-12,0,-0.01606737787976376,0,0
03 Jun 2026 02:09:01.008,180541.0083002876,31194.59002364215,405064.1085045126,1.818989403545856e-11,-2.91038304567337e-11,-0.01625928872300109,3.33066907387547e-16,0
03 Jun 2026 02:39:01.008,182341.0083004972,31194.61085697549,405034.6688276919,-7.275957614183426e-12,0,-0.01645151601009753,1.110223024625157e-16,-1.387778780781446e-17
03 Jun 2026 03:09:01.008,184141.0083003924,31194.63169030882,405004.8828573072,-1.818989403545856e-11,2.91038304567337e-11,-0.0166440592671008,0,-2.775557561562891e-17
03 Jun 2026 03:39:01.008,185941.0083002876,31194.65252364215,404974.7500250777,-3.637978807091713e-12,0,-0.01683691797574979,-1.110223024625157e-16,0
03 Jun 2026 04:09:01.008,187741.0083004972,31194.67335697549,404944.2697636796,3.637978807091713e-12,0,-0.01703009157338632,-1.110223024625157e-16,0
03 Jun 2026 04:39:01.008,189541.0083003924,31194.69419030882,404913.441506858,-2.182787284255028e-11,2.91038304567337e-11,-0.01722357945252993,0,0
03 Jun 2026 05:09:01.008,191341.0083002876,31194.71502364215,404882.264689492,1.818989403545856e-11,2.91038304567337e-11,-0.0174173809607589,1.110223024625157e-16,0
03 Jun 2026 05:39:01.008,193141.0083004972,31194.73585697549,404850.738747654,1.455191522836685e-11,0,-0.01761149540062804,-1.110223024625157e-16,0
03 Jun 2026 06:09:01.008,194941.0083003924,31194.75669030882,404818.8631187505,-2.182787284255028e-11,2.91038304567337e-11,-0.01780592202907927,-1.110223024625157e-16,-2.775557561562891e-17
03 Jun 2026 06:39:01.008,196741.0083002876,31194.77752364215,404786.6372415342,0,0,-0.01800066005766883,-1.110223024625157e-16,5.551115123125783e-17
03 Jun 2026 07:09:01.008,198541.0083004972,31194.79835697549,404754.0605562174,1.818989403545856e-11,-2.91038304567337e-11,-0.01819570865215221,0,0
03 Jun 2026 07:39:01.008,200341.0083003924,31194.81919030882,404721.1325045897,-1.091393642127514e-11,2.91038304567337e-11,-0.01839106693206972,1.110223024625157e-16,-2.775557561562891e-17
03 Jun 2026 08:09:01.008,202141.0083002876,31194.84002364215,404687.8525300268,1.091393642127514e-11,-2.91038304567337e-11,-0.01858673397098129,-2.220446049250313e-16,2.775557561562891e-17
03 Jun 2026 08:39:01.008,203941.0083004972,31194.86085697549,404654.2200776372,3.637978807091713e-12,0,-0.01878270879588646,0,2.775557561562891e-17
03 Jun 2026 09:09:01.008,205741.0083003924,31194.88169030882,404620.2345943226,-7.275957614183426e-12,0,-0.0189789903871569,1.110223024625157e-16,0
03 Jun 2026 09:39:01.008,207541.0083002876,31194.90252364215,404585.8955288444,-3.637978807091713e-12,2.91038304567337e-11,-0.0191755776784381,-1.110223024625157e-16,-2.775557561562891e-17
03 Jun 2026 10:09:01.008,209341.0083004972,31194.92335697549,404551.2023319434,3.637978807091713e-12,2.91038304567337e-11,-0.01937246955624476,-1.110223024625157e-16,0
03 Jun 2026 10:39:01.008,211141.0083003924,31194.94419030882,404516.1544564017,-7.275957614183426e-12,0,-0.0195696648599004,0,2.775557561562891e-17
03 Jun 2026 11:09:01.008,212941.0083002876,31194.96502364215,404480.7513571389,0,-2.91038304567337e-11,-0.01976716238127399,0,2.775557561562891e-17
03 Jun 2026 11:39:01.008,214741.0083004972,31194.98585697549,404444.9924912736,1.818989403545856e-11,0,-0.01996496086472539,1.110223024625157e-16,0
03 Jun 2026 12:09:01.008,216541.0083003924,31195.00669030882,404408.8773182465,1.818989403545856e-11,0,-0.02016305900670723,-1.110223024625157e-16,2.775557561562891e-17
03 Jun 2026 12:39:01.008,218341.0083002876,31195.02752364215,404372.4052998875,-1.091393642127514e-11,5.820766091346741e-11,-0.02036145545568058,-1.110223024625157e-16,-5.551115123125783e-17
03 Jun 2026 13:09:01.008,220141.0083004972,31195.04835697549,404335.5759004776,2.546585164964199e-11,2.91038304567337e-11,-0.02056014881206711,3.33066907387547e-16,0
03 Jun 2026 13:39:01.008,221941.0083003924,31195.06919030882,404298.3885869049,-3.637978807091713e-12,0,-0.02075913762768375,1.110223024625157e-16,0
03 Jun 2026 14:09:01.008,223741.0083002876,31195.09002364215,404260.8428286698,0,2.91038304567337e-11,-0.02095842040601184,0,0
03 Jun 2026 14:39:01.008,225541.0083004972,31195.11085697549,404222.9380980093,-1.091393642127514e-11,-2.91038304567337e-11,-0.02115799560181003,-1.110223024625157e-16,0
03 Jun 2026 15:09:01.008,227341.0083003924,31195.13169030882,404184.6738700261,-2.91038304567337e-11,-2.91038304567337e-11,-0.02135786162072691,-1.110223024625157e-16,2.775557561562891e-17
03 Jun 2026 15:39:01.008,229141.0083002876,31195.15252364215,404146.0496226903,3.637978807091713e-12,2.91038304567337e-11,-0.02155801681958001,1.110223024625157e-16,0
03 Jun 2026 16:09:01.008,230941.0083004972,31195.17335697549,404107.0648370004,-1.091393642127514e-11,0,-0.02175845950579806,0,0
03 Jun 2026 16:39:01.008,232741.0083003924,31195.19419030882,404067.7189970464,-1.455191522836685e-11,-2.91038304567337e-11,-0.02195918793739085,0,2.775557561562891e-17
03 Jun 2026 17:09:01.008,234541.0083002876,31195.21502364215,404028.0115900778,7.275957614183426e-12,0,-0.0221602003228855,0,0
03 Jun 2026 17:39:01.008,236341.0083004972,31195.23585697549,403987.942106634,-7.275957614183426e-12,2.91038304567337e-11,-0.0223614948209508,-1.110223024625157e-16,-2.775557561562891e-17
03 Jun 2026 18:09:01.008,238141.0083003924,31195.25669030882,403947.5100406072,-7.275957614183426e-12,0,-0.02256306954037274,-1.110223024625157e-16,-2.775557561562891e-17
03 Jun 2026 18:39:01.008,239941.0083002876,31195.27752364215,403906.7148893457,-7.275957614183426e-12,2.91038304567337e-11,-0.02276492253982325,1.110223024625157e-16,2.775557561562891e-17
03 Jun 2026 19:09:01.008,241741.0083004972,31195.29835697549,403865.5561537158,0,2.91038304567337e-11,-0.02296705182784135,1.110223024625157e-16,0
03 Jun 2026 19:39:01.008,243541.0083003924,31195.31919030882,403824.0333382356,7.275957614183426e-12,0,-0.02316945536246585,2.220446049250313e-16,2.775557561562891e-17
03 Jun 2026 20:09:01.008,245341.0083002876,31195.34002364215,403782.1459511443,1.455191522836685e-11,0,-0.02337213105118507,-2.220446049250313e-16,2.775557561562891e-17
03 Jun 2026 20:39:01.008,247141.0083004972,31195.36085697549,403739.8935044633,-1.455191522836685e-11,2.91038304567337e-11,-0.0235750767509272,1.110223024625157e-16,0
03 Jun 2026 21:09:01.008,248941.0083003924,31195.38169030882,403697.2755141697,1.455191522836685e-11,-2.91038304567337e-11,-0.02377829026752007,1.110223024625157e-16,0
03 Jun 2026 21:39:01.008,250741.0083002876,31195.40252364215,403654.2915001909,7.275957614183426e-12,-2.91038304567337e-11,-0.02398176935600453,1.110223024625157e-16,2.775557561562891e-17
03 Jun 2026 22:09:01.008,252541.0083004972,31195.42335697549,403610.9409865416,7.275957614183426e-12,0,-0.02418551172027669,1.110223024625157e-16,2.775557561562891e-17
03 Jun 2026 22:39:01.008,254341.0083003924,31195.44419030882,403567.2235014604,1.455191522836685e-11,0,-0.02438951501273109,0,2.775557561562891e-17
03 Jun 2026 23:09:01.008,256141.0083002876,31195.46502364215,403523.1385774051,-1.455191522836685e-11,0,-0.02459377683458309,0,0
03 Jun 2026 23:39:01.008,257941.0083004972,31195.48585697549,403478.6857512281,1.455191522836685e-11,-2.91038304567337e-11,-0.02479829473533852,0,2.775557561562891e-17
04 Jun 2026 00:09:01.008,259741.0083003924,31195.50669030882,403433.8645642395,-1.455191522836685e-11,2.91038304567337e-11,-0.02500306621280092,1.110223024625157e-16,0
04 Jun 2026 00:39:01.008,261541.0083002876,31195.52752364215,403388.674562276,7.275957614183426e-12,0,-0.02520808871304459,0,-2.775557561562891e-17
04 Jun 2026 01:09:01.008,263341.0083004972,31195.54835697549,403343.1152958425,7.275957614183426e-12,-2.91038304567337e-11,-0.02541335963006977,1.110223024625157e-16,0
04 Jun 2026 01:39:01.008,265141.0083003924,31195.56919030882,403297.1863201729,1.455191522836685e-11,0,-0.02561887630581698,0,0
04 Jun 2026 02:09:01.008,266941.0083002876,31195.59002364215,403250.8871953411,-7.275957614183426e-12,2.91038304567337e-11,-0.0258246360299684,-1.110223024625157e-16,-2.775557561562891e-17
04 Jun 2026 02:39:01.008,268741.0083004972,31195.61085697549,403204.2174863222,7.275957614183426e-12,2.91038304567337e-11,-0.0260306360399689,-3.33066907387547e-16,0
04 Jun 2026 03:09:01.008,270541.0083003924,31195.63169030882,403157.1767631355,-1.455191522836685e-11,0,-0.02623687352068832,0,2.775557561562891e-17
04 Jun 2026 03:39:01.008,272341.0083002876,31195.65252364215,403109.7646009151,-1.455191522836685e-11,-2.91038304567337e-11,-0.02644334560441021,-1.110223024625157e-16,2.775557561562891e-17
04 Jun 2026 04:09:01.008,274141.0083004972,31195.67335697549,403061.980579971,1.455191522836685e-11,2.91038304567337e-11,-0.02665004937086077,0,-2.775557561562891e-17
04 Jun 2026 04:39:01.008,275941.0083003924,31195.69419030882,403013.8242859758,-3.637978807091713e-11,0,-0.02685698184669688,3.33066907387547e-16,-2.775557561562891e-17
04 Jun 2026 05:09:01.008,277741.0083002876,31195.71502364215,402965.2953099512,-7.275957614183426e-12,0,-0.02706414000586402,-1.110223024625157e-16,2.775557561562891e-17
04 Jun 2026 05:39:01.008,279541.0083004972,31195.73585697549,402916.3932484136,-7.275957614183426e-12,-2.91038304567337e-11,-0.02727152076927182,0,2.775557561562891e-17
04 Jun 2026 06:09:01.008,281341.0083003924,31195.75669030882,402867.1177035207,7.275957614183426e-12,0,-0.02747912100446898,0,-2.775557561562891e-17
04 Jun 2026 06:39:01.008,283141.0083002876,31195.77752364215,402817.468283065,-7.275957614183426e-12,-2.91038304567337e-11,-0.02768693752597419,0,0
04 Jun 2026 07:09:01.008,284941.0083004972,31195.79835697549,402767.4446006207,-7.275957614183426e-12,-2.91038304567337e-11,-0.02789496709495774,0,0
04 Jun 2026 07:39:01.008,286741.0083003924,31195.81919030882,402717.0462756926,0,0,-0.02810320641892425,0,-2.775557561562891e-17
04 Jun 2026 08:09:01.008,288541.0083002876,31195.84002364215,402666.2729336984,-7.275957614183426e-12,2.91038304567337e-11,-0.02831165215208864,-1.110223024625157e-16,-5.551115123125783e-17
04 Jun 2026 08:39:01.008,290341.0083004972,31195.86085697549,402615.1242061619,1.455191522836685e-11,0,-0.02852030089488278,-1.110223024625157e-16,-2.775557561562891e-17
04 Jun 2026 09:09:01.008,292141.0083003924,31195.88169030882,402563.5997307748,-7.275957614183426e-12,0,-0.02872914919400814,-1.110223024625157e-16,0
04 Jun 2026 09:39:01.008,293941.0083002876,31195.90252364215,402511.6991514659,0,2.91038304567337e-11,-0.02893819354245911,-1.110223024625157e-16,-2.775557561562891e-17
04 Jun 2026 10:09:01.008,295741.0083004972,31195.92335697549,402459.4221185521,-1.455191522836685e-11,0,-0.02914743037921499,-1.110223024625157e-16,5.551115123125783e-17
04 Jun 2026 10:39:01.008,297541.0083003924,31195.94419030882,402406.7682888001,0,0,-0.02935685608930505,0,0
04 Jun 2026 11:09:01.008,299341.0083002876,31195.96502364215,402353.7373255409,0,2.91038304567337e-11,-0.02956646700365262,2.220446049250313e-16,-2.775557561562891e-17
04 Jun 2026 11:39:01.008,301141.0083004972,31195.98585697549,402300.3288987312,7.275957614183426e-12,-2.91038304567337e-11,-0.0297762593991435,-2.220446049250313e-16,2.775557561562891e-17
04 Jun 2026 12:09:01.008,302941.0083003924,31196.00669030882,402246.5426851056,2.91038304567337e-11,2.91038304567337e-11,-0.02998622949833205,0,-2.775557561562891e-17
04 Jun 2026 12:39:01.008,304741.0083002876,31196.02752364215,402192.3783682475,7.275957614183426e-12,0,-0.03019637346947543,1.110223024625157e-16,2.775557561562891e-17
04 Jun 2026 13:09:01.008,306541.0083004972,31196.04835697549,402137.8356386576,-1.455191522836685e-11,0,-0.03040668742657486,0,0
04 Jun 2026 13:39:01.008,308341.0083003924,31196.06919030882,402082.914193909,-2.91038304567337e-11,2.91038304567337e-11,-0.03061716742908795,0,2.775557561562891e-17
04 Jun 2026 14:09:01.008,310141.0083002876,31196.09002364215,402027.6137387169,5.093170329928398e-11,0,-0.03082780948197229,1.110223024625157e-16,2.775557561562891e-17
04 Jun 2026 14:39:01.008,311941.0083004972,31196.11085697549,401971.933984998,-2.91038304567337e-11,2.91038304567337e-11,-0.03103860953577103,1.110223024625157e-16,0
04 Jun 2026 15:09:01.008,313741.0083003924,31196.13169030882,401915.8746520752,0,-2.91038304567337e-11,-0.03124956348614844,-1.110223024625157e-16,2.775557561562891e-17
04 Jun 2026 15:39:01.008,315541.0083002876,31196.15252364215,401859.4354666499,3.637978807091713e-11,0,-0.03146066717431094,2.220446049250313e-16,0
04 Jun 2026 16:09:01.008,317341.0083004972,31196.17335697549,401802.6161629583,-7.275957614183426e-12,0,-0.03167191638673253,0,0
04 Jun 2026 16:39:01.008,319141.0083003924,31196.19419030882,401745.4164829298,0,-2.91038304567337e-11,-0.03188330685488099,1.110223024625157e-16,5.551115123125783e-17
04 Jun 2026 17:09:01.008,320941.0083002876,31196.21502364215,401687.8361761568,0,2.91038304567337e-11,-0.03209483425564931,0,0
04 Jun 2026 17:39:01.008,322741.0083004972,31196.23585697549,401629.8750001026,2.182787284255028e-11,0,-0.03230649421090319,1.110223024625157e-16,2.775557561562891e-17
04 Jun 2026 18:09:01.008,324541.0083003924,31196.25669030882,401571.5327201608,0,2.91038304567337e-11,-0.03251828228758541,0,-2.775557561562891e-17
04 Jun 2026 18:39:01.008,326341.0083002876,31196.27752364215,401512.8091097235,0,0,-0.03273019399778669,3.33066907387547e-16,0
04 Jun 2026 19:09:01.008,328141.0083004972,31196.29835697549,401453.7039503409,0,0,-0.03294222479848519,1.110223024625157e-16,5.551115123125783e-17
04 Jun 2026 19:39:01.008,329941.0083003924,31196.31919030882,401394.2170317904,-1.455191522836685e-11,2.91038304567337e-11,-0.03315437009162295,-2.220446049250313e-16,0
04 Jun 2026 20:09:01.008,331741.0083002876,31196.34002364215,401334.3481521444,2.91038304567337e-11,0,-0.03336662522418463,0,0
04 Jun 2026 20:39:01.008,333541.0083004972,31196.36085697549,401274.0971179315,5.820766091346741e-11,2.91038304567337e-11,-0.03357898548794633,-2.220446049250313e-16,-5.551115123125783e-17
04 Jun 2026 21:09:01.008,335341.0083003924,31196.38169030882,401213.4637441941,7.275957614183426e-12,0,-0.03379144611959706,-2.220446049250313e-16,0
04 Jun 2026 21:39:01.008,337141.0083002876,31196.40252364215,401152.4478546093,7.275957614183426e-12,0,-0.03400400230064031,-1.110223024625157e-16,-5.551115123125783e-17
04 Jun 2026 22:09:01.008,338941.0083004972,31196.42335697549,401091.0492815443,0,1.455191522836685e-11,-0.03421664915752262,0,0
04 Jun 2026 22:39:01.008,340741.0083003924,31196.44419030882,401029.2678662214,-2.91038304567337e-11,0,-0.03442938176139261,1.110223024625157e-16,-5.551115123125783e-17
04 Jun 2026 23:09:01.008,342541.0083002876,31196.46502364215,400967.1034587843,2.91038304567337e-11,1.455191522836685e-11,-0.03464219512819708,0,0
04 Jun 2026 23:39:01.008,344341.0083004972,31196.48585697549,400904.5559183535,1.455191522836685e-11,-2.91038304567337e-11,-0.03485508421881811,2.220446049250313e-16,5.551115123125783e-17
05 Jun 2026 00:09:01.008,346141.0083003924,31196.50669030882,400841.6251132471,-2.182787284255028e-11,-1.455191522836685e-11,-0.03506804393859179,1.110223024625157e-16,5.551115123125783e-17
05 Jun 2026 00:39:01.008,347941.0083002876,31196.52752364215,400778.3109209372,7.275957614183426e-12,0,-0.03528106913792292,2.220446049250313e-16,-5.551115123125783e-17
05 Jun 2026 01:09:01.008,349741.0083004972,31196.54835697549,400714.6132282141,-2.91038304567337e-11,0,-0.03549415461211416,-1.110223024625157e-16,0
05 Jun 2026 01:39:01.008,351541.0083003924,31196.56919030882,400650.5319313536,0,1.455191522836685e-11,-0.03570729510085412,1.110223024625157e-16,0
05 Jun 2026 02:09:01.008,353341.0083002876,31196.59002364215,400586.0669360828,-2.182787284255028e-11,-1.455191522836685e-11,-0.03592048528882844,2.220446049250313e-16,-5.551115123125783e-17
05 Jun 2026 02:39:01.008,355141.0083004972,31196.61085697549,400521.2181577455,-1.455191522836685e-11,0,-0.03613371980550253,-1.110223024625157e-16,0
05 Jun 2026 03:09:01.008,356941.0083003924,31196.63169030882,400455.9855214705,-7.275957614183426e-12,1.455191522836685e-11,-0.0363469932249067,-2.220446049250313e-16,-5.551115123125783e-17
05 Jun 2026 03:39:01.008,358741.0083002876,31196.65252364215,400390.3689621235,-7.275957614183426e-12,1.455191522836685e-11,-0.03656030006613099,1.110223024625157e-16,0
05 Jun 2026 04:09:01.008,360541.0083004972,31196.67335697549,400324.3684245306,-7.275957614183426e-12,-1.455191522836685e-11,-0.03677363479293021,-1.110223024625157e-16,0
05 Jun 2026 04:39:01.008,362341.0083003924,31196.69419030882,400257.9838635338,3.637978807091713e-11,1.455191522836685e-11,-0.03698699181389109,1.110223024625157e-16,-5.551115123125783e-17
05 Jun 2026 05:09:01.008,364141.0083002876,31196.71502364215,400191.2152440536,-1.455191522836685e-11,-2.91038304567337e-11,-0.03720036548256417,-1.110223024625157e-16,1.110223024625157e-16
05 Jun 2026 05:39:01.008,365941.0083004972,31196.73585697549,400124.062541259,2.91038304567337e-11,-2.91038304567337e-11,-0.03741375009726484,1.110223024625157e-16,0
05 Jun 2026 06:09:01.008,367741.0083003924,31196.75669030882,400056.5257406319,1.455191522836685e-11,2.91038304567337e-11,-0.03762713990121072,0,0
05 Jun 2026 06:39:01.008,369541.0083002876,31196.77752364215,399988.6048380304,0,1.455191522836685e-11,-0.03784052908266546,-1.110223024625157e-16,5.551115123125783e-17
05 Jun 2026 07:09:01.008,371341.0083004972,31196.79835697549,399920.2998398585,-2.182787284255028e-11,1.455191522836685e-11,-0.03805391177474698,0,-5.551115123125783e-17
05 Jun 2026 07:39:01.008,373141.0083003924,31196.81919030882,399851.6107631187,-1.455191522836685e-11,2.91038304567337e-11,-0.03826728205561414,1.110223024625157e-16,-5.551115123125783e-17
05 Jun 2026 08:09:01.008,374941.0083002876,31196.84002364215,399782.5376355342,1.455191522836685e-11,-2.91038304567337e-11,-0.03848063394843095,0,5.551115123125783e-17
05 Jun 2026 08:39:01.008,376741.0083004972,31196.86085697549,399713.0804955994,7.275957614183426e-12,1.455191522836685e-11,-0.03869396142155977,3.33066907387547e-16,0
05 Jun 2026 09:09:01.008,378541.0083003924,31196.88169030882,399643.2393927517,7.275957614183426e-12,0,-0.03890725838838284,1.110223024625157e-16,0
05 Jun 2026 09:39:01.008,380341.0083002876,31196.90252364215,399573.0143874337,-1.455191522836685e-11,0,-0.03912051870746396,0,0
05 Jun 2026 10:09:01.008,382141.0083004972,31196.92335697549,399502.4055511551,-5.093170329928398e-11,-2.91038304567337e-11,-0.03933373618271331,1.110223024625157e-16,0
05 Jun 2026 10:39:01.008,383941.0083003924,31196.94419030882,399431.4129666648,-3.637978807091713e-11,-1.455191522836685e-11,-0.03954690456321917,2.220446049250313e-16,0
05 Jun 2026 11:09:01.008,385741.0083002876,31196.96502364215,399360.0367280123,0,1.455191522836685e-11,-0.03976001754341968,0,-5.551115123125783e-17
05 Jun 2026 11:39:01.008,387541.0083004972,31196.98585697549,399288.2769406092,1.455191522836685e-11,0,-0.03997306876327676,-3.33066907387547e-16,-5.551115123125783e-17
05 Jun 2026 12:09:01.008,389341.0083003924,31197.00669030882,399216.1337214019,-3.637978807091713e-11,0,-0.04018605180811909,-1.110223024625157e-16,5.551115123125783e-17
05 Jun 2026 12:39:01.008,391141.0083002876,31197.02752364215,399143.6071989319,7.275957614183426e-12,0,-0.04039896020882228,0,0
05 Jun 2026 13:09:01.008,392941.0083004972,31197.04835697549,399070.6975133833,0,0,-0.04061178744203194,1.110223024625157e-16,5.551115123125783e-17
05 Jun 2026 13:39:01.008,394741.0083003924,31197.06919030882,398997.4048168208,2.182787284255028e-11,1.455191522836685e-11,-0.04082452692982882,0,-5.551115123125783e-17
05 Jun 2026 14:09:01.008,396541.0083002876,31197.09002364215,398923.729273121,7.275957614183426e-12,1.455191522836685e-11,-0.0410371720402931,-1.110223024625157e-16,-5.551115123125783e-17
05 Jun 2026 14:39:01.008,398341.0083004972,31197.11085697549,398849.671058147,-1.455191522836685e-11,-1.455191522836685e-11,-0.04124971608736336,0,5.551115123125783e-17
05 Jun 2026 15:09:01.008,400141.0083003924,31197.13169030882,398775.2303599225,-2.182787284255028e-11,0,-0.04146215233070073,0,0
05 Jun 2026 15:39:01.008,401941.0083002876,31197.15252364215,398700.4073785748,1.455191522836685e-11,-1.455191522836685e-11,-0.04167447397622451,-1.110223024625157e-16,5.551115123125783e-17
05 Jun 2026 16:09:01.008,403741.0083004972,31197.17335697549,398625.2023265093,-7.275957614183426e-12,-2.91038304567337e-11,-0.04188667417598146,0,-5.551115123125783e-17
05 Jun 2026 16:39:01.008,405541.0083003924,31197.19419030882,398549.615428584,2.91038304567337e-11,-1.455191522836685e-11,-0.04209874602802251,0,5.551115123125783e-17
05 Jun 2026 17:09:01.008,407341.0083002876,31197.21502364215,398473.6469220376,-1.455191522836685e-11,1.455191522836685e-11,-0.04231068257698237,-2.220446049250313e-16,-5.551115123125783e-17
05 Jun 2026 17:39:01.008,409141.0083004972,31197.23585697549,398397.2970567287,-7.275957614183426e-12,1.455191522836685e-11,-0.04252247681377848,-1.110223024625157e-16,-5.551115123125783e-17
05 Jun 2026 18:09:01.008,410941.0083003924,31197.25669030882,398320.5660951808,7.275957614183426e-12,0,-0.04273412167586484,1.110223024625157e-16,0
05 Jun 2026 18:39:01.008,412741.0083002876,31197.27752364215,398243.454312638,-2.182787284255028e-11,1.455191522836685e-11,-0.04294561004745508,0,-5.551115123125783e-17
05 Jun 2026 19:09:01.008,414541.0083004972,31197.29835697549,398165.9619972407,7.275957614183426e-12,1.455191522836685e-11,-0.04315693475941504,1.110223024625157e-16,0
05 Jun 2026 19:39:01.008,416341.0083003924,31197.31919030882,398088.0894500819,3.637978807091713e-11,0,-0.04336808858949233,0,0
05 Jun 2026 20:09:01.008,418141.0083002876,31197.34002364215,398009.8369852616,5.820766091346741e-11,0,-0.04357906426254865,-1.110223024625157e-16,0
05 Jun 2026 20:39:01.008,419941.0083004972,31197.36085697549,397931.2049300633,0,1.455191522836685e-11,-0.04378985445046485,-1.110223024625157e-16,0
05 Jun 2026 21:09:01.008,421741.0083003924,31197.38169030882,397852.1936250089,5.093170329928398e-11,1.455191522836685e-11,-0.04400045177238035,0,-5.551115123125783e-17
05 Jun 2026 21:39:01.008,423541.0083002876,31197.40252364215,397772.803423912,-1.455191522836685e-11,1.455191522836685e-11,-0.04421084879493718,-1.110223024625157e-16,0
05 Jun 2026 22:09:01.008,425341.0083004972,31197.42335697549,397693.0346940544,5.093170329928398e-11,-1.455191522836685e-11,-0.04442103803219612,1.110223024625157e-16,0
05 Jun 2026 22:39:01.008,427141.0083003924,31197.44419030882,397612.8878162263,-2.182787284255028e-11,0,-0.04463101194592448,1.110223024625157e-16,0
05 Jun 2026 23:09:01.008,428941.0083002876,31197.46502364215,397532.363184848,-2.91038304567337e-11,-1.455191522836685e-11,-0.04484076294566727,0,5.551115123125783e-17
05 Jun 2026 23:39:01.008,430741.0083004972,31197.48585697549,397451.4612080064,1.455191522836685e-11,2.91038304567337e-11,-0.04505028338904207,0,0
06 Jun 2026 00:09:01.008,432541.0083003924,31197.50669030882,397370.1823076346,7.275957614183426e-12,-2.91038304567337e-11,-0.04525956558167132,0,5.551115123125783e-17
06 Jun 2026 00:39:01.008,434341.0083002876,31197.52752364215,397288.5269195617,7.275957614183426e-12,1.455191522836685e-11,-0.04546860177744887,2.220446049250313e-16,-5.551115123125783e-17
06 Jun 2026 01:09:01.008,436141.0083004972,31197.54835697549,397206.4954935637,-2.91038304567337e-11,0,-0.04567738417880877,1.110223024625157e-16,0
06 Jun 2026 01:39:01.008,437941.0083003924,31197.56919030882,397124.0884935413,7.275957614183426e-12,1.455191522836685e-11,-0.04588590493667073,0,0
06 Jun 2026 02:09:01.008,439741.0083002876,31197.59002364215,397041.3063975698,0,1.455191522836685e-11,-0.04609415615071726,0,-5.551115123125783e-17
06 Jun 2026 02:39:01.008,441541.0083004972,31197.61085697549,396958.1496979479,-2.91038304567337e-11,1.455191522836685e-11,-0.04630212986967439,1.110223024625157e-16,-5.551115123125783e-17
06 Jun 2026 03:09:01.008,443341.0083003924,31197.63169030882,396874.6189013753,-1.455191522836685e-11,1.455191522836685e-11,-0.04650981809126972,-3.33066907387547e-16,-5.551115123125783e-17
06 Jun 2026 03:39:01.008,445141.0083002876,31197.65252364215,396790.7145290021,1.455191522836685e-11,-2.91038304567337e-11,-0.0467172127625216,0,5.551115123125783e-17
06 Jun 2026 04:09:01.008,446941.0083004972,31197.67335697549,396706.4371164605,0,-2.91038304567337e-11,-0.04692430578006655,-1.110223024625157e-16,0
06 Jun 2026 04:39:01.008,448741.0083003924,31197.69419030882,396621.7872141169,-5.820766091346741e-11,-1.455191522836685e-11,-0.04713108898995108,0,-5.551115123125783e-17
06 Jun 2026 05:09:01.008,450541.0083002876,31197.71502364215,396536.7653869718,0,-1.455191522836685e-11,-0.04733755418829244,-1.110223024625157e-16,1.110223024625157e-16
06 Jun 2026 05:39:01.008,452341.0083004972,31197.73585697549,396451.3722148369,-7.275957614183426e-12,1.455191522836685e-11,-0.04754369312125831,0,0
06 Jun 2026 06:09:01.008,454141.0083003924,31197.75669030882,396365.6082925156,-4.365574568510056e-11,0,-0.04774949748505143,-2.220446049250313e-16,0
06 Jun 2026 06:39:01.008,455941.0083002876,31197.77752364215,396279.4742297131,-7.275957614183426e-12,2.91038304567337e-11,-0.04795495892654614,-1.110223024625157e-16,-5.551115123125783e-17
06 Jun 2026 07:09:01.008,457741.0083004972,31197.79835697549,396192.970651214,1.455191522836685e-11,-1.455191522836685e-11,-0.04816006904328016,1.110223024625157e-16,-5.551115123125783e-17
06 Jun 2026 07:39:01.008,459541.0083003924,31197.81919030882,396106.0981970627,-2.91038304567337e-11,-1.455191522836685e-11,-0.04836481938345494,1.110223024625157e-16,0
06 Jun 2026 08:09:01.008,461341.0083002876,31197.84002364215,396018.8575224698,7.275957614183426e-12,1.455191522836685e-11,-0.04856920144658053,-1.110223024625157e-16,0
06 Jun 2026 08:39:01.008,463141.0083004972,31197.86085697549,395931.2492979905,0,0,-0.04877320668348295,0,0
06 Jun 2026 09:09:01.008,464941.0083003924,31197.88169030882,395843.2742097037,5.093170329928398e-11,0,-0.04897682649631721,0,0
06 Jun 2026 09:39:01.008,466741.0083002876,31197.90252364215,395754.9329591165,2.91038304567337e-11,-1.455191522836685e-11,-0.04918005223922435,0,5.551115123125783e-17
06 Jun 2026 10:09:01.008,468541.0083004972,31197.92335697549,395666.226263341,-2.91038304567337e-11,-1.455191522836685e-11,-0.04938287521835191,0,5.551115123125783e-17
06 Jun 2026 10:36:49.936,470209.9364347639,31197.94267327334,395583.6531263128,-1.455191522836685e-11,0,-0.04957056163506715,0,-5.551115123125783e-17
06 Jun 2026 11:02:27.036,471747.0361302956,31197.96046377907,395507.3255843692,-1.455191522836685e-11,0,-0.04974310374521204,1.110223024625157e-16,-5.551115123125783e-17
06 Jun 2026 11:24:41.226,473081.2262274907,31197.97590579409,395440.8590624175,4.365574568510056e-11,0,-0.04989261654997575,-1.110223024625157e-16,0
06 Jun 2026 11:46:33.301,474393.3005006053,31197.99109183891,395375.2999108552,1.455191522836685e-11,1.455191522836685e-11,-0.05003941859952743,0,-5.551115123125783e-17
06 Jun 2026 11:47:33.301,474453.3005004865,31197.99178628336,395372.2973445315,-2.91038304567337e-11,0,-0.05004612616094488,-2.220446049250313e-16,-5.551115123125783e-17
06 Jun 2026 11:50:21.073,474621.072545182,31197.99372808943,395363.8994304409,3.637978807091713e-11,1.455191522836685e-11,-0.05006487925027016,0,0
06 Jun 2026 11:56:35.740,474995.7401804742,31197.99806452039,395345.133897109,-1.455191522836685e-11,1.455191522836685e-11,-0.05010674469545497,0,-5.551115123125783e-17
06 Jun 2026 12:09:19.479,475759.4787871116,31198.0069040876,395306.8328705411,0,-2.91038304567337e-11,-0.05019202546052536,-1.110223024625157e-16,1.110223024625157e-16
06 Jun 2026 12:39:10.006,477550.0056338031,31198.02762777796,395216.7839245468,-2.182787284255028e-11,-1.455191522836685e-11,-0.05039164299017138,1.110223024625157e-16,0
06 Jun 2026 13:09:10.006,479350.0056340126,31198.04846111129,395125.8987011366,-3.637978807091713e-11,0,-0.05059186185530211,2.220446049250313e-16,0
06 Jun 2026 13:39:10.006,481150.0056339079,31198.06929444462,395034.653500919,2.182787284255028e-11,0,-0.05079161573071306,0,0
06 Jun 2026 14:03:59.148,482639.1480637249,31198.08652988941,394958.8947314458,3.637978807091713e-11,0,-0.05095651445335871,0,0
06 Jun 2026 14:25:12.624,483912.6241042977,31198.10126919544,394893.9131808417,3.637978807091713e-11,0,-0.05109727030051314,-1.110223024625157e-16,0
06 Jun 2026 14:43:15.017,484995.0169112999,31198.11379688996,394838.5412045159,0,0,-0.05121671400383439,1.110223024625157e-16,5.551115123125783e-17
06 Jun 2026 14:58:27.741,485907.7409327379,31198.1243608254,394791.7485679192,7.275957614183426e-12,-1.455191522836685e-11,-0.05131729587317133,-1.110223024625157e-16,5.551115123125783e-17
06 Jun 2026 15:11:06.948,486666.9476127019,31198.13314793975,394752.7564062584,-1.455191522836685e-11,-1.455191522836685e-11,-0.05140086263675424,0,0
06 Jun 2026 15:21:30.449,487290.4490015935,31198.14036439101,394720.6865193892,2.91038304567337e-11,0,-0.05146942538601977,-1.110223024625157e-16,0
06 Jun 2026 15:30:08.080,487808.0795071553,31198.14635548482,394694.0296528721,-1.455191522836685e-11,1.455191522836685e-11,-0.05152630009486461,-1.110223024625157e-16,-5.551115123125783e-17
06 Jun 2026 15:37:27.830,488247.8304716642,31198.15144519506,394671.3602949748,2.182787284255028e-11,-1.455191522836685e-11,-0.05157458478445129,1.110223024625157e-16,5.551115123125783e-17
06 Jun 2026 15:43:51.417,488631.4166542492,31198.15588484995,394651.5689230203,2.182787284255028e-11,0,-0.05161667771243872,1.110223024625157e-16,0
06 Jun 2026 15:49:34.319,488974.3187658023,31198.15985362439,394633.8630066473,-2.182787284255028e-11,-1.455191522836685e-11,-0.05165428647401316,-1.110223024625157e-16,0
06 Jun 2026 15:55:15.219,489315.2190723689,31198.16379922979,394616.2476741837,4.365574568510056e-11,1.455191522836685e-11,-0.05169165719152252,0,5.551115123125783e-17
06 Jun 2026 16:00:26.750,489626.7496431596,31198.16740490769,394600.1388252755,-7.275957614183426e-12,-1.455191522836685e-11,-0.05172579211706849,0,5.551115123125783e-17
06 Jun 2026 16:05:10.982,489910.9820647049,31198.17069463479,394585.4322537154,7.275957614183426e-12,0,-0.05175692241995673,-2.220446049250313e-16,-5.551115123125783e-17
06 Jun 2026 16:09:38.818,490178.8178686635,31198.17379458623,394571.5659697055,7.275957614183426e-12,-1.455191522836685e-11,-0.05178624505937106,0,1.110223024625157e-16
06 Jun 2026 16:14:02.428,490442.4282639753,31198.17684563247,394557.9107745072,1.455191522836685e-11,0,-0.05181509385445961,0,-5.551115123125783e-17
06 Jun 2026 16:18:34.644,490714.6439799923,31198.17999627733,394543.8018382339,1.455191522836685e-11,0,-0.05184487265106595,-1.110223024625157e-16,5.551115123125783e-17
06 Jun 2026 16:23:29.334,491009.3344851513,31198.18340704707,394528.5188981521,-7.275957614183426e-12,-1.455191522836685e-11,-0.05187709657257074,0,0
06 Jun 2026 16:28:58.430,491338.4298872435,31198.18721602163,394511.4404650289,7.275957614183426e-12,0,-0.05191306599395305,1.110223024625157e-16,0
06 Jun 2026 16:34:44.443,491684.4430973288,31198.19122080415,394493.4713182889,-2.182787284255028e-11,0,-0.05195086552400946,1.110223024625157e-16,-5.551115123125783e-17
06 Jun 2026 16:40:54.346,492054.3459673645,31198.19550208737,394474.2470735903,7.275957614183426e-12,-1.455191522836685e-11,-0.05199125325162278,0,0
06 Jun 2026 16:47:42.030,492462.0304209064,31198.20022065744,394453.0419786714,0,0,-0.05203574021984132,1.110223024625157e-16,5.551115123125783e-17
06 Jun 2026 16:55:21.206,492921.2055960903,31198.20553518493,394429.1369610724,-1.455191522836685e-11,2.91038304567337e-11,-0.05208581322199081,1.110223024625157e-16,-1.110223024625157e-16
06 Jun 2026 17:04:10.955,493450.9553718148,31198.21166654807,394401.5292210167,-2.182787284255028e-11,0,-0.0521435391562439,-1.110223024625157e-16,0
06 Jun 2026 17:14:28.225,494068.2251384016,31198.21881087407,394369.3218459766,0,-1.455191522836685e-11,-0.05221074327862044,1.110223024625157e-16,0
06 Jun 2026 17:26:35.927,494795.9267299972,31198.2272333462,394331.2992024728,-2.182787284255028e-11,1.455191522836685e-11,-0.05228988880401597,2.220446049250313e-16,-5.551115123125783e-17
06 Jun 2026 17:40:51.059,495651.059370744,31198.23713071473,394286.5446858043,2.91038304567337e-11,1.455191522836685e-11,-0.05238278011913637,0,0
06 Jun 2026 17:57:24.616,496644.6162003209,31198.24863021507,394234.4458639523,-7.275957614183426e-12,0,-0.05249055255513373,-1.110223024625157e-16,0
06 Jun 2026 18:16:22.310,497782.3101815418,31198.26179796948,394174.6575753255,-4.365574568510056e-11,-1.455191522836685e-11,-0.05261375235424888,0,0
06 Jun 2026 18:37:47.612,499067.6119475509,31198.27667414733,394106.9437220035,3.637978807091713e-11,-1.455191522836685e-11,-0.05275266720915654,2.220446049250313e-16,5.551115123125783e-17
06 Jun 2026 19:01:33.543,500493.5427583521,31198.29317797616,394031.6123892019,1.455191522836685e-11,-1.455191522836685e-11,-0.05290644289755506,0,0
06 Jun 2026 19:27:35.691,502055.6905430392,31198.31125839033,393948.8333891149,7.275957614183426e-12,-1.455191522836685e-11,-0.05307449464403591,-1.110223024625157e-16,0
06 Jun 2026 19:55:41.268,503741.2678763154,31198.33076738724,393859.2197438182,-1.455191522836685e-11,0,-0.05325533220119517,-1.110223024625157e-16,5.551115123125783e-17
06 Jun 2026 20:25:41.268,505541.2678765249,31198.35160072058,393763.1867700831,0,0,-0.05344787255798598,0,0
06 Jun 2026 20:55:41.268,507341.2678764202,31198.37243405391,393666.8077634705,2.182787284255028e-11,1.455191522836685e-11,-0.05363981158110966,1.110223024625157e-16,0
06 Jun 2026 21:25:41.268,509141.2678763154,31198.39326738724,393570.0838150748,2.182787284255028e-11,-1.455191522836685e-11,-0.05383113956646357,1.110223024625157e-16,5.551115123125783e-17
06 Jun 2026 21:55:41.268,510941.2678765249,31198.41410072058,393473.0160335453,-2.91038304567337e-11,0,-0.0540218467687186,-1.110223024625157e-16,-5.551115123125783e-17
06 Jun 2026 22:25:41.268,512741.2678764202,31198.43493405391,393375.6055451104,1.455191522836685e-11,0,-0.05421192340177057,2.220446049250313e-16,0
06 Jun 2026 22:49:33.974,514173.973606783,31198.45151629616,393297.8277128501,-7.275957614183426e-12,-2.91038304567337e-11,-0.05436275720961309,-1.110223024625157e-16,5.551115123125783e-17
06 Jun 2026 23:09:59.026,515399.0256452118,31198.4656951392,393231.1516760596,-7.275957614183426e-12,1.455191522836685e-11,-0.05449140392614167,1.110223024625157e-16,-5.551115123125783e-17
06 Jun 2026 23:27:17.692,516437.6922186697,31198.47771674306,393174.4967350375,2.91038304567337e-11,0,-0.05460024016407392,1.110223024625157e-16,-5.551115123125783e-17
06 Jun 2026 23:41:54.383,517314.3827495514,31198.4878636242,393126.5890170466,7.275957614183426e-12,1.455191522836685e-11,-0.05469193268002995,0,-5.551115123125783e-17
06 Jun 2026 23:54:02.091,518042.0909286942,31198.49628617257,393086.7615941657,0,1.455191522836685e-11,-0.05476792336092129,0,0
07 Jun 2026 00:03:59.997,518639.9967488134,31198.50320637882,393053.9968893762,-1.455191522836685e-11,1.455191522836685e-11,-0.05483027760697633,-1.110223024625157e-16,0
07 Jun 2026 00:12:18.226,519138.2263283129,31198.50897292488,393026.6658913844,2.182787284255028e-11,0,-0.05488218014979486,-1.110223024625157e-16,-5.551115123125783e-17
07 Jun 2026 00:19:23.778,519563.7781308149,31198.51389829297,393003.3012554356,0,-1.455191522836685e-11,-0.0549264705814288,-1.110223024625157e-16,5.551115123125783e-17
07 Jun 2026 00:25:36.896,519936.8958194624,31198.51821678473,392982.7999779162,1.455191522836685e-11,1.455191522836685e-11,-0.0549652726188834,0,-5.551115123125783e-17
07 Jun 2026 00:31:48.199,520308.1994061009,31198.52251427995,392962.3840109147,-7.275957614183426e-12,1.455191522836685e-11,-0.05500385699191512,0,-5.551115123125783e-17
07 Jun 2026 00:37:23.161,520643.1613078807,31198.52639115381,392943.9539882229,-2.91038304567337e-11,1.455191522836685e-11,-0.05503863998251515,0,-5.551115123125783e-17
07 Jun 2026 00:42:25.247,520945.2473170822,31198.52988751966,392927.3228496172,-3.637978807091713e-11,0,-0.05506998877514989,2.220446049250313e-16,-5.551115123125783e-17
07 Jun 2026 00:47:02.493,521222.4930321565,31198.5330963821,392912.0509448607,1.455191522836685e-11,0,-0.05509874278673813,0,-5.551115123125783e-17
07 Jun 2026 00:51:26.144,521486.1439400353,31198.53614789724,392897.5205083466,-7.275957614183426e-12,0,-0.05512607171525444,1.110223024625157e-16,5.551115123125783e-17
07 Jun 2026 00:55:49.256,521749.2560718558,31198.53919317654,392883.0125837743,-2.91038304567337e-11,-1.455191522836685e-11,-0.05515333006640551,-3.33066907387547e-16,5.551115123125783e-17
07 Jun 2026 01:00:25.360,522025.3602723009,31198.54238882701,392867.7805706023,3.637978807091713e-11,-1.455191522836685e-11,-0.05518191853537009,0,-5.551115123125783e-17
07 Jun 2026 01:05:32.886,522332.8855653293,31198.54594814753,392850.8058412708,-2.91038304567337e-11,1.455191522836685e-11,-0.05521374125690241,0,0
07 Jun 2026 01:11:08.196,522668.1963713723,31198.54982905964,392832.2862630952,-1.455191522836685e-11,0,-0.05524841615607531,0,5.551115123125783e-17
07 Jun 2026 01:17:00.617,523020.6174541265,31198.55390800736,392812.8091383831,2.182787284255028e-11,0,-0.05528483444257114,0,5.551115123125783e-17
07 Jun 2026 01:23:19.243,523399.2428395897,31198.55829024562,392791.869494215,1.455191522836685e-11,0,-0.05532393082844055,0,0
07 Jun 2026 01:30:21.361,523821.3612393709,31198.56317587524,392768.5070519008,-7.275957614183426e-12,0,-0.05536748176336896,-1.110223024625157e-16,-5.551115123125783e-17
07 Jun 2026 01:38:21.266,524301.2656306615,31198.56873032422,392741.9240828026,3.637978807091713e-11,1.455191522836685e-11,-0.05541694772691168,0,-5.551115123125783e-17
07 Jun 2026 01:47:36.385,524856.3854228589,31198.57515532181,392711.1451709136,-7.275957614183426e-12,0,-0.05547410401639451,0,0
07 Jun 2026 01:58:26.566,525506.5658594831,31198.58268055835,392675.0552537353,-3.637978807091713e-11,-1.455191522836685e-11,-0.05554096235768929,-1.110223024625157e-16,0
07 Jun 2026 02:11:16.451,526276.4508623863,31198.5915912644,392632.2646626394,2.91038304567337e-11,1.455191522836685e-11,-0.05562000994143566,1.110223024625157e-16,-5.551115123125783e-17
07 Jun 2026 02:26:25.913,527185.9132740763,31198.60211744972,392581.6379549254,-7.275957614183426e-12,-1.455191522836685e-11,-0.05571321985939756,0,0
07 Jun 2026 02:43:54.820,528234.8199165892,31198.6142575729,392523.1437074558,-2.182787284255028e-11,1.455191522836685e-11,-0.05582049274763237,-1.110223024625157e-16,0
07 Jun 2026 03:03:47.479,529427.478708874,31198.6280614941,392456.4963159524,7.275957614183426e-12,1.455191522836685e-11,-0.05594216745493177,-2.220446049250313e-16,-1.110223024625157e-16
07 Jun 2026 03:26:13.303,530773.3029001392,31198.64363816298,392381.1158165185,-7.275957614183426e-12,-1.455191522836685e-11,-0.05607908126976387,2.220446049250313e-16,5.551115123125783e-17
07 Jun 2026 03:51:02.917,532262.9171442473,31198.66087906859,392297.4670453065,-3.637978807091713e-12,0,-0.05623014002501128,-1.110223024625157e-16,5.551115123125783e-17
07 Jun 2026 04:18:06.255,533886.2547716126,31198.67966769853,392206.0533183976,3.637978807091713e-12,-1.455191522836685e-11,-0.05639417473912159,-1.110223024625157e-16,5.551115123125783e-17
07 Jun 2026 04:47:10.709,535630.7086425601,31198.69985813685,392107.523027635,-7.275957614183426e-12,0,-0.05656975989181581,1.110223024625157e-16,-1.110223024625157e-16
07 Jun 2026 05:17:10.709,537430.7086424553,31198.72069147019,392005.5349665835,-1.455191522836685e-11,-2.182787284255028e-11,-0.05675017898947474,0,5.551115123125783e-17
07 Jun 2026 05:47:10.709,539230.7086423505,31198.74152480352,391903.2228507728,-1.455191522836685e-11,-7.275957614183426e-12,-0.05692981902872295,-2.220446049250313e-16,0
07 Jun 2026 06:17:10.709,541030.7086425601,31198.76235813685,391800.588091806,3.637978807091713e-12,7.275957614183426e-12,-0.05710866963298049,2.220446049250313e-16,-5.551115123125783e-17
07 Jun 2026 06:47:10.709,542830.7086424553,31198.78319147019,391697.6321200487,1.091393642127514e-11,-7.275957614183426e-12,-0.05728672039146257,1.110223024625157e-16,5.551115123125783e-17
07 Jun 2026 07:16:20.887,544580.8870702749,31198.80344816495,391597.2192075738,-2.546585164964199e-11,-7.275957614183426e-12,-0.05745906607873061,-1.110223024625157e-16,-5.551115123125783e-17
07 Jun 2026 07:38:40.585,545920.5846615485,31198.81895392411,391520.1533655851,-3.637978807091713e-12,7.275957614183426e-12,-0.05759046677996854,1.110223024625157e-16,0
07 Jun 2026 07:57:43.677,547063.6772251222,31198.83218416211,391454.2582264118,7.275957614183426e-12,7.275957614183426e-12,-0.05770222139383513,-1.110223024625157e-16,-5.551115123125783e-17
07 Jun 2026 08:13:53.947,548033.9468582883,31198.84341413472,391398.2256025054,3.637978807091713e-12,7.275957614183426e-12,-0.05779681583391162,0,0
07 Jun 2026 08:27:29.745,548849.7449011076,31198.8528562417,391351.0426965241,3.274180926382542e-11,1.455191522836685e-11,-0.05787616142322254,-1.110223024625157e-16,-5.551115123125783e-17
07 Jun 2026 08:38:42.656,549522.6559674949,31198.86064456423,391312.0752039282,1.818989403545856e-11,1.455191522836685e-11,-0.05794147897902883,-1.110223024625157e-16,0
07 Jun 2026 08:47:57.320,550077.3204780766,31198.86706429236,391279.9222113912,-1.091393642127514e-11,-7.275957614183426e-12,-0.0579952294515013,2.220446049250313e-16,0
07 Jun 2026 08:55:44.031,550544.0312946565,31198.87246603792,391252.8446688837,2.182787284255028e-11,-7.275957614183426e-12,-0.05804039394710929,-2.220446049250313e-16,0
07 Jun 2026 09:02:26.501,550946.5012663859,31198.87712425518,391229.4773233888,0,-7.275957614183426e-12,-0.05807929556138754,2.220446049250313e-16,5.551115123125783e-17
07 Jun 2026 09:08:22.865,551302.8645862942,31198.88124883065,391208.7738607019,-1.818989403545856e-11,-1.455191522836685e-11,-0.05811370484364052,0,1.110223024625157e-16
07 Jun 2026 09:14:17.196,551657.1957113687,31198.88534988534,391188.1763098415,3.637978807091713e-12,0,-0.05814788448767627,1.110223024625157e-16,5.551115123125783e-17
07 Jun 2026 09:19:39.026,551979.0259848931,31198.88907477276,391169.4575686728,-1.818989403545856e-11,-1.455191522836685e-11,-0.05817890007590629,-1.110223024625157e-16,0
07 Jun 2026 09:24:31.043,552271.0429312661,31198.89245459853,391152.464237835,-1.455191522836685e-11,-2.182787284255028e-11,-0.05820701858387846,1.110223024625157e-16,5.551115123125783e-17
07 Jun 2026 09:29:01.515,552541.5152399219,31198.89558506506,391136.7173313609,-1.455191522836685e-11,0,-0.05823304222265342,0,-5.551115123125783e-17
07 Jun 2026 09:33:22.681,552802.6809479808,31198.89860781631,391121.5055783732,2.91038304567337e-11,0,-0.05825815184101958,1.110223024625157e-16,5.551115123125783e-17
07 Jun 2026 09:37:48.180,553068.179984414,31198.90168072183,391106.0347086868,-1.818989403545856e-11,-7.275957614183426e-12,-0.058283659338281,1.110223024625157e-16,1.110223024625157e-16
07 Jun 2026 09:42:31.526,553351.5263487934,31198.90496019364,391089.5163915102,1.091393642127514e-11,7.275957614183426e-12,-0.05831086060857557,0,-1.110223024625157e-16
07 Jun 2026 09:47:49.019,553669.0192960901,31198.90863488053,391070.9982693846,-1.455191522836685e-11,0,-0.05834131428118304,-1.110223024625157e-16,5.551115123125783e-17
07 Jun 2026 09:53:28.770,554008.7702092482,31198.91256718276,391051.1712228244,-1.455191522836685e-11,7.275957614183426e-12,-0.05837387280567026,1.110223024625157e-16,0
07 Jun 2026 09:59:27.197,554367.1969571617,31198.91671564049,391030.242314791,2.182787284255028e-11,0,-0.05840818722010017,-1.110223024625157e-16,5.551115123125783e-17
07 Jun 2026 10:05:56.846,554756.8464935641,31198.92122547309,391007.4763304173,-1.455191522836685e-11,-7.275957614183426e-12,-0.0584454512882429,1.110223024625157e-16,1.110223024625157e-16
07 Jun 2026 10:13:16.910,555196.9099639216,31198.9263188003,390981.7473711754,2.182787284255028e-11,7.275957614183426e-12,-0.05848748707658681,-1.110223024625157e-16,-5.551115123125783e-17
07 Jun 2026 10:21:39.193,555699.1931930417,31198.9321322636,390952.3580510584,1.818989403545856e-11,0,-0.05853540172656639,-2.220446049250313e-16,5.551115123125783e-17
07 Jun 2026 10:31:24.403,556284.4027215731,31198.93890552203,390918.0862623699,-1.091393642127514e-11,0,-0.05859114000069995,0,5.551115123125783e-17
07 Jun 2026 10:42:54.124,556974.1239063093,31198.94688840611,390877.652091232,1.455191522836685e-11,0,-0.05865671176885139,0,5.551115123125783e-17
07 Jun 2026 10:56:31.487,557791.4868741296,31198.95634862564,390829.6765668104,-1.455191522836685e-11,7.275957614183426e-12,-0.05873424854114334,0,0
07 Jun 2026 11:12:26.504,558746.5036922833,31198.96740206104,390773.5412037363,-2.182787284255028e-11,0,-0.05882460871952089,0,0
07 Jun 2026 11:30:48.662,559848.6624297802,31198.98015852791,390708.6498226313,7.275957614183426e-12,-7.275957614183426e-12,-0.05892857450476723,-2.220446049250313e-16,0
07 Jun 2026 11:51:42.965,561102.9653820209,31198.99467592319,390634.6615488945,2.546585164964199e-11,0,-0.05904647644244729,2.220446049250313e-16,0
07 Jun 2026 12:15:09.120,562509.1196939,31199.01095085736,390551.5404686034,-1.455191522836685e-11,0,-0.05917812188428569,0,0
07 Jun 2026 12:41:04.251,564064.2505504307,31199.02895005708,390459.3979594581,-1.091393642127514e-11,0,-0.05932305596541537,0,0
07 Jun 2026 13:09:12.672,565752.6715783635,31199.04849196713,390359.1033738624,0,-7.275957614183426e-12,-0.05947962117098898,2.220446049250313e-16,0
07 Jun 2026 13:39:12.672,567552.6715782587,31199.06932530046,390251.8905177095,3.637978807091713e-12,-7.275957614183426e-12,-0.05964561602622888,0,5.551115123125783e-17
07 Jun 2026 14:09:12.672,569352.671578154,31199.09015863379,390144.3797303914,-7.275957614183426e-12,-7.275957614183426e-12,-0.05981065398734142,0,0
07 Jun 2026 14:39:12.672,571152.6715783635,31199.11099196713,390036.572744072,7.275957614183426e-12,-1.455191522836685e-11,-0.0599747241695938,0,1.665334536937735e-16
07 Jun 2026 15:09:12.672,572952.6715782587,31199.13182530046,389928.4713106444,0,7.275957614183426e-12,-0.06013781566223127,2.220446049250313e-16,0
07 Jun 2026 15:39:12.672,574752.671578154,31199.15265863379,389820.077201551,-3.637978807091713e-12,7.275957614183426e-12,-0.06029991752937001,2.220446049250313e-16,0
07 Jun 2026 16:03:58.090,576238.0898611271,31199.16985097503,389730.4077227284,-3.637978807091713e-12,-7.275957614183426e-12,-0.06043293615866387,-2.220446049250313e-16,5.551115123125783e-17
07 Jun 2026 16:25:14.127,577514.1271119704,31199.18461992469,389653.2204354914,3.637978807091713e-12,0,-0.06054665599896281,0,0
07 Jun 2026 16:43:21.494,578601.4942413429,31199.19720519239,389587.3314915185,-3.637978807091713e-12,0,-0.06064315829219383,0,5.551115123125783e-17
07 Jun 2026 16:58:42.989,579522.9892160743,31199.20787064349,389531.4115594397,2.546585164964199e-11,0,-0.06072464720576552,0,0
07 Jun 2026 17:11:34.437,580294.4374324987,31199.21679944229,389484.5393923848,3.637978807091713e-12,-7.275957614183426e-12,-0.06079265982349835,-2.220446049250313e-16,5.551115123125783e-17
07 Jun 2026 17:22:09.356,580929.355532059,31199.22414803141,389445.9233007319,3.637978807091713e-12,7.275957614183426e-12,-0.06084849312755362,0,5.551115123125783e-17
07 Jun 2026 17:30:55.403,581455.4034120636,31199.23023654854,389413.9019344263,-1.818989403545856e-11,0,-0.06089465478007294,2.220446049250313e-16,0
07 Jun 2026 17:38:20.894,581900.8941786597,31199.23539269167,389386.7652334085,1.818989403545856e-11,0,-0.06093367784035528,-2.220446049250313e-16,5.551115123125783e-17
07 Jun 2026 17:44:47.993,582287.9926815745,31199.23987299842,389363.1713435538,-1.091393642127514e-11,-7.275957614183426e-12,-0.06096753405502933,2.220446049250313e-16,5.551115123125783e-17
07 Jun 2026 17:50:33.081,582633.0811066437,31199.24386707741,389342.1269514597,-1.818989403545856e-11,0,-0.06099767519469684,-2.220446049250313e-16,0
07 Jun 2026 17:56:16.073,582976.0725433007,31199.2478368857,389321.2001390077,3.637978807091713e-12,0,-0.06102759497710627,0,0
07 Jun 2026 18:01:29.057,583289.0572848148,31199.25145939429,389302.0951647763,-3.637978807091713e-12,-7.275957614183426e-12,-0.06105486392321918,0,5.551115123125783e-17
07 Jun 2026 18:06:14.092,583574.0922401659,31199.25475840997,389284.6888584316,3.274180926382542e-11,-7.275957614183426e-12,-0.0610796700361598,0,1.110223024625157e-16
07 Jun 2026 18:10:40.740,583840.7399423537,31199.25784461023,389268.3990135432,1.091393642127514e-11,-7.275957614183426e-12,-0.06110285199646127,-2.220446049250313e-16,5.551115123125783e-17
07 Jun 2026 18:15:01.439,584101.4386364375,31199.26086195623,389252.4666279253,-3.274180926382542e-11,-7.275957614183426e-12,-0.06112549434909419,2.220446049250313e-16,5.551115123125783e-17
07 Jun 2026 18:19:28.707,584368.707051035,31199.26395534066,389236.1266144929,0,0,-0.06114868426190357,0,0
07 Jun 2026 18:24:16.450,584656.4498271444,31199.26728569686,389218.5279334845,-1.091393642127514e-11,0,-0.06117362454755751,-2.220446049250313e-16,5.551115123125783e-17
07 Jun 2026 18:29:40.735,584980.7349515031,31199.27103899691,389198.685683939,7.275957614183426e-12,0,-0.06120169965576801,0,0
07 Jun 2026 18:35:23.681,585323.6812679563,31199.27500828298,389177.6917006564,7.275957614183426e-12,7.275957614183426e-12,-0.06123135281443905,0,0
07 Jun 2026 18:41:27.984,585687.9836962558,31199.27922474627,389155.3792388329,-2.546585164964199e-11,0,-0.06126281018406587,0,1.110223024625157e-16
07 Jun 2026 18:48:07.833,586087.8325298312,31199.28385262629,389130.8764811993,-1.091393642127514e-11,-7.275957614183426e-12,-0.06129728662535634,2.220446049250313e-16,0
07 Jun 2026 18:55:40.673,586540.6734831864,31199.28909384103,389103.1097306583,2.182787284255028e-11,0,-0.06133626846821832,0,0
07 Jun 2026 19:04:21.976,587061.9756684406,31199.29512743113,389071.1233211096,-1.091393642127514e-11,0,-0.06138105955485396,-2.220446049250313e-16,0
07 Jun 2026 19:14:31.402,587671.4024039917,31199.30218098131,389033.7001353106,-3.637978807091713e-12,0,-0.06143330797842865,0,0
07 Jun 2026 19:26:32.923,588392.9232150782,31199.31053191663,388989.3524562467,-1.455191522836685e-11,-7.275957614183426e-12,-0.06149500657031089,0,5.551115123125783e-17
07 Jun 2026 19:40:47.474,589247.4737838842,31199.32042254821,388936.7707194948,-1.091393642127514e-11,-1.455191522836685e-11,-0.06156785534372277,2.220446049250313e-16,5.551115123125783e-17
07 Jun 2026 19:57:25.901,590245.9011934348,31199.33197842101,388875.257322497,0,7.275957614183426e-12,-0.06165265814537063,0,0
07 Jun 2026 20:16:42.617,591402.6172435144,31199.34536633825,388803.8860813507,-2.182787284255028e-11,-1.455191522836685e-11,-0.06175048369824565,0,5.551115123125783e-17
07 Jun 2026 20:38:34.414,592714.4135003211,31199.3605491653,388722.8095593938,1.455191522836685e-11,0,-0.06186087328979078,0,5.551115123125783e-17
07 Jun 2026 21:02:56.326,594176.3263196102,31199.37746945256,388632.2848506931,-7.275957614183426e-12,7.275957614183426e-12,-0.06198319987974383,2.220446049250313e-16,-5.551115123125783e-17
07 Jun 2026 21:29:45.467,595785.4667799664,31199.39609376344,388532.4374107622,-7.275957614183426e-12,-7.275957614183426e-12,-0.06211699126964802,0,0
07 Jun 2026 21:58:46.831,597526.8312779604,31199.41624844513,388424.1437577172,7.275957614183426e-12,-7.275957614183426e-12,-0.06226075843406341,-2.220446049250313e-16,5.551115123125783e-17
07 Jun 2026 22:28:46.831,599326.8312778557,31199.43708177847,388311.941483664,0,-7.275957614183426e-12,-0.06240824385837998,-2.220446049250313e-16,5.551115123125783e-17
07 Jun 2026 22:58:46.831,601126.8312780652,31199.4579151118,388199.4747713177,0,7.275957614183426e-12,-0.06255457688505596,-2.220446049250313e-16,-5.551115123125783e-17
07 Jun 2026 23:28:46.831,602926.8312779604,31199.47874844513,388086.7457051416,2.182787284255028e-11,0,-0.06269974625827279,0,0
07 Jun 2026 23:58:46.831,604726.8312778557,31199.49958177847,387973.7563898145,-2.182787284255028e-11,7.275957614183426e-12,-0.06284374070703651,0,-5.551115123125783e-17
08 Jun 2026 00:28:18.273,606498.2733595767,31199.52008458034,387862.3076828871,-2.182787284255028e-11,-7.275957614183426e-12,-0.06298429253905574,-2.220446049250313e-16,5.551115123125783e-17
08 Jun 2026 00:51:46.380,607906.3802084536,31199.53638211331,387773.5409055492,-7.275957614183426e-12,7.275957614183426e-12,-0.06309518947100884,0,0
08 Jun 2026 01:11:53.847,609113.8474910636,31199.55035742908,387697.2984163339,-3.637978807091713e-12,0,-0.06318969716158519,0,-5.551115123125783e-17
08 Jun 2026 01:29:02.776,610142.7760870778,31199.56226632487,387632.2394858957,-3.637978807091713e-12,7.275957614183426e-12,-0.06326979985783712,2.220446049250313e-16,-5.551115123125783e-17
08 Jun 2026 01:43:34.104,611014.1038707574,31199.57235113718,387577.0813138688,1.818989403545856e-11,7.275957614183426e-12,-0.06333732152943791,0,-5.551115123125783e-17
08 Jun 2026 01:55:39.867,611739.8668843671,31199.58075117206,387531.0930870308,3.637978807091713e-12,0,-0.06339334377400374,0,1.110223024625157e-16
08 Jun 2026 02:05:37.440,612337.4396979692,31199.58766752407,387493.197204154,-3.637978807091713e-12,1.455191522836685e-11,-0.06343932080343659,-2.220446049250313e-16,-5.551115123125783e-17
08 Jun 2026 02:13:55.645,612835.6452233973,31199.59343379172,387461.5818574402,7.275957614183426e-12,0,-0.06347754860103783,-2.220446049250313e-16,0
08 Jun 2026 02:21:00.818,613260.8183648321,31199.59835477716,387434.5859867616,-1.091393642127514e-11,0,-0.06351009760416497,0,-5.551115123125783e-17
08 Jun 2026 02:27:13.299,613633.2986590918,31199.60266589167,387410.9244252148,0,0,-0.0635385558775962,-2.220446049250313e-16,-5.551115123125783e-17
08 Jun 2026 02:33:23.922,614003.9216280682,31199.60695550937,387387.3703377983,1.091393642127514e-11,0,-0.06356681945023021,-2.220446049250313e-16,0
08 Jun 2026 02:38:58.207,614338.2073230576,31199.61082455677,387366.1166048575,1.091393642127514e-11,-7.275957614183426e-12,-0.06359226670001783,2.220446049250313e-16,5.551115123125783e-17
08 Jun 2026 02:43:59.581,614639.5805199165,31199.61431267247,387346.9481478183,-3.637978807091713e-12,-7.275957614183426e-12,-0.06361517165606713,0,0
08 Jun 2026 02:48:35.877,614915.8767666318,31199.6175105457,387329.3686172456,1.091393642127514e-11,-7.275957614183426e-12,-0.06363613996201176,0,0
08 Jun 2026 02:52:58.297,615178.2965129125,31199.62054781128,387312.666627468,-3.637978807091713e-12,-7.275957614183426e-12,-0.06365602789404307,0,-5.551115123125783e-17
08 Jun 2026 02:57:19.894,615439.894117706,31199.62357556133,387296.0117727595,7.275957614183426e-12,7.275957614183426e-12,-0.06367582703334991,0,-1.110223024625157e-16
08 Jun 2026 03:01:53.919,615713.9192517148,31199.62674714853,387278.5601573678,-1.455191522836685e-11,7.275957614183426e-12,-0.06369653836009384,0,-5.551115123125783e-17
08 Jun 2026 03:06:58.017,616018.0173995323,31199.63026680302,387259.1866675586,-3.637978807091713e-12,0,-0.06371948860017898,0,0
08 Jun 2026 03:12:31.697,616351.6974047874,31199.63412884012,387237.9205524598,-1.091393642127514e-11,7.275957614183426e-12,-0.06374463008485207,-2.220446049250313e-16,-5.551115123125783e-17
08 Jun 2026 03:18:18.200,616698.2004988706,31199.6381392926,387215.8283243001,1.455191522836685e-11,-1.455191522836685e-11,-0.06377069193225092,2.220446049250313e-16,1.110223024625157e-16
08 Jun 2026 03:24:34.836,617074.8363611405,31199.64249850397,387191.8046683102,3.637978807091713e-12,-3.637978807091713e-12,-0.06379896715414207,2.220446049250313e-16,0
08 Jun 2026 03:31:35.754,617495.7538288669,31199.64737023392,387164.9439295598,-7.275957614183426e-12,-3.637978807091713e-12,-0.06383050124725637,2.220446049250313e-16,-5.551115123125783e-17
08 Jun 2026 03:39:34.917,617974.9168328592,31199.65291610202,387134.3501310408,-1.818989403545856e-11,0,-0.06386631464120608,0,5.551115123125783e-17
08 Jun 2026 03:48:48.926,618528.9263932616,31199.65932824971,387098.9561375643,-1.091393642127514e-11,3.637978807091713e-12,-0.06390761001970213,2.220446049250313e-16,5.551115123125783e-17
08 Jun 2026 03:59:40.817,619180.816883035,31199.66687327853,387057.2795775384,2.182787284255028e-11,-7.275957614183426e-12,-0.06395604687843134,0,5.551115123125783e-17
08 Jun 2026 04:12:35.766,619955.7660092949,31199.67584259712,387007.6946531082,0,-3.637978807091713e-12,-0.06401340926177848,0,0
08 Jun 2026 04:27:50.213,620870.2132055419,31199.6864264767,386949.1269364096,5.456968210637569e-12,3.637978807091713e-12,-0.06408079166075098,-2.220446049250313e-16,-5.551115123125783e-17
08 Jun 2026 04:45:36.630,621936.6297406959,31199.69876926067,386880.7484045038,-1.455191522836685e-11,0,-0.06415895217530719,-2.220446049250313e-16,0
08 Jun 2026 05:05:48.688,623148.6876699259,31199.71279770893,386802.9304762533,-3.637978807091713e-12,-3.637978807091713e-12,-0.06424723522423835,0,-5.551115123125783e-17
08 Jun 2026 05:28:47.344,624527.344378992,31199.7287543838,386714.2867805799,3.637978807091713e-12,0,-0.06434693482448456,0,0
08 Jun 2026 05:54:26.072,626066.0719738109,31199.74656373097,386615.1893407773,-2.182787284255028e-11,-7.275957614183426e-12,-0.06445730166557601,0,5.551115123125783e-17
08 Jun 2026 06:22:28.608,627748.6078291666,31199.76603752559,386506.636861194,9.094947017729282e-12,3.637978807091713e-12,-0.06457687826784159,2.220446049250313e-16,-5.551115123125783e-17
08 Jun 2026 06:52:28.608,629548.6078290618,31199.78687085892,386390.2843070274,3.637978807091713e-12,3.637978807091713e-12,-0.06470351462860137,0,0
08 Jun 2026 07:22:28.608,631348.607828957,31199.80770419225,386273.7050143789,7.275957614183426e-12,-7.275957614183426e-12,-0.06482880803395197,0,1.110223024625157e-16
08 Jun 2026 07:52:28.608,633148.6078291666,31199.82853752559,386156.9014108048,-3.637978807091713e-12,0,-0.06495274706413381,2.220446049250313e-16,-5.551115123125783e-17
08 Jun 2026 08:22:28.608,634948.6078290618,31199.84937085892,386039.8759444812,-1.637090463191271e-11,7.275957614183426e-12,-0.06507532029607083,2.220446049250313e-16,-5.551115123125783e-17
08 Jun 2026 08:52:28.608,636748.607828957,31199.87020419225,385922.6310841482,1.818989403545856e-12,-1.091393642127514e-11,-0.06519651630421179,-4.440892098500626e-16,1.110223024625157e-16
08 Jun 2026 09:18:00.733,638280.7326954324,31199.88793711895,385822.6635624357,-1.818989403545856e-12,-3.637978807091713e-12,-0.06529858238657618,0,5.551115123125783e-17
08 Jun 2026 09:40:08.059,639608.0585545627,31199.90329968676,385735.9328415418,-5.456968210637569e-12,3.637978807091713e-12,-0.0653861865088245,0,0
08 Jun 2026 09:59:03.166,640743.166293588,31199.91643750781,385661.6702466846,7.275957614183426e-12,3.637978807091713e-12,-0.06546049750033942,0,0
08 Jun 2026 10:15:09.919,641709.9187627318,31199.9276267725,385598.3557378477,-3.637978807091713e-12,3.637978807091713e-12,-0.06552334365160813,2.220446049250313e-16,5.551115123125783e-17
08 Jun 2026 10:28:45.567,642525.5671690917,31199.93706714758,385544.8902129053,5.456968210637569e-12,0,-0.06557604836280616,-2.220446049250313e-16,-5.551115123125783e-17
08 Jun 2026 10:40:01.834,643201.8337949412,31199.9448943076,385500.5286077856,-1.818989403545856e-12,-3.637978807091713e-12,-0.06561952477178173,2.220446049250313e-16,5.551115123125783e-17
08 Jun 2026 10:49:20.364,643760.3637193912,31199.95135877432,385463.8681480256,3.637978807091713e-12,0,-0.06565527989367673,0,0
08 Jun 2026 10:57:09.767,644229.7674343223,31199.95679168768,385433.0422842745,9.094947017729282e-12,0,-0.06568522276618513,-2.220446049250313e-16,-1.110223024625157e-16
08 Jun 2026 11:03:54.165,644634.1648378875,31199.96147221319,385406.4741481709,1.091393642127514e-11,0,-0.06571094063275815,2.220446049250313e-16,-5.551115123125783e-17
08 Jun 2026 11:09:51.697,644991.697028128,31199.96561031724,385382.9763160985,-1.455191522836685e-11,-7.275957614183426e-12,-0.06573361760308211,0,5.551115123125783e-17
08 Jun 2026 11:15:47.373,645347.3726238823,31199.96972693293,385359.5924689784,-9.094947017729282e-12,0,-0.06575612040685805,0,1.110223024625157e-16
08 Jun 2026 11:21:10.277,645670.2769011492,31199.97346425096,385338.3562446947,0,0,-0.06577650104252059,0,-5.551115123125783e-17
08 Jun 2026 11:26:03.053,645963.0534748896,31199.97685286871,385319.0957259389,1.455191522836685e-11,-3.637978807091713e-12,-0.06579493991608354,0,0
08 Jun 2026 11:30:33.779,646233.7786139105,31199.97998626152,385301.281077612,-3.637978807091713e-12,0,-0.06581195593696311,2.220446049250313e-16,5.551115123125783e-17
08 Jun 2026 11:34:54.429,646494.4287051097,31199.98300304498,385284.1250535854,0,-3.637978807091713e-12,-0.06582830773844799,0,0
08 Jun 2026 11:39:17.596,646757.5960908551,31199.9860489638,385266.7990208995,-9.094947017729282e-12,0,-0.06584478660405479,-2.220446049250313e-16,-5.551115123125783e-17
08 Jun 2026 11:43:57.148,647037.1482436429,31199.98928452113,385248.3895262537,0,-3.637978807091713e-12,-0.06586225744030463,0,1.110223024625157e-16
08 Jun 2026 11:46:33.301,647193.3005006053,31199.99109183891,385238.104225221,1.818989403545856e-12,-3.637978807091713e-12,-0.06587200103799279,2.220446049250313e-16,5.551115123125783e-17
