CislunarSat.UTCGregorian,CislunarSat.ElapsedSecs,CislunarSat.A1ModJulian,Sun.EarthLunaRotating.X,Sun.EarthLunaRotating.Y,Sun.EarthLunaRotating.Z,Sun.EarthLunaRotating.VX,Sun.EarthLunaRotating.VY,Sun.EarthLunaRotating.VZ
01 Jun 2026 00:00:00.000,0,31192.50042863868,-150026415.1187724,18044113.23287736,-13105298.01928401,39.33913235372484,329.5595229441454,0.2856444767469819
01 Jun 2026 00:01:00.000,59.99999988125637,31192.50112308312,-150024053.4689469,18063883.45045582,-13105285.27567962,39.38252853080488,329.5541019988581,0.2856814727495673
01 Jun 2026 00:03:12.977,192.9773640003987,31192.50266217298,-150018810.0894624,18107698.81416304,-13105257.0411537,39.47870442661112,329.5420688654159,0.2857634656092793
01 Jun 2026 00:05:31.271,331.2713288585655,31192.50426279757,-150013343.5069707,18153264.27165343,-13105227.69091531,39.57872176057104,329.5295272227393,0.285848735197507
01 Jun 2026 00:07:51.762,471.7620112700388,31192.50588884714,-150007775.9282218,18199551.73182232,-13105197.88817938,39.68032384360838,329.5167577487501,0.2859353577279657
01 Jun 2026 00:10:47.242,647.2417735378258,31192.50791986291,-150000801.7001125,18257364.52018885,-13105160.68250643,39.80722420930898,329.5007675423048,0.2860435513737252
01 Jun 2026 00:13:28.226,808.2256864872761,31192.50978310264,-149994384.0070948,18310399.0992813,-13105126.56923438,39.92363621568353,329.4860586701867,0.2861428053672959
01 Jun 2026 00:16:13.470,973.469702876173,31192.51169564913,-149987776.9927554,18364834.66235869,-13105091.57208255,40.0431233323924,329.470921181408,0.2862446838114687
01 Jun 2026 00:19:16.509,1156.509349518456,31192.51381416355,-149980435.4009907,18425129.63305501,-13105052.82827314,40.17547187396419,329.4541069268133,0.286357531366229
01 Jun 2026 00:22:47.231,1367.230694170576,31192.51625306801,-149971953.5190906,18494539.39735221,-13105008.25411132,40.327827442244,329.434689195253,0.2864874419863801
01 Jun 2026 00:26:54.270,1614.270219672471,31192.51911232177,-149961968.8905246,18575906.83290619,-13104956.03702892,40.50643015673416,329.411842198281,0.286639738481945
01 Jun 2026 00:31:41.530,1901.529652811587,31192.52243708373,-149950303.2091146,18670514.39255491,-13104895.37220878,40.71409496687028,329.3851634584719,0.2868168239544708
01 Jun 2026 00:37:14.064,2234.063729422633,31192.52628585777,-149936724.4183379,18780023.3527136,-13104825.21800561,40.9544683384567,329.3541294245199,0.2870218115196761
01 Jun 2026 00:43:44.694,2624.693727213889,31192.5308070383,-149920671.2284117,18908651.04070346,-13104742.90591958,41.23680728814662,329.3174673020027,0.2872626005502856
01 Jun 2026 00:51:33.355,3093.354889028706,31192.5362313573,-149901265.7697082,19062954.07864544,-13104644.29173954,41.57550359159512,329.273187690237,0.2875514728315038
01 Jun 2026 01:01:01.958,3661.957782693207,31192.54281240931,-149877509.0063509,19250134.18102401,-13104524.85346802,41.98636501146942,329.21903503122,0.2879019232328868
01 Jun 2026 01:12:10.057,4330.057120753918,31192.55054504054,-149849296.7031385,19470028.28864868,-13104384.80270028,42.46903366891379,329.154803638684,0.2883136633590193
01 Jun 2026 01:24:55.614,5095.614430122077,31192.55940565754,-149816572.5544414,19721946.06990242,-13104224.70333093,43.02199450090006,329.0804019476332,0.288785420525119
01 Jun 2026 01:39:30.649,5970.649442612194,31192.56953337759,-149778650.3311284,20009818.89764813,-13104042.20675173,43.65387738414501,328.9943136004422,0.2893245814452197
01 Jun 2026 01:56:16.622,6976.621897111181,31192.5811765773,-149734370.4301068,20340674.36523797,-13103833.05662189,44.38010888563122,328.8939637797378,0.2899443414892855
01 Jun 2026 02:15:38.735,8138.73460998293,31192.59462695592,-149682308.393947,20722756.32105621,-13103592.31332438,45.21878609296449,328.7762022364842,0.2906601896375371
01 Jun 2026 02:40:02.206,9602.205773955211,31192.61156527958,-149615359.4255217,21203723.00634485,-13103290.46328115,46.274523713942,328.6251039921923,0.2915615055798044
01 Jun 2026 03:09:01.008,11341.00830039242,31192.63169030882,-149533807.0692764,21774886.02538327,-13102933.73460022,47.52825818900389,328.4415252558636,0.2926321469261608
01 Jun 2026 03:39:01.008,13141.00830028765,31192.65252364215,-149447088.6735222,22365810.90927585,-13102566.62724023,48.82539042997714,328.2468513380604,0.2937401841959493
01 Jun 2026 04:09:01.008,14941.0083004972,31192.67335697549,-149358036.1159759,22956381.20101329,-13102201.72422656,50.12176899336532,328.0474665219798,0.2948479246615672
01 Jun 2026 04:39:01.008,16741.00830039242,31192.69419030882,-149266650.7655413,23546588.42517168,-13101839.01545034,51.41738030333323,327.8433742109444,0.2959553618921906
01 Jun 2026 05:09:01.008,18541.00830028765,31192.71502364215,-149172934.0154245,24136424.11320113,-13101478.49054703,52.71221081146917,327.634577838242,0.2970624894745697
01 Jun 2026 05:39:01.008,20341.0083004972,31192.73585697549,-149076887.2832597,24725879.80234547,-13101120.13889748,54.00624699449307,327.4210808671907,0.2981693010112862
01 Jun 2026 06:09:01.008,22141.00830039242,31192.75669030882,-148978512.0109833,25314947.03621135,-13100763.94962861,55.2994753555826,327.2028867906382,0.2992757901220555
01 Jun 2026 06:39:01.008,23941.00830028765,31192.77752364215,-148877809.6648197,25903617.36461522,-13100409.91161384,56.59188242411063,326.9799991307054,0.3003819504437417
01 Jun 2026 07:09:01.008,25741.0083004972,31192.79835697549,-148774781.7351635,26491882.34404684,-13100058.01347374,57.8834547567334,326.7524214382971,0.3014877756314793
01 Jun 2026 07:39:01.008,27541.00830039242,31192.81919030882,-148669429.7366364,27079733.53710414,-13099708.24357691,59.17417893621725,326.5201572929951,0.3025932593578888
01 Jun 2026 08:09:01.008,29341.00830028765,31192.84002364215,-148561755.2079882,27667162.51285299,-13099360.59004053,60.46404157229286,326.2832103026035,0.3036983953140204
01 Jun 2026 08:39:01.008,31141.0083004972,31192.86085697549,-148451759.7119703,28254160.84728762,-13099015.04073094,61.7530293027271,326.0415841026303,0.3048031772104882
01 Jun 2026 09:09:01.008,32941.00830039242,31192.88169030882,-148339444.8354965,28840720.12225259,-13098671.5832648,63.04112879101355,325.7952823563959,0.3059075987757147
01 Jun 2026 09:39:01.008,34741.00830028765,31192.90252364215,-148224812.1893253,29426831.9269271,-13098330.20500915,64.32832672968637,325.5443087540881,0.3070116537589942
01 Jun 2026 10:09:01.008,36541.0083004972,31192.92335697549,-148107863.4082223,30012487.8567462,-13097990.89308267,65.61460983800232,325.2886670128674,0.3081153359287336
01 Jun 2026 10:39:01.008,38341.00830039242,31192.94419030882,-147988600.1508349,30597679.5138589,-13097653.63435633,66.89996486299425,325.0283608763367,0.3092186390735869
01 Jun 2026 11:09:01.008,40141.00830028765,31192.96502364215,-147867024.0995775,31182398.50748168,-13097318.4154539,68.18437858029141,324.763394114032,0.3103215570033875
01 Jun 2026 11:39:01.008,41941.0083004972,31192.98585697549,-147743136.9607064,31766636.45333182,-13096985.22275306,69.46783779291553,324.4937705213231,0.311424083548363
01 Jun 2026 12:09:01.008,43741.00830039242,31193.00669030882,-147616940.4641858,32350384.97408224,-13096654.04238602,70.7503293323164,324.2194939188565,0.3125262125602526
01 Jun 2026 12:39:01.008,45541.00830028765,31193.02752364215,-147488436.3636807,32933635.69920265,-13096324.86024042,72.03184005805609,323.9405681522691,0.3136279379122886
01 Jun 2026 13:09:01.008,47341.0083004972,31193.04835697549,-147357626.436392,33516380.26551309,-13095997.66195983,73.31235685905479,323.6569970915584,0.3147292535005106
01 Jun 2026 13:39:01.008,49141.00830039242,31193.06919030882,-147224512.4832559,34098610.31610809,-13095672.43294527,74.59186665125227,323.3687846312376,0.3158301532419996
01 Jun 2026 14:09:01.008,50941.00830028765,31193.09002364215,-147089096.3285952,34680317.50172296,-13095349.15835524,75.87035638063195,323.0759346893012,0.316930631077752
01 Jun 2026 14:39:01.008,52741.0083004972,31193.11085697549,-146951379.8202021,35261493.48016486,-13095027.82310703,77.14781302198878,322.7784512071207,0.3180306809718534
01 Jun 2026 15:09:01.008,54541.00830039242,31193.13169030882,-146811364.8294333,35842129.91574626,-13094708.41187781,78.42422357769789,322.4763381493647,0.3191302969106991
01 Jun 2026 15:39:01.008,56341.00830028765,31193.15252364215,-146669053.2508446,36422218.48064521,-13094390.90910487,79.69957508071423,322.169599502919,0.3202294729058339
01 Jun 2026 16:09:01.008,58141.0083004972,31193.17335697549,-146524447.0024049,37001750.85382949,-13094075.29898705,80.97385459221408,321.8582392770566,0.3213282029921927
01 Jun 2026 16:39:01.008,59941.00830039242,31193.19419030882,-146377548.0253217,37580718.72160338,-13093761.56548553,82.24704920279851,321.5422615027656,0.3224264812294058
01 Jun 2026 17:09:01.008,61741.00830028765,31193.21502364215,-146228358.2840393,38159113.77744401,-13093449.69232468,83.51914603213123,321.2216702324471,0.3235243017017684
01 Jun 2026 17:39:01.008,63541.0083004972,31193.23585697549,-146076879.7660549,38736927.72254422,-13093139.66299285,84.79013223012628,320.8964695392171,0.3246216585195421
01 Jun 2026 18:09:01.008,65341.00830039242,31193.25669030882,-145923114.4821552,39314152.26473964,-13092831.46074381,86.05999497457717,320.5666635171099,0.3257185458172014
01 Jun 2026 18:39:01.008,67141.00830028765,31193.27752364215,-145767064.4660202,39890779.11985701,-13092525.06859721,87.32872147410798,320.2322562799216,0.3268149577562531
01 Jun 2026 19:09:01.008,68941.0083004972,31193.29835697549,-145608731.7743257,40466800.01114392,-13092220.46933968,88.59629896689941,319.8932519611172,0.3279108885244431
01 Jun 2026 19:39:01.008,70741.00830039242,31193.31919030882,-145448118.4868589,41042206.66870087,-13091917.64552619,89.86271471941558,319.5496547137667,0.3290063323349526
01 Jun 2026 20:09:01.008,72541.00830028765,31193.34002364215,-145285226.7061052,41616990.8308233,-13091616.57948039,91.12795602932866,319.2014687093435,0.3301012834292192
01 Jun 2026 20:39:01.008,74341.0083004972,31193.36085697549,-145120058.5575,42191144.24292859,-13091317.25329627,92.39201022312547,318.8486981379447,0.3311957360751707
01 Jun 2026 21:09:01.008,76141.00830039242,31193.38169030882,-144952616.1892358,42764658.65809164,-13091019.64883882,93.65486465724864,318.4913472075572,0.3322896845685319
01 Jun 2026 21:39:01.008,77941.00830028765,31193.40252364215,-144782901.7722669,43337525.83687621,-13090723.74774522,94.9165067176838,318.1294201437433,0.3333831232327737
01 Jun 2026 22:09:01.008,79741.0083004972,31193.42335697549,-144610917.5001362,43909737.54776599,-13090429.53142572,96.17692382086278,317.7629211889461,0.3344760464202006
01 Jun 2026 22:39:01.008,81541.00830039242,31193.44419030882,-144436665.5891,44481285.56659481,-13090136.98106495,97.4361034123575,317.3918546024243,0.3355684485111703
01 Jun 2026 23:09:01.008,83341.00830028765,31193.46502364215,-144260148.2779866,45052161.67687663,-13089846.07762293,98.69403296755131,317.0162246596218,0.3366603239149679
01 Jun 2026 23:39:01.008,85141.0083004972,31193.48585697549,-144081367.8280178,45622357.67023247,-13089556.80183591,99.95069999251945,316.6360356514517,0.3377516670709202
02 Jun 2026 00:09:01.008,86941.00830039242,31193.50669030882,-143900326.523096,46191865.34532244,-13089269.13421798,101.2060920216103,316.2512918845738,0.3388424724466326
02 Jun 2026 00:39:01.008,88741.00830028765,31193.52752364215,-143717026.669315,46760676.50926697,-13088983.05506164,102.4601966205078,315.8619976800122,0.3399327345409731
02 Jun 2026 01:09:01.008,90541.0083004972,31193.54835697549,-143531470.59525,47328782.9765781,-13088698.54443937,103.713001383801,315.4681573734351,0.3410224478823047
02 Jun 2026 01:39:01.008,92341.00830039242,31193.56919030882,-143343660.6517805,47896176.56958352,-13088415.58220456,104.9644939358394,315.0697753144328,0.3421116070295982
02 Jun 2026 02:09:01.008,94141.00830028765,31193.59002364215,-143153599.2119362,48462849.1187479,-13088134.14799266,106.2146619313563,314.6668558658484,0.3432002065732971
02 Jun 2026 02:39:01.008,95941.0083004972,31193.61085697549,-142961288.6710409,49028792.46210214,-13087854.22122241,107.4634930541214,314.2594034037338,0.3442882411345281
02 Jun 2026 03:09:01.008,97741.00830039242,31193.63169030882,-142766731.4465275,49593998.44566284,-13087575.78109711,108.7109750177704,313.8474223166115,0.3453757053661644
02 Jun 2026 03:39:01.008,99541.00830028765,31193.65252364215,-142569929.9779527,50158458.92325675,-13087298.80660571,109.9570955653186,313.4309170051517,0.3464625939527761
02 Jun 2026 04:09:01.008,101341.0083004972,31193.67335697549,-142370886.7268052,50722165.75693623,-13087023.27652387,111.2018424699731,313.0098918814176,0.3475489016117153
02 Jun 2026 04:39:01.008,103141.0083003924,31193.69419030882,-142169604.1766591,51285110.81640829,-13086749.16941557,112.4452035337625,312.5843513688331,0.3486346230922805
02 Jun 2026 05:09:01.008,104941.0083002876,31193.71502364215,-141966084.8330197,51847285.97935054,-13086476.46363402,113.6871665881189,312.1542999015011,0.3497197531766236
02 Jun 2026 05:39:01.008,106741.0083004972,31193.73585697549,-141760331.2231259,52408683.13182181,-13086205.1373229,114.9277194946654,311.7197419234289,0.3508042866808054
02 Jun 2026 06:09:01.008,108541.0083003924,31193.75669030882,-141552345.8962915,52969294.16720121,-13085935.16841806,116.1668501427462,311.2806818888897,0.3518882184530314
02 Jun 2026 06:39:01.008,110341.0083002876,31193.77752364215,-141342131.4233494,53529110.98757773,-13085666.53464815,117.4045464523668,310.837124260888,0.3529715433766247
02 Jun 2026 07:09:01.008,112141.0083004972,31193.79835697549,-141129690.3969961,54088125.50268852,-13085399.21353631,118.6407963717108,310.3890735115248,0.3540542563682436
02 Jun 2026 07:39:01.008,113941.0083003924,31193.81919030882,-140915025.4315966,54646329.63032676,-13085133.18240151,119.8755878779008,309.9365341212213,0.3551363523789521
02 Jun 2026 08:09:01.008,115741.0083002876,31193.84002364215,-140698139.163018,55203715.29664791,-13084868.41835953,121.1089089775282,309.4795105780049,0.3562178263950986
02 Jun 2026 08:39:01.008,117541.0083004972,31193.86085697549,-140479034.2488028,55760274.43559857,-13084604.89832463,122.3407477052386,309.0180073775063,0.3572986734374828
02 Jun 2026 09:09:01.008,119341.0083003924,31193.88169030882,-140257713.3679674,56315998.98931929,-13084342.59901071,123.5710921244645,308.5520290221695,0.3583788885624211
02 Jun 2026 09:39:01.008,121141.0083002876,31193.90252364215,-140034179.221028,56870880.90796223,-13084081.4969327,124.7999303268585,308.0815800209351,0.3594584668616672
02 Jun 2026 10:09:01.008,122941.0083004972,31193.92335697549,-139808434.529753,57424912.15018631,-13083821.56840777,126.027250433222,307.6066648883512,0.360537403463665
02 Jun 2026 10:39:01.008,124741.0083003924,31193.94419030882,-139580482.0375443,57978084.6821027,-13083562.78955711,127.253040590995,307.1272881450054,0.361615693531768
02 Jun 2026 11:09:01.008,126541.0083002876,31193.96502364215,-139350324.5088757,58530390.47854228,-13083305.13630681,128.4772889768838,306.6434543159694,0.3626933322669879
02 Jun 2026 11:39:01.008,128341.0083004972,31193.98585697549,-139117964.7294757,59081821.52248234,-13083048.5843895,129.6999837954066,306.1551679308128,0.363770314907164
02 Jun 2026 12:09:01.008,130141.0083003924,31194.00669030882,-138883405.5065239,59632369.80447786,-13082793.10934603,130.9211132774406,305.662433523643,0.3648466367261296
02 Jun 2026 12:39:01.008,131941.0083002876,31194.02752364215,-138646649.6680741,60182027.32391966,-13082538.68652619,132.1406656828158,305.1652556315154,0.3659222930364461
02 Jun 2026 13:09:01.008,133741.0083004972,31194.04835697549,-138407700.0634513,60730786.08798168,-13082285.29109091,133.3586292977777,304.6636387948973,0.366997279187633
02 Jun 2026 13:39:01.008,135541.0083003924,31194.06919030882,-138166559.5630428,61278638.11201154,-13082032.89801326,134.574992435646,304.1575875568483,0.3680715905672054
02 Jun 2026 14:09:01.008,137341.0083002876,31194.09002364215,-137923231.0581202,61825575.41982107,-13081781.48207986,135.7897434372454,303.6471064622756,0.369145222601527
02 Jun 2026 14:39:01.008,139141.0083004972,31194.11085697549,-137677717.4610447,62371590.04311559,-13081531.01789267,137.0028706694201,303.1322000579849,0.3702181707549652
02 Jun 2026 15:09:01.008,140941.0083003924,31194.13169030882,-137430021.7050512,62916674.02187933,-13081281.4798703,138.214362525663,302.6128728918515,0.3712904305309386
02 Jun 2026 15:39:01.008,142741.0083002876,31194.15252364215,-137180146.7442862,63460819.40418623,-13081032.84224948,139.4242074254653,302.0891295125224,0.372361997471808
02 Jun 2026 16:09:01.008,144541.0083004972,31194.17335697549,-136928095.5535425,64004018.24667559,-13080785.07908642,140.6323938151373,301.5609744684823,0.3734328671601101
02 Jun 2026 16:39:01.008,146341.0083003924,31194.19419030882,-136673871.1286944,64546262.61350778,-13080538.16425884,141.8389101652427,301.0284123085885,0.3745030352167671
02 Jun 2026 17:09:01.008,148141.0083002876,31194.21502364215,-136417476.4860815,65087544.57759704,-13080292.07146683,143.0437449730923,300.4914475804003,0.3755724973038026
02 Jun 2026 17:39:01.008,149941.0083004972,31194.23585697549,-136158914.662723,65627856.22003892,-13080046.77423477,144.2468867612168,299.950084830251,0.3766412491234901
02 Jun 2026 18:09:01.008,151741.0083003924,31194.25669030882,-135898188.7165471,66167189.62954307,-13079802.24591312,145.4483240758423,299.4043286033499,0.3777092864175051
02 Jun 2026 18:39:01.008,153541.0083002876,31194.27752364215,-135635301.7257585,66705536.9036559,-13079558.45967922,146.6480454893471,298.8541834420791,0.3787766049696351
02 Jun 2026 19:09:01.008,155341.0083004972,31194.29835697549,-135370256.7892919,67242890.14771894,-13079315.38853976,147.8460395976693,298.2996538865664,0.3798432006039736
02 Jun 2026 19:39:01.008,157141.0083003924,31194.31919030882,-135103057.0265891,67779241.47524145,-13079073.00533172,149.0422950208584,297.7407444738388,0.3809090691859636
02 Jun 2026 20:09:01.008,158941.0083002876,31194.34002364215,-134833705.5774133,68314583.00817457,-13078831.28272423,150.2368004034026,297.1774597370589,0.3819742066232013
02 Jun 2026 20:39:01.008,160741.0083004972,31194.36085697549,-134562205.6020872,68848906.87634242,-13078590.19322013,151.4295444126698,296.6098042056444,0.3830386088645921
02 Jun 2026 21:09:01.008,162541.0083003924,31194.38169030882,-134288560.2812645,69382205.21780933,-13078349.70915767,152.6205157394299,296.0377824044134,0.3841022719013454
02 Jun 2026 21:39:01.008,164341.0083002876,31194.40252364215,-134012772.8159833,69914470.17868464,-13078109.80271211,153.8097030971172,295.4613988533198,0.3851651917668786
02 Jun 2026 22:09:01.008,166141.0083004972,31194.42335697549,-133734846.4274319,70445693.91348484,-13077870.44589715,154.9970952223308,294.8806580665886,0.3862273645378109
02 Jun 2026 22:39:01.008,167941.0083003924,31194.44419030882,-133454784.3571978,70975868.5845658,-13077631.61056693,156.182680873251,294.2955645528608,0.3872887863331052
02 Jun 2026 23:09:01.008,169741.0083002876,31194.46502364215,-133172589.8670854,71504986.36239135,-13077393.26841755,157.3664488299194,293.7061228144377,0.3883494533148721
02 Jun 2026 23:39:01.008,171541.0083004972,31194.48585697549,-132888266.2388771,72033039.42588992,-13077155.39098857,158.5483878947096,293.1123373464089,0.3894093616893772
03 Jun 2026 00:09:01.008,173341.0083003924,31194.50669030882,-132601816.7748401,72560019.96142687,-13076917.9496651,159.7284868896947,292.5142126373376,0.3904685077052426
03 Jun 2026 00:39:01.008,175141.0083002876,31194.52752364215,-132313244.7969937,73085920.16408201,-13076680.91567905,160.9067346591676,291.9117531673579,0.3915268876562865
03 Jun 2026 01:09:01.008,176941.0083004972,31194.54835697549,-132022553.6476194,73610732.23662156,-13076444.26011117,162.0831200669944,291.30496340887,0.392584497879743
03 Jun 2026 01:39:01.008,178741.0083003924,31194.56919030882,-131729746.6890266,74134448.38985242,-13076207.95389272,163.2576319970556,290.6938478256814,0.3936413347572283
03 Jun 2026 02:09:01.008,180541.0083002876,31194.59002364215,-131434827.3033624,74657060.84287961,-13075971.96780695,164.4302593534662,290.0784108722397,0.3946973947155556
03 Jun 2026 02:39:01.008,182341.0083004972,31194.61085697549,-131137798.8928829,75178561.82254091,-13075736.27249123,165.6009910589441,289.4586569938328,0.3957526742258524
03 Jun 2026 03:09:01.008,184141.0083003924,31194.63169030882,-130838664.879715,75698943.56375548,-13075500.83843851,166.7698160552214,288.8345906257243,0.3968071698045379
03 Jun 2026 03:39:01.008,185941.0083002876,31194.65252364215,-130537428.7059265,76218198.30932334,-13075265.63599931,167.9367233022182,288.2062161929364,0.3978608780131956
03 Jun 2026 04:09:01.008,187741.0083004972,31194.67335697549,-130234093.8332831,76736318.31026891,-13075030.63538317,169.101701778432,287.573538109378,0.3989137954595372
03 Jun 2026 04:39:01.008,189541.0083003924,31194.69419030882,-129928663.7435315,77253295.825277,-13074795.80666085,170.2647404792818,286.936560778074,0.399965918796521
03 Jun 2026 05:09:01.008,191341.0083002876,31194.71502364215,-129621141.9382122,77769123.12094529,-13074561.1197659,171.4258284172791,286.2952885904145,0.4010172447231533
03 Jun 2026 05:39:01.008,193141.0083004972,31194.73585697549,-129311531.9384125,78283792.47212204,-13074326.54449631,172.5849546223883,285.6497259252812,0.4020677699854254
03 Jun 2026 06:09:01.008,194941.0083003924,31194.75669030882,-128999837.28533,78797296.1608946,-13074092.05051684,173.7421081393406,284.9998771498645,0.4031174913745263
03 Jun 2026 06:39:01.008,196741.0083002876,31194.77752364215,-128686061.5395419,79309626.47773549,-13073857.60736023,174.8972780298018,284.3457466177862,0.4041664057294572
03 Jun 2026 07:09:01.008,198541.0083004972,31194.79835697549,-128370208.2812988,79820775.72093755,-13073623.1844294,176.0504533706801,283.6873386693571,0.4052145099361364
03 Jun 2026 07:39:01.008,200341.0083003924,31194.81919030882,-128052281.1108313,80330736.1960561,-13073388.75099948,177.2016232524406,283.0246576318666,0.4062618009265249
03 Jun 2026 08:09:01.008,202141.0083002876,31194.84002364215,-127732283.6476061,80839500.21704361,-13073154.27621906,178.3507767812326,282.3577078176818,0.4073082756812223
03 Jun 2026 08:39:01.008,203941.0083004972,31194.86085697549,-127410219.5309089,81347060.10524273,-13072919.72911273,179.4979030761779,281.6864935251151,0.4083539312276558
03 Jun 2026 09:09:01.008,205741.0083003924,31194.88169030882,-127086092.4196001,81853408.18971729,-13072685.07858256,180.642991269672,281.0110190375701,0.4093987646410278
03 Jun 2026 09:39:01.008,207541.0083002876,31194.90252364215,-126759905.9919197,82358536.80748947,-13072450.29340998,181.7860305074693,280.3312886227935,0.4104427730450748
03 Jun 2026 10:09:01.008,209341.0083004972,31194.92335697549,-126431663.9458048,82862438.30298115,-13072215.34225798,182.9270099469615,279.6473065331945,0.4114859536111686
03 Jun 2026 10:39:01.008,211141.0083003924,31194.94419030882,-126101369.9986416,83365105.02833942,-13071980.19367277,184.0659187574489,278.9590770049917,0.4125283035592529
03 Jun 2026 11:09:01.008,212941.0083002876,31194.96502364215,-125769027.8873598,83866529.34323108,-13071744.81608582,185.2027461192049,278.2666042580734,0.413569820157671
03 Jun 2026 11:39:01.008,214741.0083004972,31194.98585697549,-125434641.3681802,84366703.61516289,-13071509.17781562,186.3374812237243,277.5698924951393,0.4146105007241037
03 Jun 2026 12:09:01.008,216541.0083003924,31195.00669030882,-125098214.2169445,84865620.21892537,-13071273.24706984,187.4701132719795,276.8689459020575,0.4156503426246609
03 Jun 2026 12:39:01.008,218341.0083002876,31195.02752364215,-124759750.228925,85363271.53682536,-13071036.99194728,188.6006314744568,276.1637686471399,0.4166893432746255
03 Jun 2026 13:09:01.008,220141.0083004972,31195.04835697549,-124419253.2185696,85859649.9590001,-13070800.38043944,189.7290250513751,275.4543648802874,0.4177275001393661
03 Jun 2026 13:39:01.008,221941.0083003924,31195.06919030882,-124076727.0201388,86354747.88243061,-13070563.38043319,190.8552832299404,274.7407387339944,0.4187648107325272
03 Jun 2026 14:09:01.008,223741.0083002876,31195.09002364215,-123732175.4869192,86848557.71203569,-13070325.95971208,191.9793952463246,274.0228943213922,0.419801272618578
03 Jun 2026 14:39:01.008,225541.0083004972,31195.11085697549,-123385602.4915638,87341071.860116,-13070088.08595856,193.1013503438864,273.3008357366413,0.4208368834118925
03 Jun 2026 15:09:01.008,227341.0083003924,31195.13169030882,-123037011.9264457,87832282.74580574,-13069849.72675632,194.2211377714007,272.5745670553562,0.4218716407758598
03 Jun 2026 15:39:01.008,229141.0083002876,31195.15252364215,-122686407.7028589,88322182.79615472,-13069610.84959168,195.3387467849952,271.8440923326318,0.4229055424253989
03 Jun 2026 16:09:01.008,230941.0083004972,31195.17335697549,-122333793.7516754,88810764.44514774,-13069371.42185611,196.4541666453827,271.1094156041053,0.4239385861251486
03 Jun 2026 16:39:01.008,232741.0083003924,31195.19419030882,-121979174.0230949,89298020.13401276,-13069131.41084803,197.567386618021,270.370540885132,0.4249707696903688
03 Jun 2026 17:09:01.008,234541.0083002876,31195.21502364215,-121622552.4864487,89783942.31143811,-13068890.78377485,198.6783959730642,269.6274721700787,0.4260020909876339
03 Jun 2026 17:39:01.008,236341.0083004972,31195.23585697549,-121263933.1305652,90268523.43302485,-13068649.50775506,199.7871839835576,268.880213432788,0.4270325479339339
03 Jun 2026 18:09:01.008,238141.0083003924,31195.25669030882,-120903319.9635165,90751755.96158922,-13068407.54982037,200.893739925569,268.1287686257596,0.4280621384975491
03 Jun 2026 18:39:01.008,239941.0083002876,31195.27752364215,-120540717.0127392,91233632.36695491,-13068164.87691757,201.998053077148,267.3731416801124,0.4290908606978512
03 Jun 2026 19:09:01.008,241741.0083004972,31195.29835697549,-120176128.3247775,91714145.12625057,-13067921.45591076,203.1001127184355,266.6133365047663,0.4301187126061814
03 Jun 2026 19:39:01.008,243541.0083003924,31195.31919030882,-119809557.9656609,92193286.72336516,-13067677.25358338,204.1999081298373,265.8493569869464,0.4311456923449244
03 Jun 2026 20:09:01.008,245341.0083002876,31195.34002364215,-119441010.0207152,92671049.64916161,-13067432.2366403,205.2974285919283,265.081206991514,0.4321717980882087
03 Jun 2026 20:39:01.008,247141.0083004972,31195.36085697549,-119070488.5943027,93147426.40176846,-13067186.37170985,206.392663385532,264.3088903601517,0.4331970280627639
03 Jun 2026 21:09:01.008,248941.0083003924,31195.38169030882,-118697997.8105349,93622409.4856229,-13066939.62534621,207.4856017889244,263.5324109125809,0.4342213805460964
03 Jun 2026 21:39:01.008,250741.0083002876,31195.40252364215,-118323541.8124345,94095991.41251139,-13066691.96403103,208.5762330796223,262.7517724445498,0.4352448538689653
03 Jun 2026 22:09:01.008,252541.0083004972,31195.42335697549,-117947124.7623252,94568164.70102647,-13066443.3541759,209.6645465325253,261.966978728386,0.4362674464144467
03 Jun 2026 22:39:01.008,254341.0083003924,31195.44419030882,-117568750.842234,95038921.87603153,-13066193.76212465,210.7505314180659,261.1780335135796,0.437289156617005
03 Jun 2026 23:09:01.008,256141.0083002876,31195.46502364215,-117188424.2530425,95508255.46968956,-13065943.1541549,211.8341770039577,260.3849405247623,0.4383099829649373
03 Jun 2026 23:39:01.008,257941.0083004972,31195.48585697549,-116806149.2152196,95976158.02051361,-13065691.49648078,212.9154725523783,259.5877034629883,0.4393299239985571
04 Jun 2026 00:09:01.008,259741.0083003924,31195.50669030882,-116421929.9685679,96442622.07365353,-13065438.75525484,213.9944073199945,258.7863260049633,0.4403489783110284
04 Jun 2026 00:39:01.008,261541.0083002876,31195.52752364215,-116035770.7720318,96907640.18109502,-13065184.89657011,215.0709705577827,257.9808118024065,0.4413671445490324
04 Jun 2026 01:09:01.008,263341.0083004972,31195.54835697549,-115647675.9041119,97371204.9011267,-13064929.88646246,216.1451515091492,257.1711644826828,0.4423844214118087
04 Jun 2026 01:39:01.008,265141.0083003924,31195.56919030882,-115257649.6626102,97833308.79862101,-13064673.69091275,217.2169394099263,256.3573876480423,0.4434008076520084
04 Jun 2026 02:09:01.008,266941.0083002876,31195.59002364215,-114865696.3647806,98293944.44482753,-13064416.27584903,218.2863234872335,255.5394848757126,0.4444163020754415
04 Jun 2026 02:39:01.008,268741.0083004972,31195.61085697549,-114471820.3470704,98753104.41764878,-13064157.6071484,219.3532929594526,254.7174597171406,0.4454309035419004
04 Jun 2026 03:09:01.008,270541.0083003924,31195.63169030882,-114076025.9655486,99210781.3011117,-13063897.65063976,220.4178370343292,253.8913156986735,0.4464446109642259
04 Jun 2026 03:39:01.008,272341.0083002876,31195.65252364215,-113678317.5957211,99666967.68556419,-13063636.37210573,221.4799449087497,253.0610563209664,0.4474574233089186
04 Jun 2026 04:09:01.008,274141.0083004972,31195.67335697549,-113278699.6322708,100121656.1679456,-13063373.73728462,222.5396057686884,252.2266850582362,0.448469339596977
04 Jun 2026 04:39:01.008,275941.0083003924,31195.69419030882,-112877176.4898459,100574839.3508657,-13063109.71187329,223.5968087863716,251.3882053597114,0.4494803589020364
04 Jun 2026 05:09:01.008,277741.0083002876,31195.71502364215,-112473752.6021768,101026509.8435908,-13062844.26152869,224.6515431218789,250.5456206475967,0.4504904803527858
04 Jun 2026 05:39:01.008,279541.0083004972,31195.73585697549,-112068432.4225164,101476660.2615175,-13062577.35187042,225.7037979212163,249.6989343178051,0.4514997031319807
04 Jun 2026 06:09:01.008,281341.0083003924,31195.75669030882,-111661220.4240935,101925283.2256557,-13062308.94848323,226.7535623143985,248.8481497407264,0.4525080264754964
04 Jun 2026 06:39:01.008,283141.0083002876,31195.77752364215,-111252121.0992913,102372371.3635251,-13062039.01691864,227.8008254168281,247.9932702593359,0.4535154496745246
04 Jun 2026 07:09:01.008,284941.0083004972,31195.79835697549,-110841138.9600982,102817917.3086323,-13061767.52269772,228.8455763273568,247.1342991899666,0.4545219720746081
04 Jun 2026 07:39:01.008,286741.0083003924,31195.81919030882,-110428278.5385716,103261913.6999587,-13061494.43131328,229.887804126356,246.2712398231172,0.4555275930746587
04 Jun 2026 08:09:01.008,288541.0083002876,31195.84002364215,-110013544.3859365,103704353.1829233,-13061219.70823177,230.9274978772416,245.4040954214095,0.4565323121293372
04 Jun 2026 08:39:01.008,290341.0083004972,31195.86085697549,-109596941.0734094,104145228.4084788,-13060943.31889603,231.9646466236172,244.5328692211608,0.4575361287471877
04 Jun 2026 09:09:01.008,292141.0083003924,31195.88169030882,-109178473.1919471,104584532.0333755,-13060665.22872731,232.9992393891467,243.6575644317141,0.4585390424914175
04 Jun 2026 09:39:01.008,293941.0083002876,31195.90252364215,-108758145.3520628,105022256.7203412,-13060385.40312753,234.0312651772292,242.7781842349144,0.4595410529804949
04 Jun 2026 10:09:01.008,295741.0083004972,31195.92335697549,-108335962.1843026,105458395.137572,-13060103.8074817,235.0607129690454,241.894731785974,0.4605421598871637
04 Jun 2026 10:39:01.008,297541.0083003924,31195.94419030882,-107911928.3389933,105892939.9589909,-13059820.40716022,236.0875717234026,241.0072102128187,0.4615423629392099
04 Jun 2026 11:09:01.008,299341.0083002876,31195.96502364215,-107486048.4864315,106325883.8640467,-13059535.16752106,237.111830375493,240.1156226163644,0.4625416619191673
04 Jun 2026 11:39:01.008,301141.0083004972,31195.98585697549,-107058327.3166286,106757219.5379665,-13059248.05391205,238.1334778367195,239.2199720698711,0.4635400566650807
04 Jun 2026 12:09:01.008,302941.0083003924,31196.00669030882,-106628769.5398015,107186939.6712539,-13058959.03167348,239.1525029927273,238.3202616198636,0.4645375470695132
04 Jun 2026 12:39:01.008,304741.0083002876,31196.02752364215,-106197379.8861975,107615036.9598677,-13058668.06614009,240.1688947030416,237.4164942856664,0.4655341330801126
04 Jun 2026 13:09:01.008,306541.0083004972,31196.04835697549,-105764163.1059142,108041504.1053958,-13058375.12264349,241.1826418006916,236.5086730589343,0.4665298147001944
04 Jun 2026 13:39:01.008,308341.0083003924,31196.06919030882,-105329123.9694014,108466333.8145578,-13058080.16651458,242.1937330902327,235.5968009046174,0.4675245919877158
04 Jun 2026 14:09:01.008,310141.0083002876,31196.09002364215,-104892267.2672876,108889518.7993816,-13057783.16308592,243.2021573473626,234.6808807605209,0.4685184650558853
04 Jun 2026 14:39:01.008,311941.0083004972,31196.11085697549,-104453597.8101252,109311051.7774487,-13057484.07769372,244.2079033186998,233.7609155366993,0.4695114340738424
04 Jun 2026 15:09:01.008,313741.0083003924,31196.13169030882,-104013120.4292874,109730925.4710342,-13057182.87568074,245.2109597189193,232.8369081172718,0.4705034992648192
04 Jun 2026 15:39:01.008,315541.0083002876,31196.15252364215,-103570839.9760284,110149132.6080159,-13056879.52239816,246.2113152321035,231.9088613583966,0.4714946609084065
04 Jun 2026 16:09:01.008,317341.0083004972,31196.17335697549,-103126761.3219984,110565665.9213817,-13056573.98320798,247.2089585097424,230.9767780893015,0.4724849193395597
04 Jun 2026 16:39:01.008,319141.0083003924,31196.19419030882,-102680889.3597714,110980518.1487474,-13056266.22348595,248.2038781687485,230.0406611133488,0.4734742749475558
04 Jun 2026 17:09:01.008,320941.0083002876,31196.21502364215,-102233229.0018971,111393682.0332526,-13055956.20862302,249.1960627927678,229.1005132060125,0.474462728178298
04 Jun 2026 17:39:01.008,322741.0083004972,31196.23585697549,-101783785.1818181,111805150.3227145,-13055643.90402842,250.1855009293103,228.1563371167773,0.4754502795323958
04 Jun 2026 18:09:01.008,324541.0083003924,31196.25669030882,-101332562.8536252,112214915.7698707,-13055329.27513178,251.1721810894857,227.2081355686053,0.476436929565899
04 Jun 2026 18:39:01.008,326341.0083002876,31196.27752364215,-100879566.9918857,112622971.1325455,-13055012.28738539,252.156091747553,226.2559112575659,0.4774226788908114
04 Jun 2026 19:09:01.008,328141.0083004972,31196.29835697549,-100424802.5921846,113029309.1731728,-13054692.90626676,253.1372213389145,225.2996668539686,0.4784075281740612
04 Jun 2026 19:39:01.008,329941.0083003924,31196.31919030882,-99968274.67095912,113433922.658965,-13054371.09728106,254.1155582596598,224.3394050020228,0.4793914781380209
04 Jun 2026 20:09:01.008,331741.0083002876,31196.34002364215,-99509988.26533024,113836804.3620768,-13054046.82596315,255.0910908660954,223.3751283194947,0.4803745295610291
04 Jun 2026 20:39:01.008,333541.0083004972,31196.36085697549,-99049948.43365401,114237947.0591347,-13053720.05788034,256.0638074727334,222.4068393988897,0.4813566832763594
04 Jun 2026 21:09:01.008,335341.0083003924,31196.38169030882,-98588160.25527856,114637343.5314736,-13053390.75863458,257.0336963519867,221.434540806971,0.4823379401728842
04 Jun 2026 21:39:01.008,337141.0083002876,31196.40252364215,-98124628.83078146,115034986.564951,-13053058.89386506,258.0007457328341,220.4582350852985,0.4833183011947262
04 Jun 2026 22:09:01.008,338941.0083004972,31196.42335697549,-97659359.28172451,115430868.9501786,-13052724.42925016,258.9649438004968,219.4779247497577,0.4842977673419386
04 Jun 2026 22:39:01.008,340741.0083003924,31196.44419030882,-97192356.75122003,115824983.4820607,-13052387.33051042,259.9262786944219,218.4936122918093,0.4852763396694462
04 Jun 2026 23:09:01.008,342541.0083002876,31196.46502364215,-96723626.40377179,116217322.9599596,-13052047.56341057,260.8847385077847,217.5053001782185,0.4862540192875446
04 Jun 2026 23:39:01.008,344341.0083004972,31196.48585697549,-96253173.42502972,116607880.1879227,-13051705.09376184,261.8403112871426,216.5129908506099,0.4872308073625602
05 Jun 2026 00:09:01.008,346141.0083003924,31196.50669030882,-95781003.02277908,116996647.9738881,-13051359.88742508,262.7929850296147,215.5166867276618,0.4882067051149326
05 Jun 2026 00:39:01.008,347941.0083002876,31196.52752364215,-95307120.42596047,117383619.1305283,-13051011.91031213,263.7427476839637,214.516390203073,0.4891817138214094
05 Jun 2026 01:09:01.008,349741.0083004972,31196.54835697549,-94831530.8852503,117768786.4747957,-13050661.12838875,264.6895871485426,213.5121036468686,0.4901558348139674
05 Jun 2026 01:39:01.008,351541.0083003924,31196.56919030882,-94354239.67365314,118152142.8274789,-13050307.50767747,265.6334912694203,212.5038294068741,0.4911290694787875
05 Jun 2026 02:09:01.008,353341.0083002876,31196.59002364215,-93875252.08559838,118533681.0139689,-13049951.01425911,266.574447841256,211.4915698068612,0.4921014192582156
05 Jun 2026 02:39:01.008,355141.0083004972,31196.61085697549,-93394573.43753126,118913393.8638108,-13049591.61427577,267.5124446052689,210.475327147923,0.493072885649712
05 Jun 2026 03:09:01.008,356941.0083003924,31196.63169030882,-92912209.06851617,119291274.2102692,-13049229.27393339,268.4474692472219,209.4551037098875,0.4940434702047876
05 Jun 2026 03:39:01.008,358741.0083002876,31196.65252364215,-92428164.33924372,119667314.8911485,-13048863.95950348,269.3795093985115,208.4309017493659,0.4950131745311386
05 Jun 2026 04:09:01.008,360541.0083004972,31196.67335697549,-91942444.63305604,120041508.748026,-13048495.63732626,270.3085526333221,207.4027235020773,0.4959820002907271
05 Jun 2026 04:39:01.008,362341.0083003924,31196.69419030882,-91455055.35571425,120413848.6264791,-13048124.2738127,271.2345864682377,206.3705711825238,0.4969499492004088
05 Jun 2026 05:09:01.008,364141.0083002876,31196.71502364215,-90966001.9352465,120784327.3762408,-13047749.83544691,272.1575983616738,205.334446983845,0.4979170230323526
05 Jun 2026 05:39:01.008,365941.0083004972,31196.73585697549,-90475289.82256511,121152937.8507728,-13047372.28878884,273.0775757118554,204.294353079311,0.4988832236129692
05 Jun 2026 06:09:01.008,367741.0083003924,31196.75669030882,-89982924.49132095,121519672.9074252,-13046991.60047646,273.9945058562496,203.2502916222113,0.4998485528233521
05 Jun 2026 06:39:01.008,369541.0083002876,31196.77752364215,-89488911.43775475,121884525.407592,-13046607.73722816,274.9083760709863,202.2022647457451,0.5008130125996848
05 Jun 2026 07:09:01.008,371341.0083004972,31196.79835697549,-88993256.18132471,122247488.2162915,-13046220.66584539,275.8191735688363,201.1502745645696,0.5017766049321652
05 Jun 2026 07:39:01.008,373141.0083003924,31196.81919030882,-88495964.26447752,122608554.2023895,-13045830.35321493,276.7268854987909,200.0943231745409,0.5027393318655831
05 Jun 2026 08:09:01.008,374941.0083002876,31196.84002364215,-87997041.25293727,122967716.2384389,-13045436.76631141,277.631498944679,199.0344126535657,0.5037011954989064
05 Jun 2026 08:39:01.008,376741.0083004972,31196.86085697549,-87496492.73547465,123324967.2008982,-13045039.87219946,278.5330009247314,197.970545061358,0.5046621979858434
05 Jun 2026 09:09:01.008,378541.0083003924,31196.88169030882,-86994324.3245495,123680299.9697236,-13044639.63803654,279.4313783895647,196.902722441064,0.5056223415337575
05 Jun 2026 09:39:01.008,380341.0083002876,31196.90252364215,-86490541.65617275,124033707.4285289,-13044236.03107513,280.3266182215869,195.8309468192375,0.5065816284040503
05 Jun 2026 10:09:01.008,382141.0083004972,31196.92335697549,-85985150.38976479,124385182.4647391,-13043829.01866496,281.2187072343915,194.7552202058195,0.5075400609125817
05 Jun 2026 10:39:01.008,383941.0083003924,31196.94419030882,-85478156.20880911,124734717.9691918,-13043418.56825592,282.1076321707467,193.6755445958195,0.5084976414285345
05 Jun 2026 11:09:01.008,385741.0083002876,31196.96502364215,-84969564.82071705,125082306.8362967,-13043004.64740016,282.9933797019905,192.5919219693304,0.5094543723748215
05 Jun 2026 11:39:01.008,387541.0083004972,31196.98585697549,-84459381.95668991,125427941.9641898,-13042587.22375432,283.8759364274163,191.5043542915485,0.5104102562284614
05 Jun 2026 12:09:01.008,389341.0083003924,31197.00669030882,-83947613.37238313,125771616.2543437,-13042166.26508239,284.7552888722674,190.4128435145123,0.5113652955194579
05 Jun 2026 12:39:01.008,391141.0083002876,31197.02752364215,-83434264.8477746,126113322.611727,-13041741.73925797,285.6314234871246,189.317391577159,0.5123194928311818
05 Jun 2026 13:09:01.008,392941.0083004972,31197.04835697549,-82919342.18693975,126453053.9450181,-13041313.61426623,286.5043266474352,188.2180004051912,0.5132728508008975
05 Jun 2026 13:39:01.008,394741.0083003924,31197.06919030882,-82402851.21917698,126790803.1659295,-13040881.85820733,287.3739846507544,187.1146719138384,0.5142253721178176
05 Jun 2026 14:09:01.008,396541.0083002876,31197.09002364215,-81884797.79797882,127126563.1899592,-13040446.43929764,288.2403837176474,186.0074080060309,0.5151770595251151
05 Jun 2026 14:39:01.008,398341.0083004972,31197.11085697549,-81365187.80171001,127460326.9360119,-13040007.32587279,289.103509989688,184.8962105742292,0.5161279158187897
05 Jun 2026 15:09:01.008,400141.0083003924,31197.13169030882,-80844027.13429755,127792087.3260342,-13039564.48639043,289.9633495274788,183.7810815022947,0.5170779438465347
05 Jun 2026 15:39:01.008,401941.0083002876,31197.15252364215,-80321321.72428708,128121837.2856976,-13039117.88943177,290.8198883113772,182.6620226638782,0.5180271465095716
05 Jun 2026 16:09:01.008,403741.0083004972,31197.17335697549,-79797077.5255318,128449569.7440292,-13038667.50370432,291.6731122395053,181.5390359243102,0.5189755267615088
05 Jun 2026 16:39:01.008,405541.0083003924,31197.19419030882,-79271300.51789314,128775277.6330575,-13038213.29804488,292.5230071257789,180.4121231425325,0.5199230876071899
05 Jun 2026 17:09:01.008,407341.0083002876,31197.21502364215,-78743996.70620105,129098953.8885428,-13037755.24142087,293.3695587007625,179.281286169314,0.5208698321046916
05 Jun 2026 17:39:01.008,409141.0083004972,31197.23585697549,-78215172.12141462,129420591.4493369,-13037293.30293352,294.2127526089512,178.1465268501925,0.5218157633633376
05 Jun 2026 18:09:01.008,410941.0083003924,31197.25669030882,-77684832.82041158,129740183.2576027,-13036827.45182008,295.0525744082891,177.0078470254903,0.522760884544188
05 Jun 2026 18:39:01.008,412741.0083002876,31197.27752364215,-77152984.88586573,130057722.2589715,-13036357.65745584,295.8890095695266,175.8652485305321,0.5237051988603745
05 Jun 2026 19:09:01.008,414541.0083004972,31197.29835697549,-76619634.42696142,130373201.402201,-13035883.88935698,296.7220434742628,174.7187331976699,0.5246487095759176
05 Jun 2026 19:39:01.008,416341.0083003924,31197.31919030882,-76084787.57927755,130686613.6393379,-13035406.11718278,297.5516614143112,173.5683028565408,0.5255914200060694
05 Jun 2026 20:09:01.008,418141.0083002876,31197.34002364215,-75548450.5046688,130997951.9258776,-13034924.31073773,298.3778485910566,172.4139593343285,0.5265333335175924
05 Jun 2026 20:39:01.008,419941.0083004972,31197.36085697549,-75010629.39199056,131307209.2204321,-13034438.4399743,299.2005901135116,171.2557044578539,0.5274744535276112
05 Jun 2026 21:09:01.008,421741.0083003924,31197.38169030882,-74471330.45698625,131614378.4848955,-13033948.47499518,300.0198709976814,170.093540053877,0.5284147835038984
05 Jun 2026 21:39:01.008,423541.0083002876,31197.40252364215,-73930559.94217215,131919452.6846037,-13033454.38605521,300.8356761659203,168.9274679494055,0.5293543269651866
05 Jun 2026 22:09:01.008,425341.0083004972,31197.42335697549,-73388324.1175727,132222424.788015,-13032956.14356444,301.6479904450052,167.7574899738495,0.5302930874799698
05 Jun 2026 22:39:01.008,427141.0083003924,31197.44419030882,-72844629.2805161,132523287.766929,-13032453.71808998,302.4567985656416,166.5836079591654,0.5312310686669655
05 Jun 2026 23:09:01.008,428941.0083002876,31197.46502364215,-72299481.75599825,132822034.5963868,-13031947.08035856,303.2620851611173,165.4058237412379,0.5321682741945795
05 Jun 2026 23:39:01.008,430741.0083004972,31197.48585697549,-71752887.89647733,133118658.2548866,-13031436.20125861,304.0638347668022,164.2241391600468,0.5331047077813449
06 Jun 2026 00:09:01.008,432541.0083003924,31197.50669030882,-71204854.08262312,133413151.72408,-13030921.05184278,304.862031818247,163.0385560619102,0.5340403731947378
06 Jun 2026 00:39:01.008,434341.0083002876,31197.52752364215,-70655386.72321261,133705507.9889419,-13030401.60333052,305.6566606505531,161.8490762998978,0.5349752742514275
06 Jun 2026 01:09:01.008,436141.0083004972,31197.54835697549,-70104492.2550223,133995720.0379341,-13029877.8271096,306.4477054977326,160.6557017342484,0.5359094148175627
06 Jun 2026 01:39:01.008,437941.0083003924,31197.56919030882,-69552177.14358801,134283780.862715,-13029349.69473938,307.2351504908285,159.4584342346812,0.5368427988075597
06 Jun 2026 02:09:01.008,439741.0083002876,31197.59002364215,-68998447.88310346,134569683.4583105,-13028817.17795246,308.018979657288,158.2572756808565,0.5377754301843631
06 Jun 2026 02:39:01.008,441541.0083004972,31197.61085697549,-68443310.99631654,134853420.8232813,-13028280.2486571,308.7991769203293,157.0522279628435,0.5387073129596898
06 Jun 2026 03:09:01.008,443341.0083003924,31197.63169030882,-67886773.03529872,135134985.9594442,-13027738.87893968,309.5757260970832,155.843292983498,0.5396384511928187
06 Jun 2026 03:39:01.008,445141.0083002876,31197.65252364215,-67328840.58134735,135414371.8720463,-13027193.04106701,310.3486108979735,154.6304726589734,0.540568848990846
06 Jun 2026 04:09:01.008,446941.0083004972,31197.67335697549,-66769520.24478725,135691571.5699829,-13026642.70748802,311.1178149262237,153.4137689190254,0.5414985105090748
06 Jun 2026 04:39:01.008,448741.0083003924,31197.69419030882,-66208818.66623932,135966578.0652907,-13026087.85083712,311.8833216753542,152.1931837105216,0.5424274399489803
06 Jun 2026 05:09:01.008,450541.0083002876,31197.71502364215,-65646742.51554798,136239384.3738074,-13025528.44393528,312.6451145299105,150.9687189958756,0.5433556415600704
06 Jun 2026 05:39:01.008,452341.0083004972,31197.73585697549,-65083298.49256364,136509983.5149086,-13024964.45979285,313.4031767636371,149.7403767555275,0.5442831196386551
06 Jun 2026 06:09:01.008,454141.0083003924,31197.75669030882,-64518493.32793546,136778368.5112619,-13024395.87161225,314.1574915376804,148.5081589904699,0.5452098785265984
06 Jun 2026 06:39:01.008,455941.0083002876,31197.77752364215,-63952333.78213286,137044532.3894295,-13023822.65278918,314.9080419011739,147.2720677209238,0.5461359226130083
06 Jun 2026 07:09:01.008,457741.0083004972,31197.79835697549,-63384826.64623769,137308468.1796189,-13023244.77691538,315.6548107894408,146.0321049888908,0.5470612563329933
06 Jun 2026 07:39:01.008,459541.0083003924,31197.81919030882,-62815978.74274672,137570168.9154507,-13022662.21778142,316.3977810222246,144.7882728607475,0.5479858841664096
06 Jun 2026 08:09:01.008,461341.0083002876,31197.84002364215,-62245796.92458989,137829627.634554,-13022074.94937777,317.1369353042699,143.5405734259557,0.5489098106395249
06 Jun 2026 08:39:01.008,463141.0083004972,31197.86085697549,-61674288.07593219,138086837.3783317,-13021482.94589756,317.8722562235539,142.2890087996847,0.5498330403237777
06 Jun 2026 09:09:01.008,464941.0083003924,31197.88169030882,-61101459.11298546,138341791.1917414,-13020886.18173932,318.6037262495499,141.0335811254757,0.5507555778345079
06 Jun 2026 09:39:01.008,466741.0083002876,31197.90252364215,-60527316.98302379,138594482.1238852,-13020284.63150804,319.3313277338027,139.7742925739875,0.5516774278326029
06 Jun 2026 10:09:01.008,468541.0083004972,31197.92335697549,-59951868.66519463,138844903.2277882,-13019678.27001791,320.0550429081935,138.5111453456888,0.5525985950232517
06 Jun 2026 10:36:49.936,470209.9364347639,31197.94267327334,-59417162.30371057,139075055.2687952,-13019111.74210747,320.722571087746,137.3365321064352,0.5534520790363207
06 Jun 2026 11:02:27.036,471747.0361302956,31197.96046377907,-58923709.157285,139285291.3976542,-13018586.26924744,321.3343898249923,136.2517701903721,0.5542376340771527
06 Jun 2026 11:24:41.226,473081.2262274907,31197.97590579409,-58494635.04455689,139466421.5235613,-13018127.27852947,321.8631168444124,135.3079281194835,0.554919093596614
06 Jun 2026 11:46:33.301,474393.3005006053,31197.99109183891,-58071986.77327715,139643319.9051329,-13017673.27161094,322.3809632081566,134.3776681204664,0.5555889002900041
06 Jun 2026 11:47:33.301,474453.3005004865,31197.99178628336,-58052643.20669141,139651380.1211222,-13017652.44789182,322.4045935697553,134.3350792453805,0.5556195215306423
06 Jun 2026 11:50:21.073,474621.072545182,31197.99372808943,-57998547.18749985,139673904.5415535,-13017594.19159462,322.4706454274578,134.2159695029985,0.5557051407628455
06 Jun 2026 11:56:35.740,474995.7401804742,31197.99806452039,-57877700.25827767,139724133.8069697,-13017463.93963657,322.6180276896717,133.9498535576582,0.5558963244282529
06 Jun 2026 12:09:19.479,475759.4787871116,31198.0069040876,-57631189.84823114,139826214.4141637,-13017197.76754034,322.9179252665475,133.4068750813661,0.5562859528289024
06 Jun 2026 12:39:10.006,477550.0056338031,31198.02762777796,-57052369.11249514,140063907.1424204,-13016570.26166745,323.6182027404121,132.1311885664129,0.5571989427119339
06 Jun 2026 13:09:10.006,479350.0056340126,31198.04846111129,-56469225.74936149,140300552.0440557,-13015934.49087176,324.3182000802842,130.8449181366592,0.5581161110452157
06 Jun 2026 13:39:10.006,481150.0056339079,31198.06929444462,-55884826.00110447,140534878.5682003,-13015293.73843802,325.0141832085472,129.5548054050016,0.5590326307442961
06 Jun 2026 14:03:59.148,482639.1480637249,31198.08652988941,-55400406.80161683,140726979.9139782,-13014759.86094114,325.5869234307892,128.4845909146777,0.5597903820441985
06 Jun 2026 14:25:12.624,483912.6241042977,31198.10126919544,-54985468.9699496,140889994.6068279,-13014300.57543837,326.0745183852737,127.5672875658239,0.5604380440886998
06 Jun 2026 14:43:15.017,484995.0169112999,31198.11379688996,-54632304.69994135,141027630.0691953,-13013908.22182699,326.4873522290819,126.7861147342376,0.5609882751303945
06 Jun 2026 14:58:27.741,485907.7409327379,31198.1243608254,-54334153.42446526,141143033.1691998,-13013575.95082537,326.8343284063323,126.1263158846702,0.5614520777332919
06 Jun 2026 15:11:06.948,486666.9476127019,31198.13314793975,-54085909.31723177,141238566.7980522,-13013298.574556,327.1221445414871,125.576742301096,0.5618377467349815
06 Jun 2026 15:21:30.449,487290.4490015935,31198.14036439101,-53881874.66137332,141316711.9994537,-13013070.10305087,327.3579703926048,125.1248930766443,0.5621543953276755
06 Jun 2026 15:30:08.080,487808.0795071553,31198.14635548482,-53712373.60031003,141381374.0056888,-13012879.96280641,327.5533793704699,124.7494188848188,0.5624172197351167
06 Jun 2026 15:37:27.830,488247.8304716642,31198.15144519506,-53568295.23414564,141436154.6314044,-13012718.09924342,327.7191217139644,124.4301874051295,0.5626404605963411
06 Jun 2026 15:43:51.417,488631.4166542492,31198.15588484995,-53442559.01156523,141483824.0493917,-13012576.66049717,327.8634953106079,124.1515413717315,0.5628351588618674
06 Jun 2026 15:49:34.319,488974.3187658023,31198.15985362439,-53330111.82191727,141526347.041269,-13012450.02702705,327.9923982108039,123.9023020048091,0.5630091830424724
06 Jun 2026 15:55:15.219,489315.2190723689,31198.16379922979,-53218277.29060476,141568537.063083,-13012323.94920334,328.1204005305538,123.6543799322715,0.5631821689534666
06 Jun 2026 16:00:26.750,489626.7496431596,31198.16740490769,-53116039.55129859,141607018.3532405,-13012208.57318879,328.2372457946609,123.4276971323093,0.5633402320790291
06 Jun 2026 16:05:10.982,489910.9820647049,31198.17069463479,-53022728.74653909,141642066.0726571,-13012103.17350967,328.3437446456463,123.2207775991061,0.5634844285962131
06 Jun 2026 16:09:38.818,490178.8178686635,31198.17379458623,-52934773.10692611,141675038.1563467,-13012003.73732513,328.4440057091855,123.0257073796348,0.5636202926853473
06 Jun 2026 16:14:02.428,490442.4282639753,31198.17684563247,-52848178.85611407,141707439.0487609,-13011905.75918394,328.5425957755845,122.8336318804189,0.5637540000135242
06 Jun 2026 16:18:34.644,490714.6439799923,31198.17999627733,-52758730.55174744,141740844.4960878,-13011804.46733349,328.6443112186754,122.6352001262687,0.5638920582101266
06 Jun 2026 16:23:29.334,491009.3344851513,31198.18340704707,-52661865.9820703,141776947.0835342,-13011694.68043278,328.7543179328039,122.4202867324032,0.564041498943229
06 Jun 2026 16:28:58.430,491338.4298872435,31198.18721602163,-52553654.25072575,141817189.7580361,-13011571.91349204,328.8770367537892,122.1801611737257,0.5642083672820881
06 Jun 2026 16:34:44.443,491684.4430973288,31198.19122080415,-52439836.15033332,141859415.9554542,-13011442.65041631,329.0059148799909,121.9275535989513,0.564383791679842
06 Jun 2026 16:40:54.346,492054.3459673645,31198.19550208737,-52318110.46229023,141904460.8812281,-13011304.25271571,329.1435216779159,121.6573490462281,0.5645713027784134
06 Jun 2026 16:47:42.030,492462.0304209064,31198.20022065744,-52183892.88457417,141953990.8570238,-13011151.46761856,329.294980524731,121.3593589548525,0.5647779361664034
06 Jun 2026 16:55:21.206,492921.2055960903,31198.20553518493,-52032649.68751242,142009630.9904583,-13010979.06952227,329.465313525003,121.0234977508581,0.5650106299163715
06 Jun 2026 17:04:10.955,493450.9553718148,31198.21166654807,-51858063.53347125,142073631.2929383,-13010779.75748072,329.6614902294552,120.635706114867,0.5652790391038147
06 Jun 2026 17:14:28.225,494068.2251384016,31198.21881087407,-51654503.02763934,142147945.8615043,-13010546.95335985,329.8896222258936,120.1834298540495,0.5655917257669665
06 Jun 2026 17:26:35.927,494795.9267299972,31198.2272333462,-51414344.1563924,142235196.8729049,-13010271.71932182,330.1579377642236,119.6496626633366,0.5659602616827693
06 Jun 2026 17:40:51.059,495651.059370744,31198.23713071473,-51131880.82103479,142337230.1423313,-13009947.20674312,330.4723661392995,119.0216273584935,0.566393207420758
06 Jun 2026 17:57:24.616,496644.6162003209,31198.24863021507,-50803356.74265474,142455105.0986311,-13009568.69387793,330.8365049737556,118.2908469273988,0.5668960656043249
06 Jun 2026 18:16:22.310,497782.3101815418,31198.26179796948,-50426729.58767292,142589188.0457191,-13009133.3245378,331.2518984033298,117.4526228015624,0.5674716504901141
06 Jun 2026 18:37:47.612,499067.6119475509,31198.27667414733,-50000670.42032363,142739519.0954485,-13008638.96462665,331.7191614331836,116.5038117760617,0.5681216275669838
06 Jun 2026 19:01:33.543,500493.5427583521,31198.29317797616,-49527293.73739994,142904870.0542664,-13008087.39723793,332.2350271563395,115.4489137925056,0.5688423681601313
06 Jun 2026 19:27:35.691,502055.6905430392,31198.31125839033,-49007854.07608899,143084288.304949,-13007479.36299027,332.7971160871213,114.2904986014123,0.5696315374028833
06 Jun 2026 19:55:41.268,503741.2678763154,31198.33076738724,-48446390.15623344,143275850.8119859,-13006818.84226771,333.4000175879048,113.0373375503184,0.5704825694855873
06 Jun 2026 20:25:41.268,505541.2678765249,31198.35160072058,-47845693.76517921,143478082.091831,-13006108.37143529,334.039702100175,111.6954243654076,0.5713908141274651
06 Jun 2026 20:55:41.268,507341.2678764202,31198.37243405391,-47243849.80913901,143677894.8802764,-13005392.60132043,334.6750864726701,110.3497100770792,0.5722984875373784
06 Jun 2026 21:25:41.268,509141.2678763154,31198.39326738724,-46640866.04676586,143875282.3387038,-13004671.512008,335.3061500027093,109.0001979704652,0.5732055953328428
06 Jun 2026 21:55:41.268,510941.2678765249,31198.41410072058,-46036750.2744185,144070237.6343565,-13003945.08384018,335.9328718477445,107.6468913997328,0.5741121431671243
06 Jun 2026 22:25:41.268,512741.2678764202,31198.43493405391,-45431510.32609912,144262753.9405707,-13003213.29741804,336.5552310249975,106.2897937892709,0.5750181367293528
06 Jun 2026 22:49:33.974,514173.973606783,31198.45151629616,-44948972.77333812,144414239.0508174,-13002626.99123406,337.047464096177,105.2069078831552,0.5757388678081372
06 Jun 2026 23:09:59.026,515399.0256452118,31198.4656951392,-44535815.43028864,144542536.6952898,-13002122.95408766,337.4661430947882,104.2790717307762,0.5763548640419258
06 Jun 2026 23:27:17.692,516437.6922186697,31198.47771674306,-44185116.97985458,144650423.4831792,-13001693.64261916,337.8195204174489,103.491028727622,0.576876943546007
06 Jun 2026 23:41:54.383,517314.3827495514,31198.4878636242,-43888823.4862754,144740848.3838801,-13001329.8773311,338.1166427432699,102.8248984063372,0.5773174676497028
06 Jun 2026 23:54:02.091,518042.0909286942,31198.49628617257,-43642683.74932444,144815462.9713874,-13001026.95197366,338.362473401855,102.2712876409765,0.5776830340968457
07 Jun 2026 00:03:59.997,518639.9967488134,31198.50320637882,-43440314.61243681,144876466.8590159,-13000777.39546634,338.5639110484149,101.8159632606227,0.5779833289031369
07 Jun 2026 00:12:18.226,519138.2263283129,31198.50897292488,-43271590.32126771,144927092.8542635,-13000568.98395367,338.731391895807,101.4362273151067,0.578233517244537
07 Jun 2026 00:19:23.778,519563.7781308149,31198.51389829297,-43127412.17810316,144970184.091351,-13000390.64364962,338.8741714127648,101.1116552475719,0.578447178064172
07 Jun 2026 00:25:36.896,519936.8958194624,31198.51821678473,-43000948.90811452,145007852.2078422,-13000234.02693027,338.9991531062025,100.8269015954906,0.5786344885757067
07 Jun 2026 00:31:48.199,520308.1994061009,31198.52251427995,-42875054.2460508,145045231.6946424,-13000077.93915737,339.1233364836253,100.5433714882625,0.5788208659737659
07 Jun 2026 00:37:23.161,520643.1613078807,31198.52639115381,-42761442.10866112,145078862.2951241,-12999936.9294747,339.235201960702,100.2874544445646,0.5789889823748062
07 Jun 2026 00:42:25.247,520945.2473170822,31198.52988751966,-42658948.67909308,145109118.592783,-12999809.59753454,339.3359550579877,100.0565431855967,0.5791405829278879
07 Jun 2026 00:47:02.493,521222.4930321565,31198.5330963821,-42564856.43431146,145136825.5479199,-12999692.60063449,339.4283122199968,99.84452611519399,0.5792797045473614
07 Jun 2026 00:51:26.144,521486.1439400353,31198.53614789724,-42475354.28461908,145163119.355296,-12999581.22045634,339.5160419203958,99.64282238156115,0.5794119928375543
07 Jun 2026 00:55:49.256,521749.2560718558,31198.53919317654,-42386011.98777889,145189306.4117349,-12999469.95096263,339.6034963425241,99.44145020984456,0.5795439996667433
07 Jun 2026 01:00:25.360,522025.3602723009,31198.54238882701,-42292233.37834119,145216729.568841,-12999353.06149635,339.6951659305008,99.230048001493,0.5796825128556082
07 Jun 2026 01:05:32.886,522332.8855653293,31198.54594814753,-42187752.83924599,145247204.8085876,-12999222.71826266,339.7971431575235,98.99448351669768,0.5798367747037969
07 Jun 2026 01:11:08.196,522668.1963713723,31198.54982905964,-42073796.56433134,145280350.9824048,-12999080.41614214,339.9081845774074,98.73750999413978,0.5800049572003703
07 Jun 2026 01:17:00.617,523020.6174541265,31198.55390800736,-41953985.21337275,145315095.6590155,-12998930.64771031,340.0247238091542,98.46728270593903,0.5801817024193969
07 Jun 2026 01:23:19.243,523399.2428395897,31198.55829024562,-41825219.54860151,145352317.6469365,-12998769.50908183,340.1497357995331,98.1768017742199,0.5803715675403864
07 Jun 2026 01:30:21.361,523821.3612393709,31198.56317587524,-41681606.71169707,145393685.6753809,-12998589.57419425,340.2888726697306,97.85275665401188,0.580583215820293
07 Jun 2026 01:38:21.266,524301.2656306615,31198.56873032422,-41518262.69034681,145440550.6014999,-12998384.64036029,340.4467549500653,97.4840998393454,0.5808238035024103
07 Jun 2026 01:47:36.385,524856.3854228589,31198.57515532181,-41329223.3600166,145494539.9250724,-12998147.10009553,340.6289810609989,97.05732978245902,0.5811020531861306
07 Jun 2026 01:58:26.566,525506.5658594831,31198.58268055835,-41107683.82205565,145557473.2375342,-12997868.2175107,340.8418643596572,96.55702318585634,0.5814278897550873
07 Jun 2026 02:11:16.451,526276.4508623863,31198.5915912644,-40845177.98863026,145631572.3831812,-12997537.06098287,341.0931758834863,95.96397081247835,0.5818136305056287
07 Jun 2026 02:26:25.913,527185.9132740763,31198.60211744972,-40534831.96811913,145718516.8959254,-12997144.56751599,341.3889774033544,95.26251426316743,0.5822691858306706
07 Jun 2026 02:43:54.820,528234.8199165892,31198.6142575729,-40176568.504419,145817999.617326,-12996690.1442083,341.7286877758559,94.45231537581581,0.5827944307448023
07 Jun 2026 03:03:47.479,529427.478708874,31198.6280614941,-39768773.3628589,145930083.1612886,-12996171.16028301,342.1130689919084,93.52953032233944,0.5833914548854147
07 Jun 2026 03:26:13.303,530773.3029001392,31198.64363816298,-39308058.78572355,146055238.1318806,-12995582.60451544,342.5443954150262,92.48626029295193,0.5840648906652604
07 Jun 2026 03:51:02.917,532262.9171442473,31198.66087906859,-38797446.03980916,146192126.2592806,-12994927.54584716,343.0188045902531,91.32908262661988,0.5848099585784512
07 Jun 2026 04:18:06.255,533886.2547716126,31198.67966769853,-38240193.49343477,146339338.0824057,-12994209.33999772,343.532196754429,90.06510457679578,0.5856215340395658
07 Jun 2026 04:47:10.709,535630.7086425601,31198.69985813685,-37640439.25544783,146495243.5377782,-12993432.48803862,344.0796831261923,88.70343082966583,0.5864932267041456
07 Jun 2026 05:17:10.709,537430.7086424553,31198.72069147019,-37020590.83111573,146653620.3266807,-12992625.38884299,344.6400090984303,87.29472101716775,0.5873922099482753
07 Jun 2026 05:47:10.709,539230.7086423505,31198.74152480352,-36399738.0359365,146809458.4578286,-12991812.67699835,345.1956469895396,85.88227995213022,0.5882907265309971
07 Jun 2026 06:17:10.709,541030.7086425601,31198.76235813685,-35777889.32915664,146962751.2195129,-12990994.33740588,345.7465735331303,84.4661124259068,0.5891887826515305
07 Jun 2026 06:47:10.709,542830.7086424553,31198.78319147019,-35155053.21236229,147113491.9086533,-12990170.35525493,346.2927653129531,83.04622333544533,0.59008638453745
07 Jun 2026 07:16:20.887,544580.8870702749,31198.80344816495,-34548517.68275489,147257606.8459543,-12989363.75556858,346.8192768540588,81.66207113506917,0.5909587124072557
07 Jun 2026 07:38:40.585,545920.5846615485,31198.81895392411,-34083616.51599167,147366283.1628809,-12988742.7110323,347.2192489375948,80.60018197779287,0.5916261649180057
07 Jun 2026 07:57:43.677,547063.6772251222,31198.83218416211,-33686518.73677929,147457885.287307,-12988210.31877658,347.558422299623,79.69250458563904,0.5921954750061413
07 Jun 2026 08:13:53.947,548033.9468582883,31198.84341413472,-33349154.31222634,147534823.5866541,-12987756.61789534,347.8447932024254,78.92088569545876,0.5926785745839158
07 Jun 2026 08:27:29.745,548849.7449011076,31198.8528562417,-33065285.37240783,147598933.2866141,-12987373.86735691,348.0844871878774,78.27127990565339,0.5930846657155369
07 Jun 2026 08:38:42.656,549522.6559674949,31198.86064456423,-32830989.16144945,147651415.1837618,-12987057.27387344,348.2814509265379,77.73488065958604,0.5934195639948234
07 Jun 2026 08:47:57.320,550077.3204780766,31198.86706429236,-32637764.89539768,147694403.3010474,-12986795.71363237,348.4432941547693,77.29235110288704,0.5936955680253957
07 Jun 2026 08:55:44.031,550544.0312946565,31198.87246603792,-32475110.93343619,147730384.552835,-12986575.20903479,348.5791166465272,76.9197220478499,0.5939277747378762
07 Jun 2026 09:02:26.501,550946.5012663859,31198.87712425518,-32334794.780907,147761273.4594574,-12986384.74743027,348.6959813215766,76.59818445171946,0.5941279964170103
07 Jun 2026 09:08:22.865,551302.8645862942,31198.88124883065,-32210513.91622291,147788515.7229566,-12986215.86630545,348.7992549934842,76.31332785564125,0.5943052633481545
07 Jun 2026 09:14:17.196,551657.1957113687,31198.88534988534,-32086905.31953701,147815501.9784621,-12986047.72589529,348.9017504345247,76.02995222372007,0.5944815031475956
07 Jun 2026 09:19:39.026,551979.0259848931,31198.88907477276,-31974603.21578815,147839925.9085503,-12985894.81586191,348.9946807893081,75.77244515406825,0.5946415634345386
07 Jun 2026 09:24:31.043,552271.0429312661,31198.89245459853,-31872678.55972221,147862015.5655527,-12985755.91251997,349.0788673718358,75.53869065614685,0.5947867847465385
07 Jun 2026 09:29:01.515,552541.5152399219,31198.89558506506,-31778251.86048881,147882414.5809258,-12985627.12279729,349.1567281022184,75.32209566792748,0.5949212820779408
07 Jun 2026 09:33:22.681,552802.6809479808,31198.89860781631,-31687054.29037299,147902056.0964157,-12985502.6417781,349.2318050116032,75.11287441744054,0.5950511426652096
07 Jun 2026 09:37:48.180,553068.179984414,31198.90168072183,-31594323.46262818,147921967.4977668,-12985375.97164429,349.3080220620449,74.90010215880602,0.5951831490243433
07 Jun 2026 09:42:31.526,553351.5263487934,31198.90496019364,-31495336.79453976,147943155.0620089,-12985240.64889962,349.3892450791219,74.67293850296709,0.5953240192068858
07 Jun 2026 09:47:49.019,553669.0192960901,31198.90863488053,-31384393.74449602,147966819.5038451,-12985088.84930047,349.4801122022762,74.41829046202059,0.5954818538156876
07 Jun 2026 09:53:28.770,554008.7702092482,31198.91256718276,-31265641.06286338,147992053.392956,-12984926.20998814,349.5771806265093,74.14566327140427,0.5956507393621133
07 Jun 2026 09:59:27.197,554367.1969571617,31198.91671564049,-31140324.9268178,148018573.9557535,-12984754.40882583,349.6793952813656,73.85790775467035,0.5958288926359951
07 Jun 2026 10:05:56.846,554756.8464935641,31198.92122547309,-31004050.89947104,148047287.7204316,-12984567.38360391,349.7902929181763,73.54492005084803,0.5960225466410163
07 Jun 2026 10:13:16.910,555196.9099639216,31198.9263188003,-30850093.4615068,148079569.8841702,-12984355.83677309,349.9152616564631,73.19122974981573,0.5962412332715981
07 Jun 2026 10:21:39.193,555699.1931930417,31198.9321322636,-30674301.1459446,148116226.1146276,-12984113.95979255,350.0575397818816,72.78726309998876,0.5964908100758632
07 Jun 2026 10:31:24.403,556284.4027215731,31198.93890552203,-30469395.74999674,148158678.2568575,-12983831.58427427,350.2228235004295,72.31624092724518,0.596781552164229
07 Jun 2026 10:42:54.124,556974.1239063093,31198.94688840611,-30227772.65934381,148208357.8658749,-12983497.9985773,350.4169546519755,71.76060087744847,0.597124163114946
07 Jun 2026 10:56:31.487,557791.4868741296,31198.95634862564,-29941261.11206307,148266734.9441125,-12983101.58335122,350.6460714135742,71.10143423227424,0.5975301030233071
07 Jun 2026 11:12:26.504,558746.5036922833,31198.96740206104,-29606260.89389352,148334260.5705663,-12982636.90065456,350.9124784337135,70.33029717405125,0.598004305021141
07 Jun 2026 11:30:48.662,559848.6624297802,31198.98015852791,-29219330.99633663,148411274.1131243,-12982098.60313305,351.2181911018693,69.43906590889473,0.5985514316284826
07 Jun 2026 11:51:42.965,561102.9653820209,31198.99467592319,-28778579.96138573,148497722.8974324,-12981483.36144701,351.5638291947844,68.42313632052959,0.5991739080223968
07 Jun 2026 12:15:09.120,562509.1196939,31199.01095085736,-28283956.21061511,148593121.3072823,-12980790.29435818,351.9484212128948,67.28210148473764,0.5998715231205531
07 Jun 2026 12:41:04.251,564064.2505504307,31199.02895005708,-27736301.92337662,148696756.6635669,-12980019.67982547,352.370187009654,66.01758163117104,0.6006427793970044
07 Jun 2026 13:09:12.672,565752.6715783635,31199.04849196713,-27140969.08869674,148807045.8474141,-12979178.10884701,352.8238357590427,64.64159639421561,0.6014798255816716
07 Jun 2026 13:39:12.672,567552.6715782587,31199.06932530046,-26505454.58018293,148922062.1155355,-12978275.28679369,353.302548797401,63.17115000104852,0.6023718332477817
07 Jun 2026 14:09:12.672,569352.671578154,31199.09015863379,-25869082.97194237,149034428.6877861,-12977366.63826537,353.7761645005892,61.69706785172541,0.6032634814848874
07 Jun 2026 14:39:12.672,571152.6715783635,31199.11099196713,-25231863.46215984,149144139.026034,-12976452.15317049,354.2446570608251,60.21935680226366,0.6041547769132889
07 Jun 2026 15:09:12.672,572952.6715782587,31199.13182530046,-24593805.29628016,149251186.6044957,-12975531.82172985,354.7080005165278,58.7380238554743,0.6050457261732283
07 Jun 2026 15:39:12.672,574752.671578154,31199.15265863379,-23954917.76594894,149355564.91023,-12974605.63447565,355.1661687532936,57.25307616045289,0.6059363359262504
07 Jun 2026 16:03:58.090,576238.0898611271,31199.16985097503,-23427069.09988672,149439686.3735221,-12973836.89812917,355.5403478288135,56.02493207259152,0.6066710449803776
07 Jun 2026 16:25:14.127,577514.1271119704,31199.18461992469,-22973182.82223658,149510492.4578957,-12973173.3279563,355.8589437361653,54.96794576256209,0.6073020130707021
07 Jun 2026 16:43:21.494,578601.4942413429,31199.19720519239,-22586086.85633513,149569764.3844535,-12972605.53961294,356.1283546631346,54.06581529864301,0.6078395605578668
07 Jun 2026 16:58:42.989,579522.9892160743,31199.20787064349,-22257811.75832457,149619226.3941973,-12972122.68372475,356.3551664894724,53.3002740959022,0.6082950169550911
07 Jun 2026 17:11:34.437,580294.4374324987,31199.21679944229,-21982829.30695418,149660091.8052546,-12971717.26451948,356.5439842453125,52.65866268164999,0.6086762479893042
07 Jun 2026 17:22:09.356,580929.355532059,31199.22414803141,-21756403.94089684,149693353.4594063,-12971382.78422783,356.6986572945455,52.13010910445035,0.6089899661094984
07 Jun 2026 17:30:55.403,581455.4034120636,31199.23023654854,-21568729.77310065,149720657.4299307,-12971105.10222061,356.8263095779335,51.69184974925165,0.6092498613751021
07 Jun 2026 17:38:20.894,581900.8941786597,31199.23539269167,-21409742.93401751,149743599.8446122,-12970869.54963739,356.9340596290268,51.32046483265624,0.6094699366341751
07 Jun 2026 17:44:47.993,582287.9926815745,31199.23987299842,-21271556.21577294,149763400.7468568,-12970664.57852306,357.0274224947532,50.99758091933106,0.6096611505166629
07 Jun 2026 17:50:33.081,582633.0811066437,31199.24386707741,-21148335.85400369,149780947.3577812,-12970481.62196463,357.110445943045,50.70959875239937,0.6098316009263984
07 Jun 2026 17:56:16.073,582976.0725433007,31199.2478368857,-21025835.90515487,149798288.859945,-12970299.5622424,357.1927711907404,50.42323640287415,0.6100010045167688
07 Jun 2026 18:01:29.057,583289.0572848148,31199.25145939429,-20914028.28412307,149814027.5235269,-12970133.2430415,357.2677255313441,50.16181335871382,0.6101555782180119
07 Jun 2026 18:06:14.092,583574.0922401659,31199.25475840997,-20812184.7823619,149828289.5205567,-12969981.62097095,357.335846236874,49.92364167116652,0.6102963404492516
07 Jun 2026 18:10:40.740,583840.7399423537,31199.25784461023,-20716893.51735253,149841570.0318314,-12969839.64579567,357.3994515085548,49.70075311378538,0.6104280154759723
07 Jun 2026 18:15:01.439,584101.4386364375,31199.26086195623,-20623711.85347038,149854496.7895981,-12969700.71283022,357.4615245070219,49.48276157918465,0.6105567464448654
07 Jun 2026 18:19:28.707,584368.707051035,31199.26395534066,-20528165.18745009,149867690.3088985,-12969558.15005261,357.5250454790783,49.25919888775657,0.6106887150046978
07 Jun 2026 18:24:16.450,584656.4498271444,31199.26728569686,-20425280.11506821,149881827.7353408,-12969404.52049489,357.5933008222457,49.01842207576107,0.6108307858323554
07 Jun 2026 18:29:40.735,584980.7349515031,31199.27103899691,-20309305.47633164,149897677.5229008,-12969231.1995034,357.6700605318811,48.74695825974824,0.610990890112679
07 Jun 2026 18:35:23.681,585323.6812679563,31199.27500828298,-20186629.95376896,149914343.6125576,-12969047.69591361,357.7510483740029,48.45974707010568,0.6111601972957619
07 Jun 2026 18:41:27.984,585687.9836962558,31199.27922474627,-20056284.73969782,149931939.6409328,-12968852.53002005,357.8368664508049,48.15450892780641,0.6113400359964394
07 Jun 2026 18:48:07.833,586087.8325298312,31199.28385262629,-19913185.29656573,149951124.5641457,-12968638.04218136,357.9308051831753,47.81931966648607,0.6115374085002159
07 Jun 2026 18:55:40.673,586540.6734831864,31199.28909384103,-19751075.5407225,149972690.2035113,-12968394.77569646,358.0368736217733,47.43949564100004,0.611760921561384
07 Jun 2026 19:04:21.976,587061.9756684406,31199.29512743113,-19564398.39979031,149997303.1614074,-12968114.26807173,358.1585562268024,47.00197055361917,0.6120182030792849
07 Jun 2026 19:14:31.402,587671.4024039917,31199.30218098131,-19346083.79701757,150025787.6191399,-12967785.71202579,358.3002361846158,46.49010532975785,0.6123189467850871
07 Jun 2026 19:26:32.923,588392.9232150782,31199.31053191663,-19087502.44242989,150059107.9164787,-12967395.84592972,358.4671763288299,45.88356474468729,0.6126749652576875
07 Jun 2026 19:40:47.474,589247.4737838842,31199.32042254821,-18781090.02566112,150098005.2924792,-12966932.86730639,358.6637722679757,45.16445660358883,0.613096565824101
07 Jun 2026 19:57:25.901,590245.9011934348,31199.33197842101,-18422876.25087477,150142672.8543055,-12966390.2467875,358.8919209480019,44.32326401963564,0.613589069961993
07 Jun 2026 20:16:42.617,591402.6172435144,31199.34536633825,-18007588.32737278,150193371.1637705,-12965759.31870517,359.1541490928096,43.34734948992111,0.6141595491464225
07 Jun 2026 20:38:34.414,592714.4135003211,31199.3605491653,-17536257.67491411,150249499.6232103,-12965040.8367714,359.448809278788,42.23882965592075,0.6148063772089276
07 Jun 2026 21:02:56.326,594176.3263196102,31199.37746945256,-17010536.88421117,150310336.5882656,-12964236.41830883,359.7737645386349,41.00124924058274,0.6155270597910887
07 Jun 2026 21:29:45.467,595785.4667799664,31199.39609376344,-16431325.36531966,150375206.8555222,-12963346.4550267,360.1272547871081,39.63635046806193,0.6163201236906048
07 Jun 2026 21:58:46.831,597526.8312779604,31199.41624844513,-15803883.05753817,150442930.7738682,-12962378.00709419,360.5048210667672,38.15613693584449,0.6171781260687543
07 Jun 2026 22:28:46.831,599326.8312778557,31199.43708177847,-15154627.20509514,150510223.1675892,-12961371.09312615,360.8896438436992,36.62263757884962,0.6180647765366123
07 Jun 2026 22:58:46.831,601126.8312780652,31199.4579151118,-14504683.68521916,150574752.4990236,-12960358.2211836,361.2688912559598,35.0856468828093,0.6189511871087561
07 Jun 2026 23:28:46.831,602926.8312779604,31199.47874844513,-13854062.5593021,150636512.4924338,-12959339.38683415,361.6425348099837,33.54517466274722,0.6198373646975974
07 Jun 2026 23:58:46.831,604726.8312778557,31199.49958177847,-13202773.93981745,150695496.8899454,-12958314.58597459,362.0105458632327,32.00123092644516,0.6207233162276264
08 Jun 2026 00:28:18.273,606498.2733595767,31199.52008458034,-12561176.52543473,150750829.5191634,-12957300.21517032,362.3671911068353,30.47840321827967,0.6215949977121689
08 Jun 2026 00:51:46.380,607906.3802084536,31199.53638211331,-12050727.56386544,150792887.0766503,-12956489.77178934,362.6467560904792,29.26553328862176,0.6222877441952854
08 Jun 2026 01:11:53.847,609113.8474910636,31199.55035742908,-11612700.15921104,150827590.8520078,-12955791.89497843,362.8837025415572,28.22380568972213,0.6228816810690236
08 Jun 2026 01:29:02.776,610142.7760870778,31199.56226632487,-11239215.75091149,150856170.1043383,-12955195.08488829,363.0835784299395,27.33489001970261,0.6233877252936861
08 Jun 2026 01:43:34.104,611014.1038707574,31199.57235113718,-10922777.74238848,150879656.3505308,-12954688.16021526,363.2513706687948,26.58125305628745,0.623816208119043
08 Jun 2026 01:55:39.867,611739.8668843671,31199.58075117206,-10659092.93375188,150898717.5209711,-12954264.85299768,363.3901006760917,25.95290679499445,0.6241730733522683
08 Jun 2026 02:05:37.440,612337.4396979692,31199.58766752407,-10441906.93838544,150914069.5419776,-12953915.58377397,363.5036224022223,25.4351268406579,0.6244668826770203
08 Jun 2026 02:13:55.645,612835.6452233973,31199.59343379172,-10260783.95200346,150926632.1970366,-12953623.88870689,363.5977798932532,25.0031580321124,0.6247118199788908
08 Jun 2026 02:21:00.818,613260.8183648321,31199.59835477716,-10106174.92248926,150937183.058005,-12953374.59098076,363.6777838176545,24.63430513017819,0.6249208403261748
08 Jun 2026 02:27:13.299,613633.2986590918,31199.60266589167,-9970699.103128534,150946297.4325084,-12953155.91503775,363.7476067321726,24.31100879434443,0.6251039476850246
08 Jun 2026 02:33:23.922,614003.9216280682,31199.60695550937,-9835873.048815448,150955246.8262665,-12952938.07516029,363.8168347230932,23.98917969462313,0.6252861341539746
08 Jun 2026 02:38:58.207,614338.2073230576,31199.61082455677,-9714243.878606217,150963216.4710801,-12952741.37550488,363.8790639982397,23.69878009209202,0.6254504517096491
08 Jun 2026 02:43:59.581,614639.5805199165,31199.61431267247,-9604572.049868602,150970318.2401767,-12952563.86521838,363.9349944358822,23.43687151246149,0.6255985858039252
08 Jun 2026 02:48:35.877,614915.8767666318,31199.6175105457,-9504011.109753791,150976759.7221934,-12952400.97795936,363.9861275510049,23.19667229036674,0.6257343893614706
08 Jun 2026 02:52:58.297,615178.2965129125,31199.62054781128,-9408487.604269397,150982816.2401369,-12952246.14085157,364.034565471359,22.96846248817839,0.6258633685001036
08 Jun 2026 02:57:19.894,615439.894117706,31199.62357556133,-9313250.731556419,150988794.1764415,-12952091.66221312,364.0827282794558,22.74089576605154,0.6259919397771025
08 Jun 2026 03:01:53.919,615713.9192517148,31199.62674714853,-9213476.015885085,150994992.2602331,-12951929.70928703,364.1330469417995,22.50244126740693,0.6261266149736642
08 Jun 2026 03:06:58.017,616018.0173995323,31199.63026680302,-9102735.360059353,151001794.0597211,-12951749.82035527,364.1887293960711,22.2377253743357,0.6262760653717303
08 Jun 2026 03:12:31.697,616351.6974047874,31199.63412884012,-8981202.695587926,151009164.8878606,-12951552.23570465,364.2496365185825,21.94714720653466,0.6264400481470027
08 Jun 2026 03:18:18.200,616698.2004988706,31199.6381392926,-8854978.142351389,151016716.3435472,-12951346.84027191,364.3126714572286,21.64527900793272,0.626610326333614
08 Jun 2026 03:24:34.836,617074.8363611405,31199.64249850397,-8717752.060713341,151024805.8443841,-12951123.33150686,364.3809419095021,21.31701719440533,0.6267954050738143
08 Jun 2026 03:31:35.754,617495.7538288669,31199.64737023392,-8564361.752637662,151033700.1295361,-12950873.23432775,364.4569352751479,20.94998577963037,0.6270022349095827
08 Jun 2026 03:39:34.917,617974.9168328592,31199.65291610202,-8389706.823811416,151043637.1217175,-12950588.13080071,364.543053728257,20.53194029539281,0.6272376740685015
08 Jun 2026 03:48:48.926,618528.9263932616,31199.65932824971,-8187719.023495067,151054876.5638331,-12950257.96441678,364.642104894457,20.04829643989079,0.6275098746477912
08 Jun 2026 03:59:40.817,619180.816883035,31199.66687327853,-7949974.504744808,151067758.5451349,-12949868.73866685,364.7579419241287,19.47879412156645,0.6278301468195007
08 Jun 2026 04:12:35.766,619955.7660092949,31199.67584259712,-7667252.618948848,151082589.1453278,-12949405.01614633,364.8946392372338,18.80121041681525,0.6282108495889138
08 Jun 2026 04:27:50.213,620870.2132055419,31199.6864264767,-7333502.515225018,151099413.7509385,-12948856.39146188,365.0545340084456,18.00085275927231,0.6286600442858248
08 Jun 2026 04:45:36.630,621936.6297406959,31199.69876926067,-6944103.743267971,151118109.5197296,-12948214.6399774,365.2390691134349,17.06639057793187,0.6291838383921737
08 Jun 2026 05:05:48.688,623148.6876699259,31199.71279770893,-6501286.989478793,151138147.9508358,-12947482.69133511,365.4462727989672,16.00287916817773,0.6297791026414716
08 Jun 2026 05:28:47.344,624527.344378992,31199.7287543838,-5997301.433941283,151159372.6921295,-12946646.83401664,365.6786688769741,14.79134341330101,0.6304561053997007
08 Jun 2026 05:54:26.072,626066.0719738109,31199.74656373097,-5434424.648284534,151181087.859338,-12945709.77885538,365.9338990410913,13.43683033064833,0.6312116141112505
08 Jun 2026 06:22:28.608,627748.6078291666,31199.76603752559,-4818496.45203063,151202445.0366268,-12944680.13757332,366.2079522493643,11.95294533907669,0.6320376182577641
08 Jun 2026 06:52:28.608,629548.6078290618,31199.78687085892,-4159062.62342967,151222526.5520323,-12943572.81952172,366.4952923048046,10.36226092798401,0.6329211635458356
08 Jun 2026 07:22:28.608,631348.607828957,31199.80770419225,-3499117.044021467,151239742.2413773,-12942459.51324882,366.7765592462401,8.768277549347028,0.6338045861761266
08 Jun 2026 07:52:28.608,633148.6078291666,31199.82853752559,-2838670.672974118,151254086.1783247,-12941340.21994834,367.0517221694215,7.171008660405516,0.6346878931825648
08 Jun 2026 08:22:28.608,634948.6078290618,31199.84937085892,-2177734.525551358,151265552.4609621,-12940214.94115447,367.3207500345275,5.5704679632467,0.6355710916007766
08 Jun 2026 08:52:28.608,636748.607828957,31199.87020419225,-1516319.673009832,151274135.2122551,-12939083.67874169,367.583611667482,3.966669407084812,0.636454188467952
08 Jun 2026 09:18:00.733,638280.7326954324,31199.88793711895,-952967.4452933855,151279164.5265129,-12938116.05774504,367.8024728898199,2.598991318498201,0.637205788548342
08 Jun 2026 09:40:08.059,639608.0585545627,31199.90329968676,-464649.9216458811,151281826.4456211,-12937274.27637686,367.9884340011264,1.412237663116517,0.6378568703019525
08 Jun 2026 09:59:03.166,640743.166293588,31199.91643750781,-46854.43763399404,151282852.6515315,-12936551.82019087,368.1447705836218,0.3959555943822228,0.6384136288995266
08 Jun 2026 10:15:09.919,641709.9187627318,31199.9276267725,309113.9854125008,151282816.623225,-12935934.64247444,368.2759548357915,-0.4706021392958621,0.638887786172037
08 Jun 2026 10:28:45.567,642525.5671690917,31199.93706714758,609542.3319644928,151282134.4296588,-12935412.58984086,368.3852251487052,-1.20243506363839,0.6392878154473236
08 Jun 2026 10:40:01.834,643201.8337949412,31199.9448943076,858699.317749816,151281116.0633501,-12934978.81812821,368.4748422378478,-1.809706720713621,0.6396194746388655
08 Jun 2026 10:49:20.364,643760.3637193912,31199.95135877432,1064524.053958023,151279965.2768092,-12934619.92975306,368.5481855729216,-2.311593186379052,0.6398933852217596
08 Jun 2026 10:57:09.767,644229.7674343223,31199.95679168768,1237536.314727033,151278781.3025199,-12934317.8657061,368.6093546863769,-2.733629450817645,0.6401235821087559
08 Jun 2026 11:03:54.165,644634.1648378875,31199.96147221319,1386611.577147358,151277602.4241641,-12934057.30812588,368.6617075627441,-3.097392704079167,0.6403218961564729
08 Jun 2026 11:09:51.697,644991.697028128,31199.96561031724,1518428.238953658,151276437.6346725,-12933826.69542573,368.707726958061,-3.419133420281129,0.6404972251063914
08 Jun 2026 11:15:47.373,645347.3726238823,31199.96972693293,1649576.684077162,151275164.7480058,-12933597.04666632,368.7532590937471,-3.739327705894649,0.6406716411693285
08 Jun 2026 11:21:10.277,645670.2769011492,31199.97346425096,1768655.333463626,151273910.5086825,-12933388.35559486,368.7943813031094,-4.030127130138374,0.6408299847850782
08 Jun 2026 11:26:03.053,645963.0534748896,31199.97685286871,1876635.125095427,151272692.1223826,-12933198.96993215,368.8314899525007,-4.293882476208655,0.6409735529212579
08 Jun 2026 11:30:33.779,646233.7786139105,31199.97998626152,1976491.709257374,151271496.785166,-12933023.70805179,368.865653919505,-4.537846776418957,0.6411063063715592
08 Jun 2026 11:34:54.429,646494.4287051097,31199.98300304498,2072640.84748624,151270283.5254629,-12932854.84107312,368.8984104367741,-4.772799575110236,0.6412341181686381
08 Jun 2026 11:39:17.596,646757.5960908551,31199.9860489638,2169727.214774802,151268996.4170342,-12932684.2163545,368.9313478116032,-5.010088763429213,0.6413631631406413
08 Jun 2026 11:43:57.148,647037.1482436429,31199.98928452113,2272867.640386038,151267560.7723206,-12932502.8289526,368.966186624616,-5.262225530758089,0.6415002411393593
08 Jun 2026 11:46:33.301,647193.3005006053,31199.99109183891,2330484.057948755,151266728.1684779,-12932401.44696668,368.9855799230195,-5.403097256729867,0.6415768096038266
