CislunarSat.UTCGregorian,CislunarSat.ElapsedSecs,CislunarSat.A1ModJulian,Sun.LunaEarthRotating.X,Sun.LunaEarthRotating.Y,Sun.LunaEarthRotating.Z,Sun.LunaEarthRotating.VX,Sun.LunaEarthRotating.VY,Sun.LunaEarthRotating.VZ
01 Jun 2026 00:00:00.000,0,31192.50042863868,150432768.8304351,-18044113.23287736,-13105298.01928402,-39.33763090260806,-329.5595229441454,0.2856444767469806
01 Jun 2026 00:01:00.000,59.99999988125637,31192.50112308312,150430407.2705324,-18063883.45045581,-13105285.27567961,-39.38103255805812,-329.5541019988581,0.2856814727495678
01 Jun 2026 00:03:12.977,192.9773640003987,31192.50266217298,150425164.089171,-18107698.81416304,-13105257.04115371,-39.47722059625535,-329.5420688654159,0.2857634656092798
01 Jun 2026 00:05:31.271,331.2713288585655,31192.50426279757,150419697.7110109,-18153264.27165342,-13105227.69091531,-39.57725055915333,-329.5295272227392,0.285848735197507
01 Jun 2026 00:07:51.762,471.7620112700388,31192.50588884714,150414130.3380508,-18199551.73182232,-13105197.88817938,-39.6788654728598,-329.51675774875,0.2859353577279666
01 Jun 2026 00:10:47.242,647.2417735378258,31192.50791986291,150407156.3644498,-18257364.52018885,-13105160.68250643,-39.80578186629476,-329.5007675423048,0.2860435513737256
01 Jun 2026 00:13:28.226,808.2256864872761,31192.50978310264,150400738.9024425,-18310399.09928131,-13105126.56923437,-39.92220857796467,-329.4860586701867,0.2861428053672959
01 Jun 2026 00:16:13.470,973.469702876173,31192.51169564913,150394132.1227644,-18364834.66235869,-13105091.57208254,-40.04171079067174,-329.470921181408,0.2862446838114683
01 Jun 2026 00:19:16.509,1156.509349518456,31192.51381416355,150386790.7880203,-18425129.63305501,-13105052.82827315,-40.1740760558203,-329.4541069268133,0.2863575313662294
01 Jun 2026 00:22:47.231,1367.230694170576,31192.51625306801,150378309.1982202,-18494539.39735221,-13105008.25411132,-40.32645087924359,-329.4346891952529,0.2864874419863792
01 Jun 2026 00:26:54.270,1614.270219672471,31192.51911232177,150368324.906931,-18575906.83290618,-13104956.03702892,-40.5050761708158,-329.411842198281,0.2866397384819446
01 Jun 2026 00:31:41.530,1901.529652811587,31192.52243708373,150356659.6106951,-18670514.39255491,-13104895.37220877,-40.71276723821677,-329.3851634584719,0.2868168239544717
01 Jun 2026 00:37:14.064,2234.063729422633,31192.52628585777,150343081.2563787,-18780023.35271359,-13104825.21800561,-40.95317101145207,-329.3541294245198,0.2870218115196752
01 Jun 2026 00:43:44.694,2624.693727213889,31192.5308070383,150327028.5662509,-18908651.04070346,-13104742.90591957,-41.2355456824133,-329.3174673020026,0.2872626005502847
01 Jun 2026 00:51:33.355,3093.354889028706,31192.5362313573,150307623.688768,-19062954.07864544,-13104644.29173955,-41.57428485451312,-329.273187690237,0.2875514728315038
01 Jun 2026 01:01:01.958,3661.957782693207,31192.54281240931,150283867.6035975,-19250134.181024,-13104524.85346802,-41.98519830209344,-329.21903503122,0.2879019232328863
01 Jun 2026 01:12:10.057,4330.057120753918,31192.55054504054,150255656.0594351,-19470028.28864868,-13104384.80270027,-42.46792811565366,-329.154803638684,0.2883136633590202
01 Jun 2026 01:24:55.614,5095.614430122077,31192.55940565754,150222932.7302681,-19721946.06990243,-13104224.70333093,-43.02095905736696,-329.0804019476331,0.288785420525119
01 Jun 2026 01:39:30.649,5970.649442612194,31192.56953337759,150185011.3779283,-20009818.89764813,-13104042.20675173,-43.65292211912416,-328.9943136004422,0.2893245814452197
01 Jun 2026 01:56:16.622,6976.621897111181,31192.5811765773,150140732.3914903,-20340674.36523798,-13103833.05662188,-44.37924585357396,-328.8939637797377,0.2899443414892855
01 Jun 2026 02:15:38.735,8138.73460998293,31192.59462695592,150088671.2963238,-20722756.32105621,-13103592.31332439,-45.21802968581561,-328.7762022364843,0.2906601896375371
01 Jun 2026 02:40:02.206,9602.205773955211,31192.61156527958,150021723.3365552,-21203723.00634485,-13103290.46328114,-46.27390169875768,-328.6251039921923,0.2915615055798044
01 Jun 2026 03:09:01.008,11341.00830039242,31192.63169030882,149940171.922927,-21774886.02538328,-13102933.73460022,-47.52779602118375,-328.4415252558636,0.2926321469261608
01 Jun 2026 03:39:01.008,13141.00830028765,31192.65252364215,149853454.210001,-22365810.90927584,-13102566.62724023,-48.82509393374595,-328.2468513380604,0.2937401841959493
01 Jun 2026 04:09:01.008,14941.0083004972,31192.67335697549,149764402.0368905,-22956381.20101329,-13102201.72422656,-50.12163837292258,-328.0474665219799,0.2948479246615676
01 Jun 2026 04:39:01.008,16741.00830039242,31192.69419030882,149673016.7721296,-23546588.42517168,-13101839.01545034,-51.41741576529181,-327.8433742109444,0.2959553618921897
01 Jun 2026 05:09:01.008,18541.00830028765,31192.71502364215,149579299.8085506,-24136424.11320113,-13101478.49054702,-52.71241256483965,-327.634577838242,0.2970624894745697
01 Jun 2026 05:39:01.008,20341.0083004972,31192.73585697549,149483252.5634091,-24725879.80234547,-13101120.13889747,-54.00661525066739,-327.4210808671906,0.2981693010112862
01 Jun 2026 06:09:01.008,22141.00830039242,31192.75669030882,149384876.4782589,-25314947.03621135,-13100763.94962862,-55.30001032831742,-327.2028867906381,0.2992757901220555
01 Jun 2026 06:39:01.008,23941.00830028765,31192.77752364215,149284173.0189376,-25903617.36461522,-13100409.91161384,-56.5925843295102,-326.9799991307054,0.3003819504437413
01 Jun 2026 07:09:01.008,25741.0083004972,31192.79835697549,149181143.6754487,-26491882.34404685,-13100058.01347374,-57.88432381323246,-326.7524214382971,0.3014877756314793
01 Jun 2026 07:39:01.008,27541.00830039242,31192.81919030882,149075789.9620185,-27079733.53710414,-13099708.24357691,-59.17521536456306,-326.520157292995,0.3025932593578888
01 Jun 2026 08:09:01.008,29341.00830028765,31192.84002364215,148968113.4169974,-27667162.51285299,-13099360.59004053,-60.46524559552715,-326.2832103026036,0.3036983953140209
01 Jun 2026 08:39:01.008,31141.0083004972,31192.86085697549,148858115.6027335,-28254160.84728763,-13099015.04073095,-61.75440114616774,-326.0415841026303,0.3048031772104878
01 Jun 2026 09:09:01.008,32941.00830039242,31192.88169030882,148745798.1057329,-28840720.12225259,-13098671.58326481,-63.04266868223552,-325.7952823563959,0.3059075987757138
01 Jun 2026 09:39:01.008,34741.00830028765,31192.90252364215,148631162.5363423,-29426831.9269271,-13098330.20500915,-64.33003489850282,-325.5443087540881,0.3070116537589946
01 Jun 2026 10:09:01.008,36541.0083004972,31192.92335697549,148514210.5289117,-30012487.8567462,-13097990.89308266,-65.61648651644484,-325.2886670128674,0.3081153359287332
01 Jun 2026 10:39:01.008,38341.00830039242,31192.94419030882,148394943.741669,-30597679.5138589,-13097653.63435633,-66.90201028529302,-325.0283608763367,0.3092186390735865
01 Jun 2026 11:09:01.008,40141.00830028765,31192.96502364215,148273363.8566048,-31182398.50748167,-13097318.4154539,-68.18659298285509,-324.763394114032,0.310321557003387
01 Jun 2026 11:39:01.008,41941.0083004972,31192.98585697549,148149472.579548,-31766636.45333182,-13096985.22275306,-69.47022141431053,-324.4937705213231,0.311424083548363
01 Jun 2026 12:09:01.008,43741.00830039242,31193.00669030882,148023271.6400316,-32350384.97408224,-13096654.04238601,-70.75288241324591,-324.2194939188565,0.3125262125602526
01 Jun 2026 12:39:01.008,45541.00830028765,31193.02752364215,147894762.7912852,-32933635.69920266,-13096324.86024042,-72.03456284133884,-323.9405681522691,0.313627937912289
01 Jun 2026 13:09:01.008,47341.0083004972,31193.04835697549,147763947.8100711,-33516380.26551309,-13095997.66195983,-73.3152495896034,-323.6569970915585,0.3147292535005097
01 Jun 2026 13:39:01.008,49141.00830039242,31193.06919030882,147630828.4968823,-34098610.31610809,-13095672.43294527,-74.59492957605111,-323.3687846312377,0.315830153242
01 Jun 2026 14:09:01.008,50941.00830028765,31193.09002364215,147495406.6755956,-34680317.50172298,-13095349.15835523,-75.87358974871492,-323.0759346893012,0.3169306310777515
01 Jun 2026 14:39:01.008,52741.0083004972,31193.11085697549,147357684.1935528,-35261493.48016486,-13095027.82310703,-77.15121708441663,-322.7784512071207,0.3180306809718529
01 Jun 2026 15:09:01.008,54541.00830039242,31193.13169030882,147217662.921657,-35842129.91574627,-13094708.41187781,-78.42779858753499,-322.4763381493647,0.3191302969106991
01 Jun 2026 15:39:01.008,56341.00830028765,31193.15252364215,147075344.7540069,-36422218.48064521,-13094390.90910486,-79.70332129300537,-322.1695995029189,0.3202294729058335
01 Jun 2026 16:09:01.008,58141.0083004972,31193.17335697549,146930731.6081103,-37001750.85382949,-13094075.29898705,-80.97777226396059,-321.8582392770566,0.3213282029921931
01 Jun 2026 16:39:01.008,59941.00830039242,31193.19419030882,146783825.4247103,-37580718.72160338,-13093761.56548552,-82.25113859293421,-321.5422615027657,0.3224264812294053
01 Jun 2026 17:09:01.008,61741.00830028765,31193.21502364215,146634628.1677836,-38159113.77744401,-13093449.69232468,-83.52340740149799,-321.2216702324471,0.3235243017017679
01 Jun 2026 17:39:01.008,63541.0083004972,31193.23585697549,146483141.8243561,-38736927.72254422,-13093139.66299285,-84.79456584144937,-320.896469539217,0.3246216585195425
01 Jun 2026 18:09:01.008,65341.00830039242,31193.25669030882,146329368.40474,-39314152.26473964,-13092831.46074381,-86.06460109243993,-320.5666635171099,0.3257185458172014
01 Jun 2026 18:39:01.008,67141.00830028765,31193.27752364215,146173309.9421373,-39890779.11985701,-13092525.06859721,-87.33350036492658,-320.2322562799216,0.3268149577562527
01 Jun 2026 19:09:01.008,68941.0083004972,31193.29835697549,146014968.4927426,-40466800.01114391,-13092220.46933968,-88.60125089889698,-319.8932519611171,0.3279108885244435
01 Jun 2026 19:39:01.008,70741.00830039242,31193.31919030882,145854346.1358589,-41042206.66870089,-13091917.64552619,-89.86783996259604,-319.5496547137668,0.3290063323349526
01 Jun 2026 20:09:01.008,72541.00830028765,31193.34002364215,145691444.9734837,-41616990.8308233,-13091616.57948039,-91.13325485545039,-319.2014687093435,0.3301012834292187
01 Jun 2026 20:39:01.008,74341.0083004972,31193.36085697549,145526267.1305618,-42191144.24292858,-13091317.25329627,-92.39748290567444,-318.8486981379446,0.3311957360751712
01 Jun 2026 21:09:01.008,76141.00830039242,31193.38169030882,145358814.754792,-42764658.65809164,-13091019.64883882,-93.66051147141134,-318.4913472075572,0.3322896845685328
01 Jun 2026 21:39:01.008,77941.00830028765,31193.40252364215,145189090.0166316,-43337525.83687621,-13090723.74774522,-94.92232794031968,-318.1294201437433,0.3333831232327733
01 Jun 2026 22:09:01.008,79741.0083004972,31193.42335697549,145017095.1091238,-43909737.54776599,-13090429.53142573,-96.18291973047667,-317.7629211889461,0.334476046420201
01 Jun 2026 22:39:01.008,81541.00830039242,31193.44419030882,144842832.248022,-44481285.56659481,-13090136.98106495,-97.44227428907136,-317.3918546024242,0.3355684485111703
01 Jun 2026 23:09:01.008,83341.00830028765,31193.46502364215,144666303.6716491,-45052161.67687663,-13089846.07762292,-98.70037909307587,-317.0162246596217,0.3366603239149675
01 Jun 2026 23:39:01.008,85141.0083004972,31193.48585697549,144487511.6407179,-45622357.67023247,-13089556.80183591,-99.95722165012543,-316.6360356514518,0.3377516670709211
02 Jun 2026 00:09:01.008,86941.00830039242,31193.50669030882,144306458.4386202,-46191865.34532243,-13089269.13421798,-101.2127894960993,-316.2512918845737,0.338842472446633
02 Jun 2026 00:39:01.008,88741.00830028765,31193.52752364215,144123146.3709353,-46760676.50926698,-13088983.05506164,-102.467070198183,-315.8619976800122,0.3399327345409726
02 Jun 2026 01:09:01.008,90541.0083004972,31193.54835697549,143937577.7657219,-47328782.9765781,-13088698.54443937,-103.7200513524374,-315.4681573734351,0.3410224478823047
02 Jun 2026 01:39:01.008,92341.00830039242,31193.56919030882,143749754.9733402,-47896176.56958353,-13088415.58220456,-104.9717205846536,-315.0697753144329,0.3421116070295978
02 Jun 2026 02:09:01.008,94141.00830028765,31193.59002364215,143559680.366298,-48462849.11874789,-13088134.14799266,-106.2220655509766,-314.6668558658484,0.3432002065732966
02 Jun 2026 02:39:01.008,95941.0083004972,31193.61085697549,143367356.3393947,-49028792.46210214,-13087854.22122241,-107.4710739365567,-314.2594034037339,0.3442882411345281
02 Jun 2026 03:09:01.008,97741.00830039242,31193.63169030882,143172785.3095365,-49593998.44566283,-13087575.78109712,-108.7187334563795,-313.8474223166115,0.3453757053661639
02 Jun 2026 03:39:01.008,99541.00830028765,31193.65252364215,142975969.7157507,-50158458.92325675,-13087298.8066057,-109.9650318547786,-313.4309170051517,0.3464625939527761
02 Jun 2026 04:09:01.008,101341.0083004972,31193.67335697549,142776912.0189945,-50722165.75693622,-13087023.27652387,-111.2099569062481,-313.0098918814176,0.3475489016117153
02 Jun 2026 04:39:01.008,103141.0083003924,31193.69419030882,142575614.7023082,-51285110.81640829,-13086749.16941556,-112.4534964140715,-312.584351368833,0.348634623092281
02 Jun 2026 05:09:01.008,104941.0083002876,31193.71502364215,142372080.2706609,-51847285.97935054,-13086476.46363403,-113.6956382109036,-312.154299901501,0.3497197531766241
02 Jun 2026 05:39:01.008,106741.0083004972,31193.73585697549,142166311.2507532,-52408683.13182182,-13086205.13732289,-114.936370159558,-311.7197419234289,0.3508042866808054
02 Jun 2026 06:09:01.008,108541.0083003924,31193.75669030882,141958310.1913586,-52969294.16720122,-13085935.16841806,-116.175680150536,-311.2806818888896,0.3518882184530328
02 Jun 2026 06:39:01.008,110341.0083002876,31193.77752364215,141748079.6627675,-53529110.98757773,-13085666.53464814,-117.4135561049674,-310.8371242608881,0.3529715433766247
02 Jun 2026 07:09:01.008,112141.0083004972,31193.79835697549,141535622.2571321,-54088125.50268852,-13085399.21353631,-118.6499859721268,-310.3890735115247,0.3540542563682445
02 Jun 2026 07:39:01.008,113941.0083003924,31193.81919030882,141320940.5882708,-54646329.63032676,-13085133.18240152,-119.8849577301936,-309.9365341212213,0.3551363523789512
02 Jun 2026 08:09:01.008,115741.0083002876,31193.84002364215,141104037.2915027,-55203715.29664791,-13084868.41835953,-121.1184593867825,-309.4795105780049,0.356217826395099
02 Jun 2026 08:39:01.008,117541.0083004972,31193.86085697549,140884915.02382,-55760274.43559857,-13084604.89832463,-122.3504789775277,-309.0180073775063,0.3572986734374837
02 Jun 2026 09:09:01.008,119341.0083003924,31193.88169030882,140663576.4636876,-56315998.98931929,-13084342.59901071,-123.5810045668156,-308.5520290221694,0.3583788885624215
02 Jun 2026 09:39:01.008,121141.0083002876,31193.90252364215,140440024.3110681,-56870880.90796223,-13084081.49693271,-124.8100242472183,-308.0815800209351,0.3594584668616672
02 Jun 2026 10:09:01.008,122941.0083004972,31193.92335697549,140214261.2871746,-57424912.1501863,-13083821.56840776,-126.0375261404211,-307.6066648883512,0.360537403463665
02 Jun 2026 10:39:01.008,124741.0083003924,31193.94419030882,139986290.1348526,-57978084.6821027,-13083562.7895571,-127.2634983947123,-307.1272881450054,0.361615693531768
02 Jun 2026 11:09:01.008,126541.0083002876,31193.96502364215,139756113.6180177,-58530390.47854228,-13083305.13630681,-128.487929187611,-306.6434543159694,0.362693332266987
02 Jun 2026 11:39:01.008,128341.0083004972,31193.98585697549,139523734.5218386,-59081821.52248234,-13083048.58438951,-129.7108067244119,-306.1551679308129,0.3637703149071632
02 Jun 2026 12:09:01.008,130141.0083003924,31194.00669030882,139289155.6529343,-59632369.80447786,-13082793.10934602,-130.9321192367326,-305.662433523643,0.3648466367261292
02 Jun 2026 12:39:01.008,131941.0083002876,31194.02752364215,139052379.8387959,-60182027.32391966,-13082538.68652619,-132.1518549851065,-305.1652556315155,0.3659222930364461
02 Jun 2026 13:09:01.008,133741.0083004972,31194.04835697549,138813409.9281854,-60730786.08798168,-13082285.29109092,-133.3700022564459,-304.6636387948973,0.3669972791876339
02 Jun 2026 13:39:01.008,135541.0083003924,31194.06919030882,138572248.7909251,-61278638.11201153,-13082032.89801326,-134.5865493646999,-304.1575875568483,0.3680715905672063
02 Jun 2026 14:09:01.008,137341.0083002876,31194.09002364215,138328899.3177209,-61825575.41982106,-13081781.48207986,-135.8014846512853,-303.6471064622756,0.3691452226015275
02 Jun 2026 14:39:01.008,139141.0083004972,31194.11085697549,138083364.4203674,-62371590.0431156,-13081531.01789267,-137.0147964836003,-303.1322000579849,0.3702181707549657
02 Jun 2026 15:09:01.008,140941.0083003924,31194.13169030882,137835647.0315315,-62916674.02187933,-13081281.4798703,-138.2264732556542,-302.6128728918514,0.371290430530939
02 Jun 2026 15:39:01.008,142741.0083002876,31194.15252364215,137585750.1047912,-63460819.40418623,-13081032.84224948,-139.4365033874162,-302.0891295125225,0.3723619974718084
02 Jun 2026 16:09:01.008,144541.0083004972,31194.17335697549,137333676.6143698,-64004018.24667558,-13080785.07908642,-140.6448753256357,-301.5609744684823,0.3734328671601093
02 Jun 2026 16:39:01.008,146341.0083003924,31194.19419030882,137079429.5555714,-64546262.61350778,-13080538.16425885,-141.8515775412769,-301.0284123085885,0.3745030352167671
02 Jun 2026 17:09:01.008,148141.0083002876,31194.21502364215,136823011.9441647,-65087544.57759704,-13080292.07146683,-143.0565985320121,-300.4914475804003,0.3755724973038026
02 Jun 2026 17:39:01.008,149941.0083004972,31194.23585697549,136564426.8165973,-65627856.22003893,-13080046.77423479,-144.2599268206939,-299.9500848302511,0.3766412491234905
02 Jun 2026 18:09:01.008,151741.0083003924,31194.25669030882,136303677.2302254,-66167189.62954307,-13079802.24591313,-145.4615509538308,-299.4043286033499,0.3777092864175051
02 Jun 2026 18:39:01.008,153541.0083002876,31194.27752364215,136040766.2626811,-66705536.90365591,-13079558.45967922,-146.6614595040435,-298.8541834420792,0.3787766049696351
02 Jun 2026 19:09:01.008,155341.0083004972,31194.29835697549,135775697.0123264,-67242890.14771894,-13079315.38853977,-147.8596410674725,-298.2996538865664,0.3798432006039731
02 Jun 2026 19:39:01.008,157141.0083003924,31194.31919030882,135508472.5980293,-67779241.47524145,-13079073.00533172,-149.0560842643293,-297.7407444738388,0.3809090691859645
02 Jun 2026 20:09:01.008,158941.0083002876,31194.34002364215,135239096.15898,-68314583.00817457,-13078831.28272423,-150.250777739223,-297.1774597370589,0.3819742066232013
02 Jun 2026 20:39:01.008,160741.0083004972,31194.36085697549,134967570.8549272,-68848906.87634242,-13078590.19322013,-151.443710159602,-296.6098042056444,0.3830386088645912
02 Jun 2026 21:09:01.008,162541.0083003924,31194.38169030882,134693899.865951,-69382205.21780933,-13078349.70915767,-152.6348702162754,-296.0377824044133,0.3841022719013454
02 Jun 2026 21:39:01.008,164341.0083002876,31194.40252364215,134418086.3925155,-69914470.17868465,-13078109.80271211,-153.824246622675,-295.4613988533198,0.3851651917668795
02 Jun 2026 22:09:01.008,166141.0083004972,31194.42335697549,134140133.6552351,-70445693.91348486,-13077870.44589715,-155.0118281153558,-294.8806580665885,0.3862273645378109
02 Jun 2026 22:39:01.008,167941.0083003924,31194.44419030882,133860044.8951239,-70975868.5845658,-13077631.61056693,-156.1976034524127,-294.2955645528608,0.3872887863331043
02 Jun 2026 23:09:01.008,169741.0083002876,31194.46502364215,133577823.3734125,-71504986.36239135,-13077393.26841755,-157.3815614137587,-293.7061228144378,0.3883494533148721
02 Jun 2026 23:39:01.008,171541.0083004972,31194.48585697549,133293472.3713103,-72033039.42588994,-13077155.39098857,-158.5636908015973,-293.112337346409,0.3894093616893777
03 Jun 2026 00:09:01.008,173341.0083003924,31194.50669030882,133006995.1905116,-72560019.96142687,-13076917.94966511,-159.7439804377881,-292.5142126373376,0.390468507705243
03 Jun 2026 00:39:01.008,175141.0083002876,31194.52752364215,132718395.1524631,-73085920.16408201,-13076680.91567905,-160.9224191663683,-291.9117531673579,0.391526887656287
03 Jun 2026 01:09:01.008,176941.0083004972,31194.54835697549,132427675.5988743,-73610732.23662154,-13076444.26011116,-162.0989958509047,-291.30496340887,0.3925844978797426
03 Jun 2026 01:39:01.008,178741.0083003924,31194.56919030882,132134839.8914836,-74134448.38985242,-13076207.95389272,-163.2736993749353,-290.6938478256815,0.3936413347572283
03 Jun 2026 02:09:01.008,180541.0083002876,31194.59002364215,131839891.4118669,-74657060.84287959,-13075971.96780695,-164.4465186421892,-290.0784108722398,0.3946973947155556
03 Jun 2026 02:39:01.008,182341.0083004972,31194.61085697549,131542833.5617106,-75178561.82254091,-13075736.27249124,-165.6174425749543,-289.4586569938327,0.3957526742258528
03 Jun 2026 03:09:01.008,184141.0083003924,31194.63169030882,131243669.7625723,-75698943.56375548,-13075500.83843851,-166.7864601144885,-288.8345906257243,0.3968071698045375
03 Jun 2026 03:39:01.008,185941.0083002876,31194.65252364215,130942403.4559516,-76218198.30932334,-13075265.6359993,-167.9535602201939,-288.2062161929364,0.397860878013196
03 Jun 2026 04:09:01.008,187741.0083004972,31194.67335697549,130639038.1030468,-76736318.31026889,-13075030.63538317,-169.1187318700054,-287.573538109378,0.3989137954595372
03 Jun 2026 04:39:01.008,189541.0083003924,31194.69419030882,130333577.1850383,-77253295.825277,-13074795.80666085,-170.2819640587343,-286.936560778074,0.3999659187965214
03 Jun 2026 05:09:01.008,191341.0083002876,31194.71502364215,130026024.2029017,-77769123.12094529,-13074561.1197659,-171.4432457982399,-286.2952885904145,0.4010172447231537
03 Jun 2026 05:39:01.008,193141.0083004972,31194.73585697549,129716382.6771601,-78283792.47212206,-13074326.5444963,-172.6025661177889,-285.6497259252812,0.4020677699854254
03 Jun 2026 06:09:01.008,194941.0083003924,31194.75669030882,129404656.1484487,-78797296.1608946,-13074092.05051684,-173.7599140613697,-284.9998771498644,0.4031174913745272
03 Jun 2026 06:39:01.008,196741.0083002876,31194.77752364215,129090848.1767835,-79309626.47773547,-13073857.60736024,-174.9152786898594,-284.3457466177862,0.4041664057294567
03 Jun 2026 07:09:01.008,198541.0083004972,31194.79835697549,128774962.341855,-79820775.72093756,-13073623.18442941,-176.0686490793322,-283.6873386693572,0.4052145099361368
03 Jun 2026 07:39:01.008,200341.0083003924,31194.81919030882,128457002.2433359,-80330736.1960561,-13073388.75099948,-177.2200143193727,-283.0246576318667,0.4062618009265253
03 Jun 2026 08:09:01.008,202141.0083002876,31194.84002364215,128136971.5001361,-80839500.21704359,-13073154.27621906,-178.3693635152036,-282.3577078176819,0.4073082756812223
03 Jun 2026 08:39:01.008,203941.0083004972,31194.86085697549,127814873.7509866,-81347060.10524273,-13072919.72911273,-179.5166857849738,-281.6864935251151,0.4083539312276558
03 Jun 2026 09:09:01.008,205741.0083003924,31194.88169030882,127490712.6541944,-81853408.18971729,-13072685.07858255,-180.6619702600592,-281.0110190375701,0.4093987646410278
03 Jun 2026 09:39:01.008,207541.0083002876,31194.90252364215,127164491.8874486,-82358536.80748947,-13072450.29340999,-181.8052060851478,-280.3312886227936,0.4104427730450744
03 Jun 2026 10:09:01.008,209341.0083004972,31194.92335697549,126836215.1481367,-82862438.30298118,-13072215.34225799,-182.9463824165178,-279.6473065331944,0.4114859536111681
03 Jun 2026 10:39:01.008,211141.0083003924,31194.94419030882,126505886.153098,-83365105.0283394,-13071980.19367277,-184.0854884223088,-278.9590770049917,0.4125283035592533
03 Jun 2026 11:09:01.008,212941.0083002876,31194.96502364215,126173508.6387169,-83866529.3432311,-13071744.81608582,-185.2225132815862,-278.2666042580734,0.4135698201576714
03 Jun 2026 11:39:01.008,214741.0083004972,31194.98585697549,125839086.3606715,-84366703.61516289,-13071509.17781561,-186.3574461845891,-277.5698924951393,0.4146105007241041
03 Jun 2026 12:09:01.008,216541.0083003924,31195.00669030882,125502623.0942628,-84865620.21892537,-13071273.24706984,-187.4902763309862,-276.8689459020575,0.4156503426246609
03 Jun 2026 12:39:01.008,218341.0083002876,31195.02752364215,125164122.6342249,-85363271.53682534,-13071036.99194727,-188.6209929299125,-276.1637686471399,0.416689343274625
03 Jun 2026 13:09:01.008,220141.0083004972,31195.04835697549,124823588.7944701,-85859649.9590001,-13070800.38043943,-189.7495852001871,-275.4543648802874,0.4177275001393661
03 Jun 2026 13:39:01.008,221941.0083003924,31195.06919030882,124481025.4087256,-86354747.8824306,-13070563.38043318,-190.8760423675681,-274.7407387339944,0.4187648107325268
03 Jun 2026 14:09:01.008,223741.0083002876,31195.09002364215,124136436.3297479,-86848557.71203569,-13070325.95971207,-192.0003536667305,-274.0228943213922,0.4198012726185776
03 Jun 2026 14:39:01.008,225541.0083004972,31195.11085697549,123789825.4296619,-87341071.86011602,-13070088.08595856,-193.1225083394883,-273.3008357366411,0.420836883411893
03 Jun 2026 15:09:01.008,227341.0083003924,31195.13169030882,123441196.6003157,-87832282.74580574,-13069849.72675632,-194.2424956330214,-272.5745670553562,0.4218716407758598
03 Jun 2026 15:39:01.008,229141.0083002876,31195.15252364215,123090553.7524815,-88322182.79615472,-13069610.84959168,-195.3603048018148,-271.8440923326317,0.4229055424253998
03 Jun 2026 16:09:01.008,230941.0083004972,31195.17335697549,122737900.8165124,-88810764.44514775,-13069371.42185611,-196.4759251048885,-271.1094156041053,0.423938586125149
03 Jun 2026 16:39:01.008,232741.0083003924,31195.19419030882,122383241.7420919,-89298020.13401276,-13069131.41084802,-197.5893458059584,-270.370540885132,0.4249707696903693
03 Jun 2026 17:09:01.008,234541.0083002876,31195.21502364215,122026580.4980388,-89783942.31143811,-13068890.78377485,-198.7005561733871,-269.6274721700788,0.4260020909876343
03 Jun 2026 17:39:01.008,236341.0083004972,31195.23585697549,121667921.0726718,-90268523.43302484,-13068649.50775506,-199.8095454783786,-268.8802134327881,0.4270325479339343
03 Jun 2026 18:09:01.008,238141.0083003924,31195.25669030882,121307267.4735571,-90751755.96158922,-13068407.54982036,-200.9163029951094,-268.1287686257596,0.42806213849755
03 Jun 2026 18:39:01.008,239941.0083002876,31195.27752364215,120944623.7276285,-91233632.36695491,-13068164.87691758,-202.0208179996878,-267.3731416801124,0.4290908606978512
03 Jun 2026 19:09:01.008,241741.0083004972,31195.29835697549,120579993.8809312,-91714145.12625057,-13067921.45591076,-203.1230797702634,-266.6133365047663,0.4301187126061818
03 Jun 2026 19:39:01.008,243541.0083003924,31195.31919030882,120213381.9989992,-92193286.72336516,-13067677.25358339,-204.2230775851998,-265.8493569869464,0.4311456923449248
03 Jun 2026 20:09:01.008,245341.0083002876,31195.34002364215,119844792.1666664,-92671049.64916162,-13067432.23664031,-205.3208007229795,-265.081206991514,0.4321717980882087
03 Jun 2026 20:39:01.008,247141.0083004972,31195.36085697549,119474228.4878072,-93147426.40176846,-13067186.37170985,-206.4162384622829,-264.3088903601517,0.4331970280627639
03 Jun 2026 21:09:01.008,248941.0083003924,31195.38169030882,119101695.086049,-93622409.48562288,-13066939.6253462,-207.5093800791919,-263.5324109125809,0.4342213805460955
03 Jun 2026 21:39:01.008,250741.0083002876,31195.40252364215,118727196.1039347,-94095991.41251141,-13066691.96403102,-208.6002148489783,-262.7517724445498,0.4352448538689657
03 Jun 2026 22:09:01.008,252541.0083004972,31195.42335697549,118350735.7033117,-94568164.70102647,-13066443.35417589,-209.6887320442456,-261.966978728386,0.4362674464144467
03 Jun 2026 22:39:01.008,254341.0083003924,31195.44419030882,117972318.0657354,-95038921.87603155,-13066193.76212465,-210.7749209330786,-261.1780335135795,0.437289156617005
03 Jun 2026 23:09:01.008,256141.0083002876,31195.46502364215,117591947.3916199,-95508255.46968956,-13065943.1541549,-211.8587707807923,-260.3849405247623,0.4383099829649382
03 Jun 2026 23:39:01.008,257941.0083004972,31195.48585697549,117209627.9009708,-95976158.02051361,-13065691.49648079,-212.9402708471136,-259.5877034629882,0.4393299239985571
04 Jun 2026 00:09:01.008,259741.0083003924,31195.50669030882,116825363.8331322,-96442622.07365352,-13065438.75525485,-214.0194103862073,-258.7863260049633,0.4403489783110284
04 Jun 2026 00:39:01.008,261541.0083002876,31195.52752364215,116439159.4465941,-96907640.18109502,-13065184.89657011,-215.0961786464957,-257.9808118024065,0.4413671445490319
04 Jun 2026 01:09:01.008,263341.0083004972,31195.54835697549,116051019.0194077,-97371204.9011267,-13064929.88646245,-216.1705648687793,-257.1711644826827,0.4423844214118082
04 Jun 2026 01:39:01.008,265141.0083003924,31195.56919030882,115660946.8489304,-97833308.798621,-13064673.69091275,-217.2425582862321,-256.3573876480423,0.4434008076520084
04 Jun 2026 02:09:01.008,266941.0083002876,31195.59002364215,115268947.2519759,-98293944.44482754,-13064416.27584902,-218.3121481232634,-255.5394848757126,0.4444163020754406
04 Jun 2026 02:39:01.008,268741.0083004972,31195.61085697549,114875024.5645567,-98753104.41764879,-13064157.60714839,-219.3793235954926,-254.7174597171405,0.4454309035419008
04 Jun 2026 03:09:01.008,270541.0083003924,31195.63169030882,114479183.1423117,-99210781.3011117,-13063897.65063975,-220.4440739078499,-253.8913156986735,0.4464446109642259
04 Jun 2026 03:39:01.008,272341.0083002876,31195.65252364215,114081427.360322,-99666967.68556419,-13063636.37210573,-221.5063882543541,-253.0610563209663,0.4474574233089186
04 Jun 2026 04:09:01.008,274141.0083004972,31195.67335697549,113681761.6128507,-100121656.1679456,-13063373.73728463,-222.5662558180592,-252.2266850582361,0.4484693395969765
04 Jun 2026 04:39:01.008,275941.0083003924,31195.69419030882,113280190.3141318,-100574839.3508657,-13063109.71187329,-223.6236657682182,-251.3882053597114,0.4494803589020369
04 Jun 2026 05:09:01.008,277741.0083002876,31195.71502364215,112876717.8974868,-101026509.8435908,-13062844.26152869,-224.6786072618848,-250.5456206475967,0.4504904803527858
04 Jun 2026 05:39:01.008,279541.0083004972,31195.73585697549,112471348.8157648,-101476660.2615175,-13062577.35187041,-225.7310694419857,-249.6989343178051,0.4514997031319803
04 Jun 2026 06:09:01.008,281341.0083003924,31195.75669030882,112064087.541797,-101925283.2256557,-13062308.94848323,-226.781041435403,-248.8481497407264,0.4525080264754964
04 Jun 2026 06:39:01.008,283141.0083002876,31195.77752364215,111654938.5675743,-102372371.3635251,-13062039.01691865,-227.8285123543541,-247.9932702593358,0.4535154496745242
04 Jun 2026 07:09:01.008,284941.0083004972,31195.79835697549,111243906.4046988,-102817917.3086323,-13061767.52269772,-228.8734712944518,-247.1342991899666,0.4545219720746081
04 Jun 2026 07:39:01.008,286741.0083003924,31195.81919030882,110830995.5848473,-103261913.6999587,-13061494.43131328,-229.9159073327749,-246.2712398231172,0.4555275930746587
04 Jun 2026 08:09:01.008,288541.0083002876,31195.84002364215,110416210.6588702,-103704353.1829233,-13061219.70823178,-230.9558095293937,-245.4040954214095,0.4565323121293376
04 Jun 2026 08:39:01.008,290341.0083004972,31195.86085697549,109999556.1976156,-104145228.4084788,-13060943.31889603,-231.9931669245121,-244.5328692211607,0.4575361287471882
04 Jun 2026 09:09:01.008,292141.0083003924,31195.88169030882,109581036.7916779,-104584532.0333755,-13060665.22872731,-233.0279685383406,-243.6575644317141,0.458539042491418
04 Jun 2026 09:39:01.008,293941.0083002876,31195.90252364215,109160657.0512143,-105022256.7203412,-13060385.40312753,-234.0602033707717,-242.7781842349144,0.4595410529804944
04 Jun 2026 10:09:01.008,295741.0083004972,31195.92335697549,108738421.6064211,-105458395.137572,-13060103.8074817,-235.0898603994246,-241.894731785974,0.4605421598871628
04 Jun 2026 10:39:01.008,297541.0083003924,31195.94419030882,108314335.1072821,-105892939.9589909,-13059820.40716022,-236.1169285794919,-241.0072102128187,0.4615423629392099
04 Jun 2026 11:09:01.008,299341.0083002876,31195.96502364215,107888402.2237571,-106325883.8640467,-13059535.16752106,-237.1413968424967,-240.1156226163645,0.4625416619191669
04 Jun 2026 11:39:01.008,301141.0083004972,31195.98585697549,107460627.6455273,-106757219.5379665,-13059248.05391205,-238.1632540961187,-239.2199720698711,0.4635400566650807
04 Jun 2026 12:09:01.008,302941.0083003924,31196.00669030882,107031016.0824866,-107186939.6712539,-13058959.03167348,-239.1824892222256,-238.3202616198636,0.4645375470695137
04 Jun 2026 12:39:01.008,304741.0083002876,31196.02752364215,106599572.2645657,-107615036.9598677,-13058668.06614009,-240.1990910765111,-237.4164942856664,0.4655341330801126
04 Jun 2026 13:09:01.008,306541.0083004972,31196.04835697549,106166300.9415528,-108041504.1053958,-13058375.1226435,-241.2130484881182,-236.5086730589343,0.4665298147001939
04 Jun 2026 13:39:01.008,308341.0083003924,31196.06919030882,105731206.8835953,-108466333.8145578,-13058080.16651458,-242.2243502576618,-235.5968009046174,0.4675245919877158
04 Jun 2026 14:09:01.008,310141.0083002876,31196.09002364215,105294294.8810263,-108889518.7993816,-13057783.16308593,-243.2329851568446,-234.6808807605209,0.4685184650558858
04 Jun 2026 14:39:01.008,311941.0083004972,31196.11085697549,104855569.7441102,-109311051.7774487,-13057484.07769372,-244.2389419282355,-233.7609155366993,0.4695114340738424
04 Jun 2026 15:09:01.008,313741.0083003924,31196.13169030882,104415036.3039395,-109730925.4710342,-13057182.87568074,-245.2422092824055,-232.8369081172717,0.4705034992648196
04 Jun 2026 15:39:01.008,315541.0083002876,31196.15252364215,103972699.411495,-110149132.6080159,-13056879.52239817,-246.2427758992777,-231.9088613583966,0.4714946609084061
04 Jun 2026 16:09:01.008,317341.0083004972,31196.17335697549,103528563.9381614,-110565665.9213817,-13056573.98320798,-247.2406304261292,-230.9767780893015,0.4724849193395593
04 Jun 2026 16:39:01.008,319141.0083003924,31196.19419030882,103082634.7762543,-110980518.1487474,-13056266.22348595,-248.2357614756035,-230.0406611133488,0.4734742749475553
04 Jun 2026 17:09:01.008,320941.0083002876,31196.21502364215,102634916.8380732,-111393682.0332526,-13055956.20862302,-249.2281576270234,-229.1005132060126,0.4744627281782985
04 Jun 2026 17:39:01.008,322741.0083004972,31196.23585697549,102185415.0568182,-111805150.3227145,-13055643.90402841,-250.2178074235212,-228.1563371167773,0.4754502795323963
04 Jun 2026 18:09:01.008,324541.0083003924,31196.25669030882,101734134.3863453,-112214915.7698707,-13055329.27513179,-251.2046993717733,-227.2081355686054,0.476436929565899
04 Jun 2026 18:39:01.008,326341.0083002876,31196.27752364215,101281079.8009954,-112622971.1325455,-13055012.2873854,-252.1888219415507,-226.2559112575659,0.4774226788908114
04 Jun 2026 19:09:01.008,328141.0083004972,31196.29835697549,100826256.2961349,-113029309.1731728,-13054692.90626676,-253.1701635637129,-225.2996668539687,0.4784075281740607
04 Jun 2026 19:39:01.008,329941.0083003924,31196.31919030882,100369668.8879909,-113433922.658965,-13054371.09728106,-254.1487126297515,-224.3394050020229,0.4793914781380209
04 Jun 2026 20:09:01.008,331741.0083002876,31196.34002364215,99911322.61348239,-113836804.3620768,-13054046.82596315,-255.1244574913196,-223.3751283194947,0.4803745295610291
04 Jun 2026 20:39:01.008,333541.0083004972,31196.36085697549,99451222.53077194,-114237947.0591347,-13053720.05788034,-256.0973864582214,-222.4068393988896,0.4813566832763598
04 Jun 2026 21:09:01.008,335341.0083003924,31196.38169030882,98989373.71902274,-114637343.5314736,-13053390.75863458,-257.0674877981063,-221.434540806971,0.4823379401728842
04 Jun 2026 21:39:01.008,337141.0083002876,31196.40252364215,98525781.27863608,-115034986.564951,-13053058.89386505,-258.0347497351347,-220.4582350852985,0.4833183011947257
04 Jun 2026 22:09:01.008,338941.0083004972,31196.42335697549,98060450.33100607,-115430868.9501786,-13052724.42925017,-258.9991604496543,-219.4779247497578,0.4842977673419386
04 Jun 2026 22:39:01.008,340741.0083003924,31196.44419030882,97593386.01908624,-115824983.4820607,-13052387.33051042,-259.9607080761833,-218.4936122918093,0.4852763396694466
04 Jun 2026 23:09:01.008,342541.0083002876,31196.46502364215,97124593.50723055,-116217322.9599596,-13052047.56341056,-260.9193807029129,-217.5053001782184,0.4862540192875451
04 Jun 2026 23:39:01.008,344341.0083004972,31196.48585697549,96654077.98094806,-116607880.1879227,-13051705.09376183,-261.8751663713614,-216.5129908506099,0.4872308073625602
05 Jun 2026 00:09:01.008,346141.0083003924,31196.50669030882,96181844.64789231,-116996647.9738881,-13051359.88742508,-262.8280530735532,-215.5166867276617,0.4882067051149326
05 Jun 2026 00:39:01.008,347941.0083002876,31196.52752364215,95707898.73688142,-117383619.1305284,-13051011.91031214,-263.7780287531016,-214.516390203073,0.4891817138214094
05 Jun 2026 01:09:01.008,349741.0083004972,31196.54835697549,95232245.49847853,-117768786.4747957,-13050661.12838875,-264.7250813031548,-213.5121036468686,0.490155834813967
05 Jun 2026 01:39:01.008,351541.0083003924,31196.56919030882,94754890.2055845,-118152142.8274789,-13050307.50767747,-265.6691985645211,-212.5038294068741,0.4911290694787875
05 Jun 2026 02:09:01.008,353341.0083002876,31196.59002364215,94275838.15253446,-118533681.0139689,-13049951.01425911,-266.6103683265449,-211.4915698068612,0.4921014192582152
05 Jun 2026 02:39:01.008,355141.0083004972,31196.61085697549,93795094.655689,-118913393.8638108,-13049591.61427576,-267.5485783250743,-210.475327147923,0.493072885649712
05 Jun 2026 03:09:01.008,356941.0083003924,31196.63169030882,93312665.05403765,-119291274.2102692,-13049229.27393339,-268.4838162404468,-209.4551037098875,0.4940434702047876
05 Jun 2026 03:39:01.008,358741.0083002876,31196.65252364215,92828554.70820585,-119667314.8911485,-13048863.95950349,-269.4160696985776,-208.4309017493659,0.4950131745311381
05 Jun 2026 04:09:01.008,360541.0083004972,31196.67335697549,92342769.00148058,-120041508.748026,-13048495.63732626,-270.3453262681151,-207.4027235020773,0.4959820002907267
05 Jun 2026 04:39:01.008,362341.0083003924,31196.69419030882,91855313.33957778,-120413848.6264791,-13048124.27381269,-271.2715734600516,-206.3705711825237,0.4969499492004092
05 Jun 2026 05:09:01.008,364141.0083002876,31196.71502364215,91366193.15049055,-120784327.3762408,-13047749.8354469,-272.1947987271562,-205.3344469838449,0.4979170230323522
05 Jun 2026 05:39:01.008,365941.0083004972,31196.73585697549,90875413.88510638,-121152937.8507728,-13047372.28878884,-273.1149894619527,-204.294353079311,0.4988832236129697
05 Jun 2026 06:09:01.008,367741.0083003924,31196.75669030882,90382981.01706158,-121519672.9074252,-13046991.60047646,-274.0321329961508,-203.2502916222113,0.4998485528233512
05 Jun 2026 06:39:01.008,369541.0083002876,31196.77752364215,89888900.04259276,-121884525.4075919,-13046607.73722814,-274.946216600069,-202.2022647457451,0.5008130125996848
05 Jun 2026 07:09:01.008,371341.0083004972,31196.79835697549,89393176.48116457,-122247488.2162915,-13046220.66584539,-275.8572274806111,-201.1502745645696,0.5017766049321652
05 Jun 2026 07:39:01.008,373141.0083003924,31196.81919030882,88895815.87524065,-122608554.2023895,-13045830.35321493,-276.7651527808466,-200.0943231745409,0.5027393318655835
05 Jun 2026 08:09:01.008,374941.0083002876,31196.84002364215,88396823.79057282,-122967716.238439,-13045436.76631141,-277.6699795786274,-199.0344126535657,0.5037011954989059
05 Jun 2026 08:39:01.008,376741.0083004972,31196.86085697549,87896205.81597023,-123324967.2008982,-13045039.87219947,-278.5716948861529,-197.970545061358,0.5046621979858434
05 Jun 2026 09:09:01.008,378541.0083003924,31196.88169030882,87393967.56394225,-123680299.9697236,-13044639.63803654,-279.4702856479531,-196.902722441064,0.5056223415337575
05 Jun 2026 09:39:01.008,380341.0083002876,31196.90252364215,86890114.67056018,-124033707.428529,-13044236.03107512,-280.3657387402944,-195.8309468192375,0.5065816284040503
05 Jun 2026 10:09:01.008,382141.0083004972,31196.92335697549,86384652.79531594,-124385182.4647391,-13043829.01866497,-281.2580409705743,-194.7552202058195,0.5075400609125822
05 Jun 2026 10:39:01.008,383941.0083003924,31196.94419030882,85877587.62177576,-124734717.9691918,-13043418.56825591,-282.1471790753099,-193.6755445958195,0.508497641428534
05 Jun 2026 11:09:01.008,385741.0083002876,31196.96502364215,85368924.85744508,-125082306.8362967,-13043004.64740018,-283.0331397195339,-192.5919219693304,0.5094543723748219
05 Jun 2026 11:39:01.008,387541.0083004972,31196.98585697549,84858670.23363051,-125427941.9641899,-13042587.22375432,-283.9159094961796,-191.5043542915486,0.5104102562284609
05 Jun 2026 12:09:01.008,389341.0083003924,31197.00669030882,84346829.50610454,-125771616.2543437,-13042166.26508239,-284.7954749240756,-190.4128435145123,0.5113652955194574
05 Jun 2026 12:39:01.008,391141.0083002876,31197.02752364215,83833408.45497353,-126113322.611727,-13041741.73925797,-285.6718224473335,-189.317391577159,0.5123194928311814
05 Jun 2026 13:09:01.008,392941.0083004972,31197.04835697549,83318412.88445312,-126453053.9450181,-13041313.61426624,-286.5449384348773,-188.2180004051912,0.5132728508008975
05 Jun 2026 13:39:01.008,394741.0083003924,31197.06919030882,82801848.62399378,-126790803.1659295,-13040881.85820732,-287.4148091776843,-187.1146719138384,0.5142253721178176
05 Jun 2026 14:09:01.008,396541.0083002876,31197.09002364215,82283721.52725194,-127126563.1899593,-13040446.43929763,-288.2814208896878,-186.0074080060309,0.5151770595251146
05 Jun 2026 14:39:01.008,398341.0083004972,31197.11085697549,81764037.47276816,-127460326.9360119,-13040007.3258728,-289.1447597057754,-184.8962105742291,0.5161279158187901
05 Jun 2026 15:09:01.008,400141.0083003924,31197.13169030882,81242802.36465748,-127792087.3260342,-13039564.48639044,-290.0048116798094,-183.7810815022947,0.5170779438465356
05 Jun 2026 15:39:01.008,401941.0083002876,31197.15252364215,80720022.13166565,-128121837.2856976,-13039117.88943177,-290.8615627853534,-182.6620226638782,0.5180271465095709
05 Jun 2026 16:09:01.008,403741.0083004972,31197.17335697549,80195702.7278583,-128449569.7440292,-13038667.50370432,-291.7149989136813,-181.5390359243102,0.518975526761509
05 Jun 2026 16:39:01.008,405541.0083003924,31197.19419030882,79669850.1333217,-128775277.6330575,-13038213.29804488,-292.5651058718069,-180.4121231425324,0.5199230876071899
05 Jun 2026 17:09:01.008,407341.0083002876,31197.21502364215,79142470.35312308,-129098953.8885428,-13037755.24142087,-293.4118693833394,-179.281286169314,0.5208698321046916
05 Jun 2026 17:39:01.008,409141.0083004972,31197.23585697549,78613569.41847137,-129420591.4493369,-13037293.30293353,-294.255275085765,-178.1465268501924,0.5218157633633378
05 Jun 2026 18:09:01.008,410941.0083003924,31197.25669030882,78083153.38650677,-129740183.2576027,-13036827.45182008,-295.095308529965,-177.0078470254903,0.5227608845441885
05 Jun 2026 18:39:01.008,412741.0083002876,31197.27752364215,77551228.34017837,-130057722.2589715,-13036357.65745584,-295.931955179574,-175.8652485305321,0.5237051988603745
05 Jun 2026 19:09:01.008,414541.0083004972,31197.29835697549,77017800.38895866,-130373201.402201,-13035883.88935697,-296.7652004090221,-174.7187331976699,0.5246487095759176
05 Jun 2026 19:39:01.008,416341.0083003924,31197.31919030882,76482875.66872764,-130686613.6393379,-13035406.11718278,-297.5950295029007,-173.5683028565408,0.5255914200060698
05 Jun 2026 20:09:01.008,418141.0083002876,31197.34002364215,75946460.34165406,-130997951.9258776,-13034924.31073772,-298.4214276553192,-172.4139593343285,0.5265333335175924
05 Jun 2026 20:39:01.008,419941.0083004972,31197.36085697549,75408560.59692062,-131307209.2204321,-13034438.4399743,-299.2443799679621,-171.2557044578539,0.527474453527611
05 Jun 2026 21:09:01.008,421741.0083003924,31197.38169030882,74869182.65061128,-131614378.4848955,-13033948.47499517,-300.0638714494538,-170.093540053877,0.5284147835038984
05 Jun 2026 21:39:01.008,423541.0083002876,31197.40252364215,74328332.74559607,-131919452.6846036,-13033454.3860552,-300.8798870147153,-168.9274679494055,0.5293543269651861
05 Jun 2026 22:09:01.008,425341.0083004972,31197.42335697549,73786017.15226677,-132222424.788015,-13032956.14356445,-301.6924114830374,-167.7574899738495,0.5302930874799694
05 Jun 2026 22:39:01.008,427141.0083003924,31197.44419030882,73242242.16833231,-132523287.766929,-13032453.71808998,-302.5014295775875,-166.5836079591653,0.5312310686669655
05 Jun 2026 23:09:01.008,428941.0083002876,31197.46502364215,72697014.11918309,-132822034.5963868,-13031947.08035856,-303.3069259240629,-165.405823741238,0.5321682741945795
05 Jun 2026 23:39:01.008,430741.0083004972,31197.48585697549,72150339.35768533,-133118658.2548866,-13031436.2012586,-304.1088850501912,-164.2241391600468,0.5331047077813449
06 Jun 2026 00:09:01.008,432541.0083003924,31197.50669030882,71602224.26493078,-133413151.72408,-13030921.05184279,-304.9072913838287,-163.0385560619102,0.5340403731947372
06 Jun 2026 00:39:01.008,434341.0083002876,31197.52752364215,71052675.25013219,-133705507.9889419,-13030401.60333053,-305.7021292523306,-161.8490762998978,0.5349752742514275
06 Jun 2026 01:09:01.008,436141.0083004972,31197.54835697549,70501698.75051585,-133995720.0379341,-13029877.82710959,-306.4933828819114,-160.6557017342483,0.5359094148175627
06 Jun 2026 01:39:01.008,437941.0083003924,31197.56919030882,69949301.23208155,-134283780.862715,-13029349.69473937,-307.2810363957651,-159.4584342346812,0.536842798807559
06 Jun 2026 02:09:01.008,439741.0083002876,31197.59002364215,69395489.18950102,-134569683.4583105,-13028817.17795246,-308.0650738134387,-158.2572756808565,0.5377754301843636
06 Jun 2026 02:39:01.008,441541.0083004972,31197.61085697549,68840269.14601447,-134853420.8232813,-13028280.24865709,-308.8454790501989,-157.0522279628435,0.5387073129596898
06 Jun 2026 03:09:01.008,443341.0083003924,31197.63169030882,68283647.65420011,-135134985.9594442,-13027738.8789397,-309.6222359151746,-155.843292983498,0.5396384511928189
06 Jun 2026 03:39:01.008,445141.0083002876,31197.65252364215,67725631.29587634,-135414371.8720463,-13027193.04106701,-310.3953281107359,-154.6304726589734,0.5405688489908467
06 Jun 2026 04:09:01.008,446941.0083004972,31197.67335697549,67166226.68190369,-135691571.5699829,-13026642.70748802,-311.1647392320037,-153.4137689190254,0.5414985105090744
06 Jun 2026 04:39:01.008,448741.0083003924,31197.69419030882,66605440.45345344,-135966578.0652907,-13026087.85083713,-311.9304527643441,-152.1931837105217,0.5424274399489795
06 Jun 2026 05:09:01.008,450541.0083002876,31197.71502364215,66043279.28093494,-136239384.3738074,-13025528.44393528,-312.6924520840987,-150.9687189958756,0.5433556415600702
06 Jun 2026 05:39:01.008,452341.0083004972,31197.73585697549,65479749.86477848,-136509983.5149086,-13024964.45979286,-313.4507204567583,-149.7403767555276,0.5442831196386544
06 Jun 2026 06:09:01.008,454141.0083003924,31197.75669030882,64914858.93622798,-136778368.5112619,-13024395.87161225,-314.2052410351655,-148.5081589904699,0.5452098785265982
06 Jun 2026 06:39:01.008,455941.0083002876,31197.77752364215,64348613.25636256,-137044532.3894295,-13023822.65278918,-314.9559968601005,-147.2720677209238,0.5461359226130085
06 Jun 2026 07:09:01.008,457741.0083004972,31197.79835697549,63781019.61688891,-137308468.1796189,-13023244.77691538,-315.7029708584841,-146.0321049888908,0.5470612563329931
06 Jun 2026 07:39:01.008,459541.0083003924,31197.81919030882,63212084.8409438,-137570168.9154507,-13022662.21778142,-316.4461458416081,-144.7882728607475,0.5479858841664087
06 Jun 2026 08:09:01.008,461341.0083002876,31197.84002364215,62641815.78211237,-137829627.634554,-13022074.94937778,-317.1855045057165,-143.5405734259558,0.5489098106395252
06 Jun 2026 08:39:01.008,463141.0083004972,31197.86085697549,62070219.32523018,-138086837.3783317,-13021482.94589756,-317.9210294302374,-142.2890087996847,0.5498330403237774
06 Jun 2026 09:09:01.008,464941.0083003924,31197.88169030882,61497302.38719516,-138341791.1917414,-13020886.18173932,-318.6527030760461,-141.0335811254757,0.5507555778345079
06 Jun 2026 09:39:01.008,466741.0083002876,31197.90252364215,60923071.9159829,-138594482.1238852,-13020284.63150804,-319.3805077860419,-139.7742925739875,0.5516774278326027
06 Jun 2026 10:09:01.008,468541.0083004972,31197.92335697549,60347534.89145797,-138844903.2277882,-13019678.27001791,-320.1044257834118,-138.5111453456889,0.5525985950232524
06 Jun 2026 10:36:49.936,470209.9364347639,31197.94267327334,59812745.95683689,-139075055.2687952,-13019111.74210747,-320.7721416493811,-137.3365321064352,0.5534520790363209
06 Jun 2026 11:02:27.036,471747.0361302956,31197.96046377907,59319216.48286936,-139285291.3976542,-13018586.26924743,-321.3841329287375,-136.251770190372,0.5542376340771524
06 Jun 2026 11:24:41.226,473081.2262274907,31197.97590579409,58890075.9036193,-139466421.5235613,-13018127.27852947,-321.9130094609624,-135.3079281194834,0.5549190935966144
06 Jun 2026 11:46:33.301,474393.3005006053,31197.99109183891,58467362.07318799,-139643319.9051329,-13017673.27161092,-322.4310026267561,-134.3776681204664,0.5555889002900034
06 Jun 2026 11:47:33.301,474453.3005004865,31197.99178628336,58448015.50403594,-139651380.1211222,-13017652.44789182,-322.4546396959162,-134.3350792453805,0.5556195215306421
06 Jun 2026 11:50:21.073,474621.072545182,31197.99372808943,58393911.08693028,-139673904.5415535,-13017594.19159462,-322.5207103067081,-134.2159695029985,0.5557051407628453
06 Jun 2026 11:56:35.740,474995.7401804742,31197.99806452039,58273045.39217477,-139724133.8069697,-13017463.93963656,-322.6681344343671,-133.9498535576582,0.5558963244282529
06 Jun 2026 12:09:19.479,475759.4787871116,31198.0069040876,58026496.68110168,-139826214.4141637,-13017197.76754034,-322.968117292008,-133.4068750813661,0.5562859528289019
06 Jun 2026 12:39:10.006,477550.0056338031,31198.02762777796,57447585.89641969,-140063907.1424204,-13016570.26166746,-323.6685943834023,-132.1311885664129,0.5571989427119337
06 Jun 2026 13:09:10.006,479350.0056340126,31198.04846111129,56864351.64806262,-140300552.0440557,-13015934.49087176,-324.3687919421395,-130.8449181366591,0.558116111045216
06 Jun 2026 13:39:10.006,481150.0056339079,31198.06929444462,56279860.65460538,-140534878.5682003,-13015293.73843802,-325.0649748242778,-129.5548054050016,0.5590326307442961
06 Jun 2026 14:03:59.148,482639.1480637249,31198.08652988941,55795365.69634826,-140726979.9139782,-13014759.86094114,-325.6378799452425,-128.4845909146777,0.5597903820441985
06 Jun 2026 14:25:12.624,483912.6241042977,31198.10126919544,55380362.88313042,-140889994.6068278,-13014300.57543836,-326.1256156555742,-127.5672875658239,0.5604380440886996
06 Jun 2026 14:43:15.017,484995.0169112999,31198.11379688996,55027143.24114589,-141027630.0691953,-13013908.22182699,-326.5385689430857,-126.7861147342376,0.5609882751303945
06 Jun 2026 14:58:27.741,485907.7409327379,31198.1243608254,54728945.17303319,-141143033.1691998,-13013575.95082537,-326.8856457022055,-126.1263158846702,0.5614520777332916
06 Jun 2026 15:11:06.948,486666.9476127019,31198.13314793975,54480662.07363804,-141238566.7980522,-13013298.57455599,-327.1735454041238,-125.576742301096,0.5618377467349815
06 Jun 2026 15:21:30.449,487290.4490015935,31198.14036439101,54276595.3478927,-141316711.9994537,-13013070.10305086,-327.4094398179908,-125.1248930766443,0.5621543953276755
06 Jun 2026 15:30:08.080,487808.0795071553,31198.14635548482,54107067.62996291,-141381374.0056888,-13012879.96280641,-327.6049056705647,-124.7494188848188,0.5624172197351169
06 Jun 2026 15:37:27.830,488247.8304716642,31198.15144519506,53962966.59444062,-141436154.6314044,-13012718.09924342,-327.7706962987488,-124.4301874051295,0.5626404605963415
06 Jun 2026 15:43:51.417,488631.4166542492,31198.15588484995,53837210.58048825,-141483824.0493917,-13012576.66049716,-327.9151119883203,-124.1515413717314,0.5628351588618667
06 Jun 2026 15:49:34.319,488974.3187658023,31198.15985362439,53724745.68492392,-141526347.041269,-13012450.02702705,-328.044052497278,-123.9023020048091,0.5630091830424722
06 Jun 2026 15:55:15.219,489315.2190723689,31198.16379922979,53612893.53827896,-141568537.063083,-13012323.94920334,-328.1720921877453,-123.6543799322715,0.5631821689534666
06 Jun 2026 16:00:26.750,489626.7496431596,31198.16740490769,53510639.69012386,-141607018.3532405,-13012208.57318879,-328.2889715867779,-123.4276971323094,0.5633402320790279
06 Jun 2026 16:05:10.982,489910.9820647049,31198.17069463479,53417314.1787928,-141642066.0726571,-13012103.17350967,-328.3955015680664,-123.2207775991061,0.5634844285962128
06 Jun 2026 16:09:38.818,490178.8178686635,31198.17379458623,53329344.67289582,-141675038.1563467,-13012003.73732515,-328.495791954245,-123.0257073796349,0.5636202926853471
06 Jun 2026 16:14:02.428,490442.4282639753,31198.17684563247,53242736.76688857,-141707439.0487609,-13011905.75918395,-328.5944108694389,-122.8336318804189,0.5637540000135242
06 Jun 2026 16:18:34.644,490714.6439799923,31198.17999627733,53153274.35358568,-141740844.4960878,-13011804.4673335,-328.6961560913265,-122.6352001262687,0.5638920582101263
06 Jun 2026 16:23:29.334,491009.3344851513,31198.18340704707,53056394.50096844,-141776947.0835342,-13011694.68043278,-328.8061950293765,-122.4202867324032,0.5640414989432292
06 Jun 2026 16:28:58.430,491338.4298872435,31198.18721602163,52948165.69119076,-141817189.7580361,-13011571.91349204,-328.9289498197832,-122.1801611737257,0.564208367282089
06 Jun 2026 16:34:44.443,491684.4430973288,31198.19122080415,52834329.6216516,-141859415.9554542,-13011442.65041631,-329.0578657455148,-121.9275535989513,0.5643837916798429
06 Jun 2026 16:40:54.346,492054.3459673645,31198.19550208737,52712584.70936383,-141904460.8812281,-13011304.25271571,-329.1955129311675,-121.6573490462281,0.5645713027784134
06 Jun 2026 16:47:42.030,492462.0304209064,31198.20022065744,52578345.92655283,-141953990.8570238,-13011151.46761856,-329.3470162649509,-121.3593589548525,0.5647779361664038
06 Jun 2026 16:55:21.206,492921.2055960903,31198.20553518493,52427078.82447349,-142009630.9904583,-13010979.06952228,-329.5173993382249,-121.0234977508581,0.5650106299163711
06 Jun 2026 17:04:10.955,493450.9553718148,31198.21166654807,52252465.06269227,-142073631.2929383,-13010779.75748072,-329.7136337686115,-120.635706114867,0.5652790391038143
06 Jun 2026 17:14:28.225,494068.2251384016,31198.21881087407,52048872.34948531,-142147945.8615043,-13010546.95335983,-329.9418329691722,-120.1834298540495,0.5655917257669669
06 Jun 2026 17:26:35.927,494795.9267299972,31198.2272333462,51808675.45559487,-142235196.8729049,-13010271.71932182,-330.2102276530276,-119.6496626633366,0.5659602616827693
06 Jun 2026 17:40:51.059,495651.059370744,31198.23713071473,51526167.36572058,-142337230.1423313,-13009947.20674313,-330.5247489194186,-119.0216273584936,0.5663932074207585
06 Jun 2026 17:57:24.616,496644.6162003209,31198.24863021507,51197591.1885187,-142455105.0986311,-13009568.69387794,-330.8889955263107,-118.2908469273989,0.5668960656043252
06 Jun 2026 18:16:22.310,497782.3101815418,31198.26179796948,50820904.24524825,-142589188.0457191,-13009133.32453779,-331.3045121556841,-117.4526228015624,0.5674716504901143
06 Jun 2026 18:37:47.612,499067.6119475509,31198.27667414733,50394777.36404563,-142739519.0954485,-13008638.96462665,-331.7719141003927,-116.5038117760617,0.5681216275669836
06 Jun 2026 19:01:33.543,500493.5427583521,31198.29317797616,49921325.34978914,-142904870.0542664,-13008087.39723793,-332.287933599237,-115.4489137925056,0.5688423681601318
06 Jun 2026 19:27:35.691,502055.6905430392,31198.31125839033,49401802.90947811,-143084288.304949,-13007479.36299027,-332.8501905817654,-114.2904986014123,0.5696315374028831
06 Jun 2026 19:55:41.268,503741.2678763154,31198.33076738724,48840249.37597726,-143275850.8119859,-13006818.84226772,-333.453272920106,-113.0373375503184,0.5704825694855871
06 Jun 2026 20:25:41.268,505541.2678765249,31198.35160072058,48239456.95194929,-143478082.091831,-13006108.37143529,-334.093149972733,-111.6954243654076,0.5713908141274644
06 Jun 2026 20:55:41.268,507341.2678764202,31198.37243405391,47637516.61690247,-143677894.8802764,-13005392.60132042,-334.7287262842512,-110.3497100770792,0.5722984875373784
06 Jun 2026 21:25:41.268,509141.2678763154,31198.39326738724,47034436.13058093,-143875282.3387039,-13004671.512008,-335.3599811422758,-109.0001979704652,0.5732055953328428
06 Jun 2026 21:55:41.268,510941.2678765249,31198.41410072058,46430223.29045206,-144070237.6343565,-13003945.08384018,-335.9868936945132,-107.6468913997328,0.5741121431671248
06 Jun 2026 22:25:41.268,512741.2678764202,31198.43493405391,45824885.93164423,-144262753.9405707,-13003213.29741804,-336.6094429483993,-106.2897937892709,0.5750181367293528
06 Jun 2026 22:49:33.974,514173.973606783,31198.45151629616,45342270.60105097,-144414239.0508175,-13002626.99123406,-337.1018268533866,-105.2069078831552,0.5757388678081368
06 Jun 2026 23:09:59.026,515399.0256452118,31198.4656951392,44929046.58196469,-144542536.6952898,-13002122.95408765,-337.5206344987143,-104.2790717307762,0.5763548640419263
06 Jun 2026 23:27:17.692,516437.6922186697,31198.47771674306,44578291.47658961,-144650423.4831792,-13001693.64261916,-337.8741206576129,-103.491028727622,0.576876943546007
06 Jun 2026 23:41:54.383,517314.3827495514,31198.4878636242,44281950.07529245,-144740848.3838801,-13001329.87733109,-338.1713346759499,-102.8248984063372,0.5773174676497028
06 Jun 2026 23:54:02.091,518042.0909286942,31198.49628617257,44035770.51091859,-144815462.9713873,-13001026.95197365,-338.417241325216,-102.2712876409765,0.577683034096846
07 Jun 2026 00:03:59.997,518639.9967488134,31198.50320637882,43833368.60932619,-144876466.8590159,-13000777.39546635,-338.6187413260218,-101.8159632606227,0.5779833289031366
07 Jun 2026 00:12:18.226,519138.2263283129,31198.50897292488,43664616.9871591,-144927092.8542635,-13000568.98395368,-338.7862740759567,-101.4362273151067,0.5782335172445363
07 Jun 2026 00:19:23.778,519563.7781308149,31198.51389829297,43520415.4793586,-144970184.091351,-13000390.64364962,-338.9290978833464,-101.1116552475719,0.578447178064172
07 Jun 2026 00:25:36.896,519936.8958194624,31198.51821678473,43393931.70809244,-145007852.2078422,-13000234.02693029,-339.0541183788214,-100.8269015954906,0.5786344885757067
07 Jun 2026 00:31:48.199,520308.1994061009,31198.52251427995,43268016.63006172,-145045231.6946424,-13000077.93915739,-339.1783403406173,-100.5433714882625,0.5788208659737664
07 Jun 2026 00:37:23.161,520643.1613078807,31198.52639115381,43154386.06264935,-145078862.2951241,-12999936.9294747,-339.2902406006845,-100.2874544445646,0.5789889823748056
07 Jun 2026 00:42:25.247,520945.2473170822,31198.52988751966,43051876.0019427,-145109118.592783,-12999809.59753453,-339.3910250467629,-100.0565431855967,0.5791405829278879
07 Jun 2026 00:47:02.493,521222.4930321565,31198.5330963821,42957768.48525631,-145136825.5479199,-12999692.60063448,-339.4834109627835,-99.84452611519396,0.5792797045473621
07 Jun 2026 00:51:26.144,521486.1439400353,31198.53614789724,42868251.80512742,-145163119.355296,-12999581.22045635,-339.571167992111,-99.64282238156113,0.5794119928375538
07 Jun 2026 00:55:49.256,521749.2560718558,31198.53919317654,42778895.00036266,-145189306.4117349,-12999469.95096264,-339.6586496725906,-99.44145020984458,0.579543999666744
07 Jun 2026 01:00:25.360,522025.3602723009,31198.54238882701,42685101.15891179,-145216729.568841,-12999353.06149636,-339.7503478490361,-99.23004800149303,0.5796825128556082
07 Jun 2026 01:05:32.886,522332.8855653293,31198.54594814753,42580603.64508726,-145247204.8085876,-12999222.71826266,-339.8523568987804,-98.99448351669767,0.5798367747037967
07 Jun 2026 01:11:08.196,522668.1963713723,31198.54982905964,42466628.85059442,-145280350.9824048,-12999080.41614214,-339.9634329935635,-98.73750999413977,0.5800049572003709
07 Jun 2026 01:17:00.617,523020.6174541265,31198.55390800736,42346798.02251114,-145315095.6590155,-12998930.6477103,-340.0800086435968,-98.46728270593901,0.5801817024193971
07 Jun 2026 01:23:19.243,523399.2428395897,31198.55829024562,42218011.41809573,-145352317.6469365,-12998769.50908183,-340.2050597303615,-98.17680177421991,0.5803715675403862
07 Jun 2026 01:30:21.361,523821.3612393709,31198.56317587524,42074375.21874897,-145393685.6753809,-12998589.57419425,-340.3442401514939,-97.85275665401187,0.5805832158202926
07 Jun 2026 01:38:21.266,524301.2656306615,31198.56873032422,41911004.61442959,-145440550.6015,-12998384.64036028,-340.5021718977922,-97.48409983934539,0.58082380350241
07 Jun 2026 01:47:36.385,524856.3854228589,31198.57515532181,41721934.50518751,-145494539.9250724,-12998147.10009553,-340.6844551650153,-97.05732978245901,0.5811020531861311
07 Jun 2026 01:58:26.566,525506.5658594831,31198.58268055835,41500358.87730938,-145557473.2375342,-12997868.2175107,-340.8974053220149,-96.55702318585632,0.5814278897550871
07 Jun 2026 02:11:16.451,526276.4508623863,31198.5915912644,41237810.25329289,-145631572.3831812,-12997537.06098287,-341.1487958934277,-95.96397081247835,0.581813630505629
07 Jun 2026 02:26:25.913,527185.9132740763,31198.60211744972,40927413.60607405,-145718516.8959254,-12997144.56751598,-341.4446906232138,-95.26251426316743,0.5822691858306701
07 Jun 2026 02:43:54.820,528234.8199165892,31198.6142575729,40569091.64812646,-145817999.617326,-12996690.14420831,-341.7845082686035,-94.45231537581586,0.5827944307448023
07 Jun 2026 03:03:47.479,529427.478708874,31198.6280614941,40161229.85917485,-145930083.1612886,-12996171.16028301,-342.1690111593634,-93.52953032233944,0.5833914548854151
07 Jun 2026 03:26:13.303,530773.3029001392,31198.64363816298,39700439.90154006,-146055238.1318806,-12995582.60451543,-342.6004744962959,-92.48626029295193,0.5840648906652604
07 Jun 2026 03:51:02.917,532262.9171442473,31198.66087906859,39189743.50685447,-146192126.2592806,-12994927.54584716,-343.0750347302781,-91.32908262661985,0.5848099585784514
07 Jun 2026 04:18:06.255,533886.2547716126,31198.67966769853,38632399.54675317,-146339338.0824057,-12994209.3399977,-343.5885909291681,-90.06510457679575,0.5856215340395661
07 Jun 2026 04:47:10.709,535630.7086425601,31198.69985813685,38032546.77847546,-146495243.5377782,-12993432.48803862,-344.1362528860842,-88.70343082966582,0.5864932267041456
07 Jun 2026 05:17:10.709,537430.7086424553,31198.72069147019,37412596.36608231,-146653620.3266807,-12992625.38884299,-344.6967592774198,-87.2947210171677,0.5873922099482751
07 Jun 2026 05:47:10.709,539230.7086423505,31198.74152480352,36791641.25878727,-146809458.4578286,-12991812.67699833,-345.2525768085684,-85.88227995213022,0.5882907265309973
07 Jun 2026 06:17:10.709,541030.7086425601,31198.76235813685,36169689.91724844,-146962751.2195129,-12990994.33740588,-345.8036822027632,-84.46611242590683,0.5891887826515303
07 Jun 2026 06:47:10.709,542830.7086424553,31198.78319147019,35546750.84448233,-147113491.9086533,-12990170.35525494,-346.3500520333446,-83.04622333544536,0.5900863845374495
07 Jun 2026 07:16:20.887,544580.8870702749,31198.80344816495,34940114.90196247,-147257606.8459543,-12989363.75556858,-346.8767359201377,-81.66207113506918,0.5909587124072557
07 Jun 2026 07:38:40.585,545920.5846615485,31198.81895392411,34475136.66935726,-147366283.1628809,-12988742.71103231,-347.2768394043748,-80.60018197779286,0.5916261649180055
07 Jun 2026 07:57:43.677,547063.6772251222,31198.83218416211,34077972.99500569,-147457885.287307,-12988210.31877657,-347.616124521017,-79.69250458563903,0.5921954750061418
07 Jun 2026 08:13:53.947,548033.9468582883,31198.84341413472,33740552.53782885,-147534823.5866541,-12987756.61789535,-347.9025900182593,-78.92088569545876,0.5926785745839158
07 Jun 2026 08:27:29.745,548849.7449011076,31198.8528562417,33456636.41510436,-147598933.2866141,-12987373.8673569,-348.1423633493006,-78.27127990565336,0.5930846657155371
07 Jun 2026 08:38:42.656,549522.6559674949,31198.86064456423,33222301.23665338,-147651415.1837618,-12987057.27387344,-348.339392405517,-77.73488065958605,0.5934195639948239
07 Jun 2026 08:47:57.320,550077.3204780766,31198.86706429236,33029044.81760907,-147694403.3010474,-12986795.71363237,-348.5012893842207,-77.29235110288704,0.593695568025395
07 Jun 2026 08:55:44.031,550544.0312946565,31198.87246603792,32866363.77810507,-147730384.552835,-12986575.20903478,-348.6371570404743,-76.91972204784992,0.5939277747378762
07 Jun 2026 09:02:26.501,550946.5012663859,31198.87712425518,32726024.25823039,-147761273.4594574,-12986384.74743027,-348.754060617138,-76.59818445171948,0.5941279964170103
07 Jun 2026 09:08:22.865,551302.8645862942,31198.88124883065,32601722.69008362,-147788515.7229566,-12986215.86630546,-348.8573686983278,-76.31332785564126,0.5943052633481543
07 Jun 2026 09:14:17.196,551657.1957113687,31198.88534988534,32478093.49584685,-147815501.9784621,-12986047.72589527,-348.9598983190123,-76.0299522237201,0.5944815031475954
07 Jun 2026 09:19:39.026,551979.0259848931,31198.88907477276,32365772.67335682,-147839925.9085503,-12985894.81586192,-349.052859689384,-75.77244515406824,0.5946415634345386
07 Jun 2026 09:24:31.043,552271.0429312661,31198.89245459853,32263831.02396005,-147862015.5655527,-12985755.91251997,-349.1370743904197,-75.53869065614685,0.5947867847465378
07 Jun 2026 09:29:01.515,552541.5152399219,31198.89558506506,32169388.57782017,-147882414.5809259,-12985627.12279728,-349.2149611444411,-75.32209566792751,0.5949212820779413
07 Jun 2026 09:33:22.681,552802.6809479808,31198.89860781631,32078175.79595137,-147902056.0964157,-12985502.64177809,-349.2900631634441,-75.11287441744054,0.5950511426652094
07 Jun 2026 09:37:48.180,553068.179984414,31198.90168072183,31985429.49733688,-147921967.4977668,-12985375.9716443,-349.3663057213831,-74.90010215880602,0.5951831490243433
07 Jun 2026 09:42:31.526,553351.5263487934,31198.90496019364,31886426.31093127,-147943155.0620089,-12985240.64889962,-349.4475559397305,-74.67293850296707,0.5953240192068863
07 Jun 2026 09:47:49.019,553669.0192960901,31198.90863488053,31775464.7427654,-147966819.5038451,-12985088.84930047,-349.5384535165574,-74.41829046202059,0.5954818538156876
07 Jun 2026 09:53:28.770,554008.7702092482,31198.91256718276,31656692.23408621,-147992053.392956,-12984926.20998815,-349.635554499315,-74.14566327140432,0.595650739362114
07 Jun 2026 09:59:27.197,554367.1969571617,31198.91671564049,31531355.16913258,-148018573.9557534,-12984754.40882583,-349.7378034685856,-73.85790775467035,0.5958288926359956
07 Jun 2026 10:05:56.846,554756.8464935641,31198.92122547309,31395058.37580146,-148047287.7204316,-12984567.38360391,-349.8487383694645,-73.54492005084803,0.5960225466410158
07 Jun 2026 10:13:16.910,555196.9099639216,31198.9263188003,31241075.20887797,-148079569.8841702,-12984355.83677308,-349.9737491435397,-73.1912297498157,0.5962412332715985
07 Jun 2026 10:21:39.193,555699.1931930417,31198.9321322636,31065253.50399566,-148116226.1146276,-12984113.95979256,-350.1160751836082,-72.78726309998875,0.5964908100758637
07 Jun 2026 10:31:24.403,556284.4027215731,31198.93890552203,30860313.8362591,-148158678.2568575,-12983831.58427426,-350.2814146404302,-72.31624092724519,0.5967815521642292
07 Jun 2026 10:42:54.124,556974.1239063093,31198.94688840611,30618650.31143504,-148208357.8658749,-12983497.9985773,-350.4756113637443,-71.76060087744847,0.5971241631149458
07 Jun 2026 10:56:31.487,557791.4868741296,31198.95634862564,30332090.78862987,-148266734.9441125,-12983101.58335122,-350.7048056621153,-71.10143423227424,0.5975301030233069
07 Jun 2026 11:12:26.504,558746.5036922833,31198.96740206104,29997034.43509725,-148334260.5705662,-12982636.90065455,-350.9713030424331,-70.33029717405125,0.5980043050211412
07 Jun 2026 11:30:48.662,559848.6624297802,31198.98015852791,29610039.64615926,-148411274.1131243,-12982098.60313305,-351.2771196763741,-69.43906590889472,0.598551431628483
07 Jun 2026 11:51:42.965,561102.9653820209,31198.99467592319,29169214.62293462,-148497722.8974324,-12981483.36144701,-351.6228756712269,-68.42313632052957,0.599173908022397
07 Jun 2026 12:15:09.120,562509.1196939,31199.01095085736,28674507.75108371,-148593121.3072823,-12980790.29435819,-352.0075993347792,-67.28210148473765,0.5998715231205534
07 Jun 2026 12:41:04.251,564064.2505504307,31199.02895005708,28126761.32133608,-148696756.6635669,-12980019.67982547,-352.4295100656194,-66.01758163117104,0.6006427793970044
07 Jun 2026 13:09:12.672,565752.6715783635,31199.04849196713,27531328.19207061,-148807045.8474141,-12979178.10884701,-352.8833153802137,-64.64159639421561,0.6014798255816716
07 Jun 2026 13:39:12.672,567552.6715782587,31199.06932530046,26895706.47070064,-148922062.1155355,-12978275.28679369,-353.3621944134272,-63.1711500010485,0.6023718332477814
07 Jun 2026 14:09:12.672,569352.671578154,31199.09015863379,26259227.35167276,-149034428.6877861,-12977366.63826538,-353.8359751545765,-61.69706785172541,0.6032634814848876
07 Jun 2026 14:39:12.672,571152.6715783635,31199.11099196713,25621900.03490392,-149144139.026034,-12976452.1531705,-354.3046317849948,-60.21935680226368,0.6041547769132891
07 Jun 2026 15:09:12.672,572952.6715782587,31199.13182530046,24983733.76759081,-149251186.6044957,-12975531.82172985,-354.7681383321901,-58.73802385547429,0.6050457261732285
07 Jun 2026 15:39:12.672,574752.671578154,31199.15265863379,24344737.8431505,-149355564.91023,-12974605.63447566,-355.226468670823,-57.25307616045291,0.6059363359262502
07 Jun 2026 16:03:58.090,576238.0898611271,31199.16985097503,23816799.50760945,-149439686.3735221,-12973836.89812917,-355.6007807649722,-56.02493207259151,0.6066710449803774
07 Jun 2026 16:25:14.127,577514.1271119704,31199.18461992469,23362836.04267207,-149510492.4578957,-12973173.3279563,-355.9194903921642,-54.96794576256206,0.6073020130707021
07 Jun 2026 16:43:21.494,578601.4942413429,31199.19720519239,22975674.18782665,-149569764.3844535,-12972605.53961294,-356.1889978214268,-54.065815298643,0.6078395605578675
07 Jun 2026 16:58:42.989,579522.9892160743,31199.20787064349,22647343.16988401,-149619226.3941973,-12972122.68372475,-356.4158911366783,-53.3002740959022,0.6082950169550916
07 Jun 2026 17:11:34.437,580294.4374324987,31199.21679944229,22372313.84634657,-149660091.8052546,-12971717.26451949,-356.6047769051359,-52.65866268164999,0.6086762479893044
07 Jun 2026 17:22:09.356,580929.355532059,31199.22414803141,22145849.86419757,-149693353.4594063,-12971382.78422784,-356.759505787673,-52.13010910445037,0.6089899661094988
07 Jun 2026 17:30:55.403,581455.4034120636,31199.23023654854,21958143.67503509,-149720657.4299307,-12971105.1022206,-356.8872042327135,-51.69184974925166,0.6092498613751014
07 Jun 2026 17:38:20.894,581900.8941786597,31199.23539269167,21799129.69925092,-149743599.8446122,-12970869.54963738,-356.9949933068671,-51.32046483265622,0.6094699366341749
07 Jun 2026 17:44:47.993,582287.9926815745,31199.23987299842,21660919.3871165,-149763400.7468568,-12970664.57852305,-357.0883900288083,-50.99758091933108,0.6096611505166627
07 Jun 2026 17:50:33.081,582633.0811066437,31199.24386707741,21537677.98095515,-149780947.3577812,-12970481.62196463,-357.1714436182396,-50.70959875239936,0.609831600926398
07 Jun 2026 17:56:16.073,582976.0725433007,31199.2478368857,21415157.10529387,-149798288.859945,-12970299.56224238,-357.2537987857174,-50.42323640287413,0.610001004516769
07 Jun 2026 18:01:29.057,583289.0572848148,31199.25145939429,21303330.37928785,-149814027.5235268,-12970133.24304151,-357.3287803952673,-50.16181335871381,0.6101555782180121
07 Jun 2026 18:06:14.092,583574.0922401659,31199.25475840997,21201469.47122033,-149828289.5205567,-12969981.62097096,-357.3969259069102,-49.92364167116652,0.6102963404492512
07 Jun 2026 18:10:40.740,583840.7399423537,31199.25784461023,21106161.91636607,-149841570.0318314,-12969839.64579567,-357.4605543605513,-49.7007531137854,0.6104280154759718
07 Jun 2026 18:15:01.439,584101.4386364375,31199.26086195623,21012964.3200983,-149854496.7895981,-12969700.71283021,-357.5226500013709,-49.48276157918465,0.6105567464448654
07 Jun 2026 18:19:28.707,584368.707051035,31199.26395534066,20917401.31406458,-149867690.3088985,-12969558.1500526,-357.5861941633402,-49.25919888775657,0.610688715004698
07 Jun 2026 18:24:16.450,584656.4498271444,31199.26728569686,20814498.6430017,-149881827.7353408,-12969404.52049489,-357.6544744467933,-49.01842207576107,0.6108307858323556
07 Jun 2026 18:29:40.735,584980.7349515031,31199.27103899691,20698504.16201557,-149897677.5229008,-12969231.19950338,-357.7312622315368,-48.74695825974823,0.610990890112679
07 Jun 2026 18:35:23.681,585323.6812679563,31199.27500828298,20575807.64546962,-149914343.6125576,-12969047.69591361,-357.8122797268175,-48.45974707010568,0.6111601972957614
07 Jun 2026 18:41:27.984,585687.9836962558,31199.27922474627,20445440.11893665,-149931939.6409328,-12968852.53002005,-357.898129260989,-48.15450892780639,0.6113400359964394
07 Jun 2026 18:48:07.833,586087.8325298312,31199.28385262629,20302316.17304692,-149951124.5641457,-12968638.04218135,-357.9921024698006,-47.81931966648604,0.6115374085002154
07 Jun 2026 18:55:40.673,586540.6734831864,31199.28909384103,20140178.65045316,-149972690.2035113,-12968394.77569646,-358.0982098902415,-47.43949564100005,0.6117609215613837
07 Jun 2026 19:04:21.976,587061.9756684406,31199.29512743113,19953469.52311143,-149997303.1614074,-12968114.26807173,-358.2199372863572,-47.00197055361917,0.6120182030792851
07 Jun 2026 19:14:31.402,587671.4024039917,31199.30218098131,19735117.49715288,-150025787.6191399,-12967785.71202579,-358.3616694925943,-46.49010532975786,0.6123189467850869
07 Jun 2026 19:26:32.923,588392.9232150782,31199.31053191663,19476491.79488615,-150059107.9164787,-12967395.84592972,-358.5286713354001,-45.8835647446873,0.6126749652576877
07 Jun 2026 19:40:47.474,589247.4737838842,31199.32042254821,19170026.79638061,-150098005.2924792,-12966932.86730639,-358.7253401233195,-45.16445660358882,0.613096565824101
07 Jun 2026 19:57:25.901,590245.9011934348,31199.33197842101,18811751.50819727,-150142672.8543055,-12966390.2467875,-358.9535736061471,-44.32326401963566,0.613589069961993
07 Jun 2026 20:16:42.617,591402.6172435144,31199.34536633825,18396392.21345412,-150193371.1637705,-12965759.31870516,-359.2158995765078,-43.34734948992108,0.6141595491464222
07 Jun 2026 20:38:34.414,592714.4135003211,31199.3605491653,17924980.4844735,-150249499.6232103,-12965040.83677141,-359.5106701520778,-42.23882965592074,0.6148063772089278
07 Jun 2026 21:02:56.326,594176.3263196102,31199.37746945256,17399169.16906187,-150310336.5882656,-12964236.41830882,-359.8357477385146,-41.00124924058275,0.6155270597910887
07 Jun 2026 21:29:45.467,595785.4667799664,31199.39609376344,16819857.80273042,-150375206.8555222,-12963346.45502669,-360.1893717783778,-39.63635046806191,0.6163201236906048
07 Jun 2026 21:58:46.831,597526.8312779604,31199.41624844513,16192307.2012959,-150442930.7738682,-12962378.00709419,-360.5670818252013,-38.15613693584449,0.6171781260687546
07 Jun 2026 22:28:46.831,599326.8312778557,31199.43708177847,15542939.1465788,-150510223.1675892,-12961371.09312614,-360.9520520875577,-36.62263757884961,0.6180647765366121
07 Jun 2026 22:58:46.831,601126.8312780652,31199.4579151118,14892883.15999048,-150574752.4990236,-12960358.2211836,-361.3314458328449,-35.08564688280931,0.6189511871087563
07 Jun 2026 23:28:46.831,602926.8312779604,31199.47874844513,14242149.30500724,-150636512.4924338,-12959339.38683416,-361.7052345562419,-33.54517466274723,0.6198373646975968
07 Jun 2026 23:58:46.831,604726.8312778557,31199.49958177847,13590747.69620726,-150695496.8899454,-12958314.58597458,-362.0733896039397,-32.00123092644517,0.6207233162276267
08 Jun 2026 00:28:18.273,606498.2733595767,31199.52008458034,12949038.83311762,-150750829.5191634,-12957300.21517032,-362.4301753993744,-30.47840321827968,0.6215949977121689
08 Jun 2026 00:51:46.380,607906.3802084536,31199.53638211331,12438501.10477098,-150792887.0766504,-12956489.77178933,-362.7098512799502,-29.26553328862175,0.6222877441952854
08 Jun 2026 01:11:53.847,609113.8474910636,31199.55035742908,12000397.45762738,-150827590.8520078,-12955791.89497843,-362.9468922387188,-28.22380568972213,0.6228816810690236
08 Jun 2026 01:29:02.776,610142.7760870778,31199.56226632487,11626847.99039739,-150856170.1043383,-12955195.08488829,-363.1468482297973,-27.33489001970259,0.6233877252936859
08 Jun 2026 01:43:34.104,611014.1038707574,31199.57235113718,11310354.82370235,-150879656.3505308,-12954688.16021527,-363.3147079903242,-26.58125305628746,0.6238162081190428
08 Jun 2026 01:55:39.867,611739.8668843671,31199.58075117206,11046624.02683892,-150898717.5209711,-12954264.85299767,-363.4534940198657,-25.95290679499445,0.6241730733522683
08 Jun 2026 02:05:37.440,612337.4396979692,31199.58766752407,10829400.1355896,-150914069.5419776,-12953915.58377397,-363.5670617230259,-25.4351268406579,0.6244668826770201
08 Jun 2026 02:13:55.645,612835.6452233973,31199.59343379172,10648245.5338609,-150926632.1970366,-12953623.88870689,-363.6612574418541,-25.0031580321124,0.6247118199788908
08 Jun 2026 02:21:00.818,613260.8183648321,31199.59835477716,10493609.50847601,-150937183.0580049,-12953374.59098076,-363.7412939152586,-24.63430513017818,0.6249208403261748
08 Jun 2026 02:27:13.299,613633.2986590918,31199.60266589167,10358110.02755375,-150946297.4325084,-12953155.91503775,-363.8111452880502,-24.31100879434442,0.6251039476850244
08 Jun 2026 02:33:23.922,614003.9216280682,31199.60695550937,10223260.41915324,-150955246.8262665,-12952938.07516029,-363.8804015425435,-23.98917969462312,0.6252861341539746
08 Jun 2026 02:38:58.207,614338.2073230576,31199.61082455677,10101609.99521107,-150963216.4710801,-12952741.37550487,-363.9426562649397,-23.698780092092,0.6254504517096491
08 Jun 2026 02:43:59.581,614639.5805199165,31199.61431267247,9991918.998016421,-150970318.2401767,-12952563.86521837,-363.9986096075382,-23.43687151246149,0.6255985858039252
08 Jun 2026 02:48:35.877,614915.8767666318,31199.6175105457,9891340.478371032,-150976759.7221934,-12952400.97795936,-364.0497636909669,-23.19667229036674,0.6257343893614709
08 Jun 2026 02:52:58.297,615178.2965129125,31199.62054781128,9795800.270896863,-150982816.2401369,-12952246.14085158,-364.0982214992531,-22.9684624881784,0.6258633685001034
08 Jun 2026 02:57:19.894,615439.894117706,31199.62357556133,9700546.743329188,-150988794.1764415,-12952091.66221315,-364.1464041064891,-22.74089576605157,0.6259919397771019
08 Jun 2026 03:01:53.919,615713.9192517148,31199.62674714853,9600754.576042451,-150994992.2602331,-12951929.70928703,-364.1967434801595,-22.50244126740697,0.6261266149736644
08 Jun 2026 03:06:58.017,616018.0173995323,31199.63026680302,9489994.546726912,-151001794.0597211,-12951749.82035527,-364.2524488846713,-22.2377253743357,0.6262760653717305
08 Jun 2026 03:12:31.697,616351.6974047874,31199.63412884012,9368440.616140386,-151009164.8878606,-12951552.23570465,-364.3133811486674,-21.94714720653466,0.6264400481470029
08 Jun 2026 03:18:18.200,616698.2004988706,31199.6381392926,9242193.97067569,-151016716.3435472,-12951346.84027191,-364.3764421491609,-21.64527900793273,0.626610326333614
08 Jun 2026 03:24:34.836,617074.8363611405,31199.64249850397,9104943.865381658,-151024805.8443842,-12951123.33150687,-364.4447408766563,-21.31701719440534,0.6267954050738136
08 Jun 2026 03:31:35.754,617495.7538288669,31199.64737023392,8951526.696567226,-151033700.1295361,-12950873.23432775,-364.5207657763951,-20.94998577963037,0.6270022349095832
08 Jun 2026 03:39:34.917,617974.9168328592,31199.65291610202,8776841.173942454,-151043637.1217175,-12950588.13080071,-364.6069200428981,-20.5319402953928,0.6272376740685011
08 Jun 2026 03:48:48.926,618528.9263932616,31199.65932824971,8574817.979632629,-151054876.5638331,-12950257.96441678,-364.7060125044766,-20.0482964398908,0.627509874647791
08 Jun 2026 03:59:40.817,619180.816883035,31199.66687327853,8337031.784322349,-151067758.5451348,-12949868.73866686,-364.821897971007,-19.47879412156646,0.6278301468195007
08 Jun 2026 04:12:35.766,619955.7660092949,31199.67584259712,8054260.313601955,-151082589.1453278,-12949405.01614633,-364.9586526464955,-18.80121041681524,0.6282108495889143
08 Jun 2026 04:27:50.213,620870.2132055419,31199.6864264767,7720451.642161428,-151099413.7509385,-12948856.39146186,-365.1186148001062,-18.00085275927231,0.6286600442858246
08 Jun 2026 04:45:36.630,621936.6297406959,31199.69876926067,7330984.491672468,-151118109.5197296,-12948214.6399774,-365.3032280656102,-17.06639057793187,0.6291838383921742
08 Jun 2026 05:05:48.688,623148.6876699259,31199.71279770893,6888089.91995505,-151138147.9508358,-12947482.6913351,-365.5105200341914,-16.00287916817774,0.6297791026414719
08 Jun 2026 05:28:47.344,624527.344378992,31199.7287543838,6384015.720721853,-151159372.6921294,-12946646.83401662,-365.7430158117987,-14.791343413301,0.6304561053997009
08 Jun 2026 05:54:26.072,626066.0719738109,31199.74656373097,5821039.837625307,-151181087.859338,-12945709.77885537,-365.9983563427569,-13.43683033064833,0.6312116141112507
08 Jun 2026 06:22:28.608,627748.6078291666,31199.76603752559,5205003.088891829,-151202445.0366268,-12944680.13757333,-366.2725291276322,-11.95294533907668,0.6320376182577643
08 Jun 2026 06:52:28.608,629548.6078290618,31199.78687085892,4545452.9077367,-151222526.5520323,-12943572.81952172,-366.5599958194333,-10.36226092798402,0.6329211635458354
08 Jun 2026 07:22:28.608,631348.607828957,31199.80770419225,3885390.749035844,-151239742.2413773,-12942459.51324881,-366.841388054274,-8.768277549347017,0.633804586176127
08 Jun 2026 07:52:28.608,633148.6078291666,31199.82853752559,3224827.574384927,-151254086.1783248,-12941340.21994834,-367.1166749164856,-7.171008660405509,0.6346878931825652
08 Jun 2026 08:22:28.608,634948.6078290618,31199.84937085892,2563774.401495839,-151265552.4609621,-12940214.94115447,-367.3858253548235,-5.570467963246688,0.6355710916007764
08 Jun 2026 08:52:28.608,636748.607828957,31199.87020419225,1902242.304093983,-151274135.2122551,-12939083.67874169,-367.6488081837863,-3.966669407084821,0.6364541884679522
08 Jun 2026 09:18:00.733,638280.7326954324,31199.88793711895,1338790.108855814,-151279164.5265129,-12938116.05774503,-367.8677714722064,-2.598991318498192,0.6372057885483424
08 Jun 2026 09:40:08.059,639608.0585545627,31199.90329968676,850385.8544874233,-151281826.4456211,-12937274.27637684,-368.0538201876353,-1.412237663116525,0.6378568703019527
08 Jun 2026 09:59:03.166,640743.166293588,31199.91643750781,432516.1078806832,-151282852.6515315,-12936551.82019086,-368.2102310811222,-0.395955594382235,0.6384136288995264
08 Jun 2026 10:15:09.919,641709.9187627318,31199.9276267725,76484.37032534927,-151282816.623225,-12935934.64247443,-368.3414781794431,0.4706021392958579,0.638887786172037
08 Jun 2026 10:28:45.567,642525.5671690917,31199.93706714758,-223997.4417515928,-151282134.4296588,-12935412.58984086,-368.4508011970679,1.202435063638389,0.6392878154473238
08 Jun 2026 10:40:01.834,643201.8337949412,31199.9448943076,-473198.7891420322,-151281116.0633501,-12934978.81812822,-368.5404617626196,1.809706720713623,0.6396194746388661
08 Jun 2026 10:49:20.364,643760.3637193912,31199.95135877432,-679060.1858099988,-151279965.2768092,-12934619.92975305,-368.6138408528153,2.311593186379041,0.6398933852217603
08 Jun 2026 10:57:09.767,644229.7674343223,31199.95679168768,-852103.2724427562,-151278781.3025199,-12934317.86570609,-368.6750399091431,2.733629450817641,0.6401235821087559
08 Jun 2026 11:03:54.165,644634.1648378875,31199.96147221319,-1001205.102999185,-151277602.4241641,-12934057.3081259,-368.7274185033769,3.097392704079157,0.6403218961564727
08 Jun 2026 11:09:51.697,644991.697028128,31199.96561031724,-1133045.262637557,-151276437.6346725,-12933826.69542573,-368.773460575664,3.419133420281121,0.6404972251063912
08 Jun 2026 11:15:47.373,645347.3726238823,31199.96972693293,-1264217.091608181,-151275164.7480058,-12933597.04666632,-368.819015214154,3.739327705894651,0.6406716411693283
08 Jun 2026 11:21:10.277,645670.2769011492,31199.97346425096,-1383316.977218928,-151273910.5086825,-12933388.35559487,-368.8601578041519,4.030127130138368,0.6408299847850787
08 Jun 2026 11:26:03.053,645963.0534748896,31199.97685286871,-1491316.029369486,-151272692.1223827,-12933198.96993215,-368.8972848924168,4.293882476208661,0.6409735529212581
08 Jun 2026 11:30:33.779,646233.7786139105,31199.97998626152,-1591190.428179762,-151271496.785166,-12933023.70805179,-368.9314658754418,4.537846776418953,0.6411063063715592
08 Jun 2026 11:34:54.429,646494.4287051097,31199.98300304498,-1687356.722432653,-151270283.5254629,-12932854.84107313,-368.9642387445126,4.772799575110222,0.6412341181686378
08 Jun 2026 11:39:17.596,646757.5960908551,31199.9860489638,-1784460.415753902,-151268996.4170342,-12932684.21635451,-368.9971925982073,5.010088763429206,0.6413631631406411
08 Jun 2026 11:43:57.148,647037.1482436429,31199.98928452113,-1887619.250859786,-151267560.7723206,-12932502.82895259,-369.0320488820563,5.26222553075809,0.6415002411393593
08 Jun 2026 11:46:33.301,647193.3005006053,31199.99109183891,-1945245.953723537,-151266728.1684779,-12932401.44696666,-369.0514519240575,5.403097256729883,0.6415768096038259
