CislunarSat.UTCGregorian,CislunarSat.ElapsedSecs,CislunarSat.A1ModJulian,Sun.EarthMJ2000Eq.X,Sun.EarthMJ2000Eq.Y,Sun.EarthMJ2000Eq.Z,Sun.EarthMJ2000Eq.VX,Sun.EarthMJ2000Eq.VY,Sun.EarthMJ2000Eq.VZ
01 Jun 2026 00:00:00.000,0,31192.50042863868,51444953.81855856,130913560.0915522,56747868.70612235,-27.52813431910512,9.36975240796837,4.062052922503068
01 Jun 2026 00:01:00.000,59.99999988125637,31192.50112308312,51443302.12699249,130914122.2677789,56748112.425437,-27.52825132494754,9.369455186726542,4.061924248549613
01 Jun 2026 00:03:12.977,192.9773640003987,31192.50266217298,51439641.47545137,130915368.1494347,56748652.55045557,-27.52851063107644,9.368796454398534,4.061639068057986
01 Jun 2026 00:05:31.271,331.2713288585655,31192.50426279757,51435834.42993217,130916663.7500686,56749214.23011691,-27.52878028604957,9.368111379228973,4.0613424831055
01 Jun 2026 00:07:51.762,471.7620112700388,31192.50588884714,51431966.87356208,130917979.8335411,56749784.78972907,-27.52905420497907,9.36741541588191,4.061041184372312
01 Jun 2026 00:10:47.242,647.2417735378258,31192.50791986291,51427136.05165752,130919623.5490991,56750497.38725064,-27.52939631577712,9.366546114755408,4.060664843628842
01 Jun 2026 00:13:28.226,808.2256864872761,31192.50978310264,51422704.23645687,130921131.3481513,56751151.06117605,-27.52971013907794,9.365748615427128,4.060319587509778
01 Jun 2026 00:16:13.470,973.469702876173,31192.51169564913,51418155.08997044,130922678.9144337,56751821.97541162,-27.53003224042019,9.364930003460312,4.059965191186074
01 Jun 2026 00:19:16.509,1156.509349518456,31192.51381416355,51413115.96994618,130924392.9849241,56752565.07407803,-27.53038899833345,9.364023222652383,4.059572624444233
01 Jun 2026 00:22:47.231,1367.230694170576,31192.51625306801,51407314.68608835,130926366.0745001,56753420.4650634,-27.53079966893833,9.362979293294435,4.059120682792669
01 Jun 2026 00:26:54.270,1614.270219672471,31192.51911232177,51400513.43094712,130928678.9492873,56754423.16286373,-27.5312810634368,9.361755423151601,4.058590840425301
01 Jun 2026 00:31:41.530,1901.529652811587,31192.52243708373,51392604.7303647,130931367.9974374,56755588.94287569,-27.53184075676671,9.360332273521619,4.057974725107163
01 Jun 2026 00:37:14.064,2234.063729422633,31192.52628585777,51383449.34740975,130934480.3529655,56756938.2391668,-27.53248856090083,9.358684790418179,4.057261490302952
01 Jun 2026 00:43:44.694,2624.693727213889,31192.5308070383,51372694.18286424,130938135.7579796,56758522.96356636,-27.53324940114286,9.356749436589693,4.056423629120848
01 Jun 2026 00:51:33.355,3093.354889028706,31192.5362313573,51359790.20434704,130942520.3589242,56760423.81621573,-27.5341620257125,9.354427418501803,4.055418371314016
01 Jun 2026 01:01:01.958,3661.957782693207,31192.54281240931,51344133.88542203,130947838.512471,56762729.39208508,-27.53526897550596,9.351610138579927,4.054198702126648
01 Jun 2026 01:12:10.057,4330.057120753918,31192.55054504054,51325737.1560855,130954085.2111849,56765437.52081358,-27.53656921556055,9.348299749624431,4.052765553237483
01 Jun 2026 01:24:55.614,5095.614430122077,31192.55940565754,51304655.76412096,130961240.4183419,56768539.51647901,-27.53805858375402,9.344506290132092,4.0511232701837
01 Jun 2026 01:39:30.649,5970.649442612194,31192.56953337759,51280558.25412983,130969415.2913897,56772083.56986484,-27.53976022799048,9.340170125296327,4.049246035114363
01 Jun 2026 01:56:16.622,6976.621897111181,31192.5811765773,51252853.03035385,130978808.7377365,56776155.91426844,-27.54171556566041,9.335184813125231,4.04708776599215
01 Jun 2026 02:15:38.735,8138.73460998293,31192.59462695592,51220845.14065495,130989653.928132,56780857.63760193,-27.54397315241758,9.329425318377123,4.044594331010655
01 Jun 2026 02:40:02.206,9602.205773955211,31192.61156527958,51180533.25101288,131003301.9653859,56786774.48694225,-27.5468142762501,9.322171670633793,4.041454034629075
01 Jun 2026 03:09:01.008,11341.00830039242,31192.63169030882,51132631.84793576,131019503.8876356,56793798.53333141,-27.55018716513249,9.313552476975746,4.037722551758242
01 Jun 2026 03:39:01.008,13141.00830028765,31192.65252364215,51083038.37097348,131036260.2510465,56801062.95706134,-27.55367561488668,9.304628928654022,4.033859299162635
01 Jun 2026 04:09:01.008,14941.0083004972,31192.67335697549,51033438.61766718,131053000.5511604,56808320.42653677,-27.5571608614449,9.295704362758666,4.029995599507595
01 Jun 2026 04:39:01.008,16741.00830039242,31192.69419030882,50983832.59381741,131069724.7861342,56815570.94094799,-27.56064290462174,9.286778779596887,4.026131452840803
01 Jun 2026 05:09:01.008,18541.00830028765,31192.71502364215,50934220.30516444,131086432.954146,56822814.49949418,-27.56412174423349,9.277852179464622,4.02226685920516
01 Jun 2026 05:39:01.008,20341.0083004972,31192.73585697549,50884601.75748353,131103125.0533625,56830051.1013696,-27.56759738009142,9.268924562663686,4.018401818646205
01 Jun 2026 06:09:01.008,22141.00830039242,31192.75669030882,50834976.95654158,131119801.081954,56837280.74576981,-27.57106981200483,9.259995929493988,4.014536331208738
01 Jun 2026 06:39:01.008,23941.00830028765,31192.77752364215,50785345.90811457,131136461.0380884,56844503.43188923,-27.57453903977987,9.251066280256655,4.010670396938186
01 Jun 2026 07:09:01.008,25741.0083004972,31192.79835697549,50735708.61795276,131153104.9199428,56851719.15892609,-27.57800506322193,9.242135615247797,4.006804015877893
01 Jun 2026 07:39:01.008,27541.00830039242,31192.81919030882,50686065.0918328,131169732.7256863,56858927.92607498,-27.581467882132,9.233203934767864,4.002937188073187
01 Jun 2026 08:09:01.008,29341.00830028765,31192.84002364215,50636415.33553171,131186344.4534882,56866129.73253052,-27.58492749630853,9.224271239116995,3.999069913569345
01 Jun 2026 08:39:01.008,31141.0083004972,31192.86085697549,50586759.35479218,131202940.1015304,56873324.57749249,-27.5883839055498,9.215337528588757,3.995202192408905
01 Jun 2026 09:09:01.008,32941.00830039242,31192.88169030882,50537097.15541794,131219519.6679747,56880512.46015189,-27.59183710964733,9.206402803487331,3.99133402463909
01 Jun 2026 09:39:01.008,34741.00830028765,31192.90252364215,50487428.74315245,131236083.1510038,56887693.37970864,-27.59528710839427,9.197467064105661,3.98746541030236
01 Jun 2026 10:09:01.008,36541.0083004972,31192.92335697549,50437754.12377419,131252630.5487894,56894867.33535772,-27.59873390157883,9.188530310742641,3.983596349443845
01 Jun 2026 10:39:01.008,38341.00830039242,31192.94419030882,50388073.30306204,131269161.8595037,56902034.32629416,-27.60217748898664,9.179592543696854,3.979726842108645
01 Jun 2026 11:09:01.008,40141.00830028765,31192.96502364215,50338386.28676924,131285677.0813281,56909194.35171686,-27.60561787040259,9.170653763261926,3.975856888339806
01 Jun 2026 11:39:01.008,41941.0083004972,31192.98585697549,50288693.08067545,131302176.2124359,56916347.41082102,-27.60905504560721,9.161713969735867,3.971986488182374
01 Jun 2026 12:09:01.008,43741.00830039242,31193.00669030882,50238993.69055206,131318659.2510038,56923493.50280318,-27.61248901437909,9.152773163414855,3.968115641680704
01 Jun 2026 12:39:01.008,45541.00830028765,31193.02752364215,50189288.12217951,131335126.1952061,56930632.62685872,-27.61591977649365,9.143831344596343,3.964244348879803
01 Jun 2026 13:09:01.008,47341.0083004972,31193.04835697549,50139576.38130396,131351577.0432293,56937764.78218807,-27.61934733172617,9.134888513571285,3.960372609821965
01 Jun 2026 13:39:01.008,49141.00830039242,31193.06919030882,50089858.47373272,131368011.7932402,56944889.96798303,-27.62277167984519,9.125944670641294,3.956500424554197
01 Jun 2026 14:09:01.008,50941.00830028765,31193.09002364215,50040134.40522143,131384430.4434233,56952008.18344297,-27.6261928206203,9.116999816098355,3.952627793119447
01 Jun 2026 14:39:01.008,52741.0083004972,31193.11085697549,49990404.18152618,131400832.9919637,56959119.42776728,-27.62961075381853,9.108053950234201,3.94875471556065
01 Jun 2026 15:09:01.008,54541.00830039242,31193.13169030882,49940667.80845555,131417219.4370299,56966223.70014802,-27.6330254792008,9.099107073349694,3.944881191924801
01 Jun 2026 15:39:01.008,56341.00830028765,31193.15252364215,49890925.29175774,131433589.7768108,56973320.99978603,-27.63643699652965,9.090159185734512,3.941007222254155
01 Jun 2026 16:09:01.008,58141.0083004972,31193.17335697549,49841176.63721617,131449944.0094846,56980411.32587724,-27.63984530556272,9.08121028768435,3.937132806593675
01 Jun 2026 16:39:01.008,59941.00830039242,31193.19419030882,49791421.85060601,131466282.1332328,56987494.67761891,-27.6432504060557,9.072260379493111,3.933257944987657
01 Jun 2026 17:09:01.008,61741.00830028765,31193.21502364215,49741660.93771151,131482604.1462345,56994571.05420712,-27.64665229776114,9.063309461456031,3.929382637481075
01 Jun 2026 17:39:01.008,63541.0083004972,31193.23585697549,49691893.90428265,131498910.0466807,57001640.45484302,-27.65005098043144,9.054357533861877,3.92550688411621
01 Jun 2026 18:09:01.008,65341.00830039242,31193.25669030882,49642120.75613071,131515199.8327432,57008702.87871917,-27.65344645381232,9.045404597010137,3.921630684940091
01 Jun 2026 18:39:01.008,67141.00830028765,31193.27752364215,49592341.49901522,131531473.5026113,57015758.3250356,-27.65683871765052,9.036450651190714,3.917754039995705
01 Jun 2026 19:09:01.008,68941.0083004972,31193.29835697549,49542556.13869622,131547731.0544747,57022806.79299244,-27.66022777169027,9.027495696693306,3.913876949326052
01 Jun 2026 19:39:01.008,70741.00830039242,31193.31919030882,49492764.68098636,131563972.4865068,57029848.28178249,-27.66361361566969,9.018539733816782,3.909999412978221
01 Jun 2026 20:09:01.008,72541.00830028765,31193.34002364215,49442967.13163789,131580197.7969012,57036882.79060727,-27.66699624932853,9.009582762848881,3.906121430994577
01 Jun 2026 20:39:01.008,74341.0083004972,31193.36085697549,49393163.49643832,131596406.9838408,57043910.31866344,-27.67037567240169,9.000624784083401,3.902243003420229
01 Jun 2026 21:09:01.008,76141.00830039242,31193.38169030882,49343353.78116694,131612600.0455119,57050930.86514898,-27.67375188462209,8.991665797812392,3.898364130299631
01 Jun 2026 21:39:01.008,77941.00830028765,31193.40252364215,49293537.99161225,131628776.9800983,57057944.42926072,-27.67712488571957,8.982705804329282,3.894484811677946
01 Jun 2026 22:09:01.008,79741.0083004972,31193.42335697549,49243716.13353708,131644937.7857929,57064951.01019926,-27.6804946754232,8.973744803922642,3.890605047598341
01 Jun 2026 22:39:01.008,81541.00830039242,31193.44419030882,49193888.21273093,131661082.4607809,57071950.60716157,-27.68386125345781,8.964782796885551,3.886724838106048
01 Jun 2026 23:09:01.008,83341.00830028765,31193.46502364215,49144054.23498371,131677211.0032476,57078943.21934474,-27.68722461954568,8.955819783510929,3.882844183246343
01 Jun 2026 23:39:01.008,85141.0083004972,31193.48585697549,49094214.2060511,131693323.4113904,57085928.8459508,-27.69058477340893,8.946855764085273,3.878963083061827
02 Jun 2026 00:09:01.008,86941.00830039242,31193.50669030882,49044368.13175016,131709419.6833874,57092907.48617335,-27.69394171476309,8.937890738905875,3.875081537599892
02 Jun 2026 00:39:01.008,88741.00830028765,31193.52752364215,48994516.01783755,131725499.8174369,57099879.13921456,-27.69729544332527,8.928924708258917,3.871199546903229
02 Jun 2026 01:09:01.008,90541.0083004972,31193.54835697549,48944657.87010525,131741563.8117265,57106843.80427185,-27.70064595880773,8.919957672436706,3.86731711101729
02 Jun 2026 01:39:01.008,92341.00830039242,31193.56919030882,48894793.69434579,131757611.6644444,57113801.48054267,-27.70399326092023,8.910989631731386,3.863434229987578
02 Jun 2026 02:09:01.008,94141.00830028765,31193.59002364215,48844923.49632606,131773643.3737877,57120752.16722828,-27.70733734937181,8.902020586430279,3.859550903857614
02 Jun 2026 02:39:01.008,95941.0083004972,31193.61085697549,48795047.28183965,131789658.9379455,57127695.8635263,-27.7106782238672,8.89305053682526,3.855667132673009
02 Jun 2026 03:09:01.008,97741.00830039242,31193.63169030882,48745165.05667192,131805658.3551104,57134632.56863567,-27.71401588410928,8.884079483206513,3.851782916478753
02 Jun 2026 03:39:01.008,99541.00830028765,31193.65252364215,48695276.82661753,131821641.6234726,57141562.2817542,-27.7173503297978,8.875107425865661,3.847898255320574
02 Jun 2026 04:09:01.008,101341.0083004972,31193.67335697549,48645382.5974455,131837608.7412312,57148485.00208343,-27.72068156063181,8.866134365089499,3.844013149242228
02 Jun 2026 04:39:01.008,103141.0083003924,31193.69419030882,48595482.37495159,131853559.7065776,57155400.72882132,-27.72400957630609,8.857160301169412,3.840127598289568
02 Jun 2026 05:09:01.008,104941.0083002876,31193.71502364215,48545576.16493203,131869494.5177035,57162309.46116595,-27.72733437651295,8.848185234396665,3.836241602508515
02 Jun 2026 05:39:01.008,106741.0083004972,31193.73585697549,48495663.97314885,131885413.1728125,57169211.19832028,-27.73065596094452,8.839209165056145,3.832355161942345
02 Jun 2026 06:09:01.008,108541.0083003924,31193.75669030882,48445745.80542553,131901315.670089,57176105.9394789,-27.7339743292864,8.830232093443609,3.828468276639153
02 Jun 2026 06:39:01.008,110341.0083002876,31193.77752364215,48395821.66752521,131917202.0077375,57182993.68384495,-27.73728948122574,8.821254019843732,3.824580946642356
02 Jun 2026 07:09:01.008,112141.0083004972,31193.79835697549,48345891.5652464,131933072.183952,57189874.43061681,-27.74060141644494,8.812274944547367,3.820693171998162
02 Jun 2026 07:39:01.008,113941.0083003924,31193.81919030882,48295955.50438821,131948926.1969269,57196748.17899298,-27.74391013462384,8.803294867845272,3.816804952752857
02 Jun 2026 08:09:01.008,115741.0083002876,31193.84002364215,48246013.49072415,131964764.0448654,57203614.92817559,-27.74721563544163,8.794313790023406,3.812916288950765
02 Jun 2026 08:39:01.008,117541.0083004972,31193.86085697549,48196065.53005449,131980585.7259631,57210474.6773633,-27.75051791857321,8.785331711372349,3.809027180638331
02 Jun 2026 09:09:01.008,119341.0083003924,31193.88169030882,48146111.62817135,131996391.2384187,57217327.42575601,-27.75381698369165,8.776348632181032,3.805137627861403
02 Jun 2026 09:39:01.008,121141.0083002876,31193.90252364215,48096151.79087619,132012180.5804287,57224173.17255256,-27.75711283046692,8.767364552739874,3.801247630666591
02 Jun 2026 10:09:01.008,122941.0083004972,31193.92335697549,48046186.02393614,132027953.7502012,57231011.9169566,-27.76040545856885,8.758379473332937,3.797357189097877
02 Jun 2026 10:39:01.008,124741.0083003924,31193.94419030882,47996214.33318002,132043710.7459255,57237843.65816353,-27.76369486766076,8.749393394255202,3.793466303204087
02 Jun 2026 11:09:01.008,126541.0083002876,31193.96502364215,47946236.7243849,132059451.565808,57244668.395376,-27.76698105740698,8.740406315792164,3.789574973030057
02 Jun 2026 11:39:01.008,128341.0083004972,31193.98585697549,47896253.20332844,132075176.2080556,57251486.12779672,-27.77026402746934,8.731418238229251,3.78568319862072
02 Jun 2026 12:09:01.008,130141.0083003924,31194.00669030882,47846263.7758413,132090884.6708591,57258296.85462135,-27.77354377750377,8.722429161861243,3.781790980025177
02 Jun 2026 12:39:01.008,131941.0083002876,31194.02752364215,47796268.44769365,132106576.9524291,57265100.57505397,-27.77682030716778,8.713439086971883,3.777898317287868
02 Jun 2026 13:09:01.008,133741.0083004972,31194.04835697549,47746267.22469121,132122253.0509659,57271897.28829397,-27.7800936161141,8.704448013851133,3.774005210456051
02 Jun 2026 13:39:01.008,135541.0083003924,31194.06919030882,47696260.1126403,132137912.9646702,57278686.99354083,-27.78336370399301,8.6954559427889,3.770111659577081
02 Jun 2026 14:09:01.008,137341.0083002876,31194.09002364215,47646247.11732171,132153556.6917514,57285469.6899977,-27.78663057045404,8.686462874070338,3.766217664696375
02 Jun 2026 14:39:01.008,139141.0083004972,31194.11085697549,47596228.24454302,132169184.2304112,57292245.37686422,-27.78989421514258,8.677468807985266,3.762323225861492
02 Jun 2026 15:09:01.008,140941.0083003924,31194.13169030882,47546203.50010376,132184795.5788546,57299014.0533413,-27.7931546377021,8.668473744821883,3.758428343119417
02 Jun 2026 15:39:01.008,142741.0083002876,31194.15252364215,47496172.88981281,132200390.7352845,57305775.71862879,-27.79641183777308,8.65947768486993,3.754533016517918
02 Jun 2026 16:09:01.008,144541.0083004972,31194.17335697549,47446136.41944478,132215969.697915,57312530.37193133,-27.79966581499581,8.650480628412822,3.750637246102152
02 Jun 2026 16:39:01.008,146341.0083003924,31194.19419030882,47396094.09483606,132231532.4649418,57319278.01244536,-27.80291656900417,8.641482575744934,3.746741031922146
02 Jun 2026 17:09:01.008,148141.0083002876,31194.21502364215,47346045.9217713,132247079.0345774,57326018.63937452,-27.80616409943297,8.632483527151196,3.742844374023954
02 Jun 2026 17:39:01.008,149941.0083004972,31194.23585697549,47295991.90603579,132262609.4050349,57332752.25192251,-27.80940840591459,8.623483482916496,3.738947272453745
02 Jun 2026 18:09:01.008,151741.0083003924,31194.25669030882,47245932.05346791,132278123.5745115,57339478.84928604,-27.81264948807558,8.614482443335136,3.735049727261882
02 Jun 2026 18:39:01.008,153541.0083002876,31194.27752364215,47195866.36984558,132293621.5412239,57346198.4306702,-27.81588734554399,8.60548040869039,3.731151738494081
02 Jun 2026 19:09:01.008,155341.0083004972,31194.29835697549,47145794.86098231,132309103.3033787,57352910.99527539,-27.81912197794317,8.596477379271803,3.727253306198894
02 Jun 2026 19:39:01.008,157141.0083003924,31194.31919030882,47095717.53269231,132324568.8591827,57359616.54230213,-27.82235338489405,8.587473355368907,3.723354430424993
02 Jun 2026 20:09:01.008,158941.0083002876,31194.34002364215,47045634.39076425,132340018.2068516,57366315.07095457,-27.82558156601679,8.578468337266489,3.719455111219129
02 Jun 2026 20:39:01.008,160741.0083004972,31194.36085697549,46995545.4410137,132355451.3445933,57373006.58043338,-27.82880652092743,8.569462325254053,3.715555348630209
02 Jun 2026 21:09:01.008,162541.0083003924,31194.38169030882,46945450.6892482,132370868.2706191,57379691.06994052,-27.83202824924014,8.560455319619523,3.711655142706588
02 Jun 2026 21:39:01.008,164341.0083002876,31194.40252364215,46895350.1412847,132386268.9831381,57386368.53867687,-27.83524675056609,8.551447320652382,3.707754493497422
02 Jun 2026 22:09:01.008,166141.0083004972,31194.42335697549,46845243.80291466,132401653.4803678,57393038.9858469,-27.83846202451571,8.542438328637395,3.703853401049949
02 Jun 2026 22:39:01.008,167941.0083003924,31194.44419030882,46795131.67995644,132417021.7605184,57399702.41065163,-27.84167407069531,8.533428343864044,3.699951865413575
02 Jun 2026 23:09:01.008,169741.0083002876,31194.46502364215,46745013.77822915,132432373.8218004,57406358.81229223,-27.84488288870876,8.524417366621806,3.696049886637835
02 Jun 2026 23:39:01.008,171541.0083004972,31194.48585697549,46694890.10351758,132447709.6624358,57413008.18997457,-27.84808847815975,8.515405397193875,3.692147464769664
03 Jun 2026 00:09:01.008,173341.0083003924,31194.50669030882,46644760.66166849,132463029.280628,57419650.54289649,-27.85129083864563,8.506392435874458,3.688244599860899
03 Jun 2026 00:39:01.008,175141.0083002876,31194.52752364215,46594625.45846817,132478332.6746001,57426285.87026402,-27.85448996976521,8.497378482946761,3.684341291958735
03 Jun 2026 01:09:01.008,176941.0083004972,31194.54835697549,46544484.49973854,132493619.8425647,57432914.17127868,-27.85768587111268,8.488363538700282,3.680437541113225
03 Jun 2026 01:39:01.008,178741.0083003924,31194.56919030882,46494337.79130237,132508890.782735,57439535.44514205,-27.86087854227976,8.479347603424543,3.676533347374558
03 Jun 2026 02:09:01.008,180541.0083002876,31194.59002364215,46444185.33895681,132524145.4933328,57446149.69105928,-27.86406798285745,8.47033067740435,3.672628710791004
03 Jun 2026 02:39:01.008,182341.0083004972,31194.61085697549,46394027.14852605,132539383.9725724,57452756.90823215,-27.86725419243264,8.461312760929243,3.668723631413023
03 Jun 2026 03:09:01.008,184141.0083003924,31194.63169030882,46343863.22582626,132554606.218671,57459357.09586365,-27.87043717059035,8.452293854287218,3.66481810929052
03 Jun 2026 03:39:01.008,185941.0083002876,31194.65252364215,46293693.57668314,132569812.2298441,57465950.25315575,-27.87361691691263,8.443273957767849,3.660912144474225
03 Jun 2026 04:09:01.008,187741.0083004972,31194.67335697549,46243518.20689685,132585002.0043155,57472536.37931395,-27.87679343098078,8.434253071656013,3.657005737012956
03 Jun 2026 04:39:01.008,189541.0083003924,31194.69419030882,46193337.12229459,132600175.5403014,57479115.47354038,-27.87996671237198,8.425231196241338,3.653098886957718
03 Jun 2026 05:09:01.008,191341.0083002876,31194.71502364215,46143150.3287043,132615332.8360188,57485687.53503726,-27.88313676066105,8.416208331813467,3.649191594359656
03 Jun 2026 05:39:01.008,193141.0083004972,31194.73585697549,46092957.83191969,132630473.8896956,57492252.56301151,-27.88630357542254,8.407184478655772,3.645283859267325
03 Jun 2026 06:09:01.008,194941.0083003924,31194.75669030882,46042759.63779654,132645598.6995419,57498810.55666211,-27.88946715622474,8.398159637062681,3.641375681734198
03 Jun 2026 06:39:01.008,196741.0083002876,31194.77752364215,45992555.75213882,132660707.2637839,57505361.51519498,-27.89262750263685,8.389133807319201,3.637467061809796
03 Jun 2026 07:09:01.008,198541.0083004972,31194.79835697549,45942346.18075132,132675799.5806485,57511905.43781617,-27.8957846142256,8.380106989710354,3.633557999543785
03 Jun 2026 07:39:01.008,200341.0083003924,31194.81919030882,45892130.92949215,132690875.6483473,57518442.32372493,-27.89893849055206,8.371079184530672,3.629648494990069
03 Jun 2026 08:09:01.008,202141.0083002876,31194.84002364215,45841910.0041589,132705935.4651108,57524972.1721286,-27.90208913117868,8.362050392063662,3.625738548197917
03 Jun 2026 08:39:01.008,203941.0083004972,31194.86085697549,45791683.41058499,132720979.0291595,57531494.98223009,-27.90523653566332,8.353020612599188,3.621828159219478
03 Jun 2026 09:09:01.008,205741.0083003924,31194.88169030882,45741451.15460463,132736006.3387145,57538010.75323234,-27.90838070356141,8.343989846427148,3.617917328107042
03 Jun 2026 09:39:01.008,207541.0083002876,31194.90252364215,45691213.24202654,132751017.3920051,57544519.48434185,-27.91152163442761,8.334958093832741,3.614006054911004
03 Jun 2026 10:09:01.008,209341.0083004972,31194.92335697549,45640969.67868657,132766012.1872536,57551021.17476177,-27.91465932781252,8.325925355105934,3.61009433968395
03 Jun 2026 10:39:01.008,211141.0083003924,31194.94419030882,45590720.47041257,132780990.722685,57557515.8236965,-27.91779378326488,8.31689163053516,3.606182182477934
03 Jun 2026 11:09:01.008,212941.0083002876,31194.96502364215,45540465.62304202,132795952.9965226,57564003.43034938,-27.92092500033043,8.307856920410474,3.602269583345842
03 Jun 2026 11:39:01.008,214741.0083004972,31194.98585697549,45490205.14238688,132810899.0069978,57570483.99392727,-27.92405297855418,8.29882122501723,3.598356542338661
03 Jun 2026 12:09:01.008,216541.0083003924,31195.00669030882,45439939.03428622,132825828.7523347,57576957.5136337,-27.92717771747703,8.289784544645563,3.594443059509575
03 Jun 2026 12:39:01.008,218341.0083002876,31195.02752364215,45389667.30458,132840742.2307581,57583423.9886723,-27.93029921663749,8.280746879585653,3.590529134911923
03 Jun 2026 13:09:01.008,220141.0083004972,31195.04835697549,45339389.95907386,132855639.4405037,57589883.41825134,-27.93341747557384,8.27170823012141,3.586614768596461
03 Jun 2026 13:39:01.008,221941.0083003924,31195.06919030882,45289107.00363576,132870520.3797892,57596335.80157124,-27.93653249381809,8.262668596547835,3.58269996061888
03 Jun 2026 14:09:01.008,223741.0083002876,31195.09002364215,45238818.44408179,132885385.0468488,57602781.13783935,-27.93964427090313,8.253627979150506,3.578784711030923
03 Jun 2026 14:39:01.008,225541.0083004972,31195.11085697549,45188524.2862289,132900233.4399171,57609219.42626301,-27.94275280635942,8.244586378215052,3.574869019884487
03 Jun 2026 15:09:01.008,227341.0083003924,31195.13169030882,45138224.53594758,132915065.5572135,57615650.66604303,-27.94585809971171,8.235543794036618,3.570952887235724
03 Jun 2026 15:39:01.008,229141.0083002876,31195.15252364215,45087919.1990477,132929881.3969763,57622074.85638808,-27.94896015048615,8.226500226899342,3.567036313136155
03 Jun 2026 16:09:01.008,230941.0083004972,31195.17335697549,45037608.2813751,132944680.9574339,57628491.99650249,-27.95205895820433,8.217455677093739,3.56311929764019
03 Jun 2026 16:39:01.008,232741.0083003924,31195.19419030882,44987291.7887765,132959464.236815,57634902.08559068,-27.95515452238534,8.208410144910362,3.559201840802394
03 Jun 2026 17:09:01.008,234541.0083002876,31195.21502364215,44936969.72707314,132974231.2333568,57641305.12286051,-27.95824684254751,8.199363630635085,3.555283942675438
03 Jun 2026 17:39:01.008,236341.0083004972,31195.23585697549,44886642.10211346,132988981.9452893,57647701.10751659,-27.96133591820513,8.190316134558563,3.5513656033142
03 Jun 2026 18:09:01.008,238141.0083003924,31195.25669030882,44836308.91973803,133003716.3708455,57654090.03876475,-27.96442174887058,8.181267656969929,3.547446822773028
03 Jun 2026 18:39:01.008,239941.0083002876,31195.27752364215,44785970.18579705,133018434.5082562,57660471.91580981,-27.96750433405329,8.172218198159952,3.543527601107116
03 Jun 2026 19:09:01.008,241741.0083004972,31195.29835697549,44735625.90611526,133033136.3557609,57666846.73786002,-27.97058367326185,8.1631677584147,3.539607938369758
03 Jun 2026 19:39:01.008,243541.0083003924,31195.31919030882,44685276.08654463,133047821.9115913,57673214.50412036,-27.97365976600081,8.15411633802505,3.535687834616459
03 Jun 2026 20:09:01.008,245341.0083002876,31195.34002364215,44634920.73293807,133062491.1739802,57679575.21379598,-27.97673261177231,8.145063937281925,3.531767289902886
03 Jun 2026 20:39:01.008,247141.0083004972,31195.36085697549,44584559.85111418,133077144.1411707,57685928.8660965,-27.97980221007817,8.136010556469977,3.527846304282123
03 Jun 2026 21:09:01.008,248941.0083003924,31195.38169030882,44534193.44695403,133091780.8113888,57692275.46022392,-27.98286856041403,8.126956195884985,3.523924877812206
03 Jun 2026 21:39:01.008,250741.0083002876,31195.40252364215,44483821.52628682,133106401.1828762,57698614.99538699,-27.98593166227631,8.117900855813293,3.520003010547221
03 Jun 2026 22:09:01.008,252541.0083004972,31195.42335697549,44433444.09494267,133121005.2538754,57704947.47079451,-27.98899151515898,8.108844536541296,3.516080702541414
03 Jun 2026 22:39:01.008,254341.0083003924,31195.44419030882,44383061.15880541,133135593.0226137,57711272.88564878,-27.99204811855035,8.099787238364941,3.5121579538533
03 Jun 2026 23:09:01.008,256141.0083002876,31195.46502364215,44332672.72369815,133150164.4873369,57717591.23915995,-27.99510147194006,8.09072896156915,3.508234764536757
03 Jun 2026 23:39:01.008,257941.0083004972,31195.48585697549,44282278.7954802,133164719.6462815,57723902.53053383,-27.99815157481313,8.081669706445236,3.504311134648569
04 Jun 2026 00:09:01.008,259741.0083003924,31195.50669030882,44231879.38001172,133179258.497684,57730206.75897633,-28.00119842665214,8.072609473284563,3.500387064245673
04 Jun 2026 00:39:01.008,261541.0083002876,31195.52752364215,44181474.48312745,133193781.0397894,57736503.92369679,-28.00424202693882,8.063548262373807,3.496462553383117
04 Jun 2026 01:09:01.008,263341.0083004972,31195.54835697549,44131064.11068945,133208287.2708354,57742794.02390134,-28.00728237515084,8.054486074004442,3.492537602118162
04 Jun 2026 01:39:01.008,265141.0083003924,31195.56919030882,44080648.26855195,133222777.1890627,57749077.05879729,-28.01031947076396,8.045422908466421,3.488612210507547
04 Jun 2026 02:09:01.008,266941.0083002876,31195.59002364215,44030226.96257887,133237250.7927104,57755353.02759098,-28.01335331325093,8.036358766051334,3.484686378608858
04 Jun 2026 02:39:01.008,268741.0083004972,31195.61085697549,43979800.19860872,133251708.0800253,57761621.92949213,-28.01638390208364,8.027293647046079,3.480760106477782
04 Jun 2026 03:09:01.008,270541.0083003924,31195.63169030882,43929367.98250736,133266149.0492473,57767883.76370727,-28.01941123672992,8.018227551742356,3.47683339417223
04 Jun 2026 03:39:01.008,272341.0083002876,31195.65252364215,43878930.32014161,133280573.6986168,57774138.52944307,-28.02243531665513,8.009160480431927,3.472906241750272
04 Jun 2026 04:09:01.008,274141.0083004972,31195.67335697549,43828487.21734405,133294982.0263847,57780386.22591063,-28.02545614132428,8.000092433400274,3.4689786492674
04 Jun 2026 04:39:01.008,275941.0083003924,31195.69419030882,43778038.68000982,133309374.030785,57786626.85231352,-28.02847371019618,7.991023410944019,3.465050616784062
04 Jun 2026 05:09:01.008,277741.0083002876,31195.71502364215,43727584.71398225,133323749.7100673,57792860.407862,-28.03148802273037,7.981953413350335,3.461122144356762
04 Jun 2026 05:39:01.008,279541.0083004972,31195.73585697549,43677125.32510561,133338109.0624815,57799086.89176638,-28.03449907838388,7.97288244090646,3.457193232042161
04 Jun 2026 06:09:01.008,281341.0083003924,31195.75669030882,43626660.51927802,133352452.0862631,57805306.30323056,-28.0375068766081,7.963810493909184,3.453263879901202
04 Jun 2026 06:39:01.008,283141.0083002876,31195.77752364215,43576190.30234574,133366778.7796633,57811518.6414651,-28.04051141685508,7.95473757264585,3.449334087990873
04 Jun 2026 07:09:01.008,284941.0083004972,31195.79835697549,43525714.68015597,133381089.1409336,57817723.9056806,-28.04351269857439,7.945663677403857,3.445403856368324
04 Jun 2026 07:39:01.008,286741.0083003924,31195.81919030882,43475233.65860983,133395383.1683111,57823922.09508134,-28.04651072120996,7.936588808480165,3.44147318509499
04 Jun 2026 08:09:01.008,288541.0083002876,31195.84002364215,43424747.24354772,133409660.8600509,57830113.20887922,-28.04950548420685,7.9275129661607,3.437542074227661
04 Jun 2026 08:39:01.008,290341.0083004972,31195.86085697549,43374255.44084631,133423922.2143988,57836297.24628196,-28.05249698700557,7.918436150737781,3.433610523826039
04 Jun 2026 09:09:01.008,292141.0083003924,31195.88169030882,43323758.25638328,133438167.2296008,57842474.20649736,-28.05548522904408,7.909358362503782,3.429678533949989
04 Jun 2026 09:39:01.008,293941.0083002876,31195.90252364215,43273255.69601088,133452395.9039112,57848644.08873658,-28.05847020975942,7.900279601746375,3.425746104657479
04 Jun 2026 10:09:01.008,295741.0083004972,31195.92335697549,43222747.7656088,133466608.2355771,57854806.89220764,-28.06145192858453,7.891199868758044,3.421813236008704
04 Jun 2026 10:39:01.008,297541.0083003924,31195.94419030882,43172234.47104897,133480804.2228489,57860962.61611976,-28.06443038495037,7.88211916382974,3.417879928063334
04 Jun 2026 11:09:01.008,299341.0083002876,31195.96502364215,43121715.81821315,133494983.8639749,57867111.2596812,-28.06740557828482,7.873037487254058,3.413946180881893
04 Jun 2026 11:39:01.008,301141.0083004972,31195.98585697549,43071191.81295766,133509147.1572111,57873252.8221035,-28.07037750801481,7.863954839318885,3.410011994523007
04 Jun 2026 12:09:01.008,302941.0083003924,31196.00669030882,43020662.46116633,133523294.1008072,57879387.30259515,-28.07334617356318,7.854871220316924,3.406077369047527
04 Jun 2026 12:39:01.008,304741.0083002876,31196.02752364215,42970127.76872405,133537424.6930128,57885514.70036471,-28.0763115743502,7.845786630540929,3.402142304516472
04 Jun 2026 13:09:01.008,306541.0083004972,31196.04835697549,42919587.74149023,133551538.9320858,57891635.01462408,-28.07927370979518,7.836701070278947,3.398206800988964
04 Jun 2026 13:39:01.008,308341.0083003924,31196.06919030882,42869042.38535187,133565636.8162771,57897748.24458206,-28.0822325793133,7.827614539823843,3.394270858526349
04 Jun 2026 14:09:01.008,310141.0083002876,31196.09002364215,42818491.70619699,133579718.3438382,57903854.38944754,-28.08518818231719,7.818527039468528,3.390334477190143
04 Jun 2026 14:39:01.008,311941.0083004972,31196.11085697549,42767935.70987933,133593783.5130309,57909953.44843381,-28.08814051821897,7.809438569499623,3.386397657039277
04 Jun 2026 15:09:01.008,313741.0083003924,31196.13169030882,42717374.40231556,133607832.3221003,57916045.4207468,-28.09108958642463,7.80034913021491,3.382460398137658
04 Jun 2026 15:39:01.008,315541.0083002876,31196.15252364215,42666807.78937038,133621864.7693068,57922130.30559893,-28.0940353863406,7.791258721902701,3.378522700545236
04 Jun 2026 16:09:01.008,317341.0083004972,31196.17335697549,42616235.8769096,133635880.8529113,57928208.10220275,-28.09697791737078,7.782167344851357,3.37458456432213
04 Jun 2026 16:39:01.008,319141.0083003924,31196.19419030882,42565658.67085309,133649880.5711606,57934278.80976452,-28.09991717891339,7.773074999358818,3.370645989532746
04 Jun 2026 17:09:01.008,320941.0083002876,31196.21502364215,42515076.17705996,133663863.9223192,57940342.42749808,-28.10285317036764,7.76398168571196,3.366706976236848
04 Jun 2026 17:39:01.008,322741.0083004972,31196.23585697549,42464488.40142573,133677830.904642,57946398.95461309,-28.1057858911281,7.754887404204069,3.362767524497116
04 Jun 2026 18:09:01.008,324541.0083003924,31196.25669030882,42413895.34984707,133691781.5163848,57952448.39031936,-28.10871534058673,7.745792155128476,3.358827634376397
04 Jun 2026 18:39:01.008,326341.0083002876,31196.27752364215,42363297.02819517,133705715.7558112,57958490.73382998,-28.1116415181344,7.736695938773798,3.354887305935645
04 Jun 2026 19:09:01.008,328141.0083004972,31196.29835697549,42312693.44236886,133719633.6211777,57964525.98435497,-28.11456442315784,7.72759875543347,3.350946539238044
04 Jun 2026 19:39:01.008,329941.0083003924,31196.31919030882,42262084.59826808,133733535.1107418,57970554.14110446,-28.11748405504116,7.718500605400981,3.347005334346946
04 Jun 2026 20:09:01.008,331741.0083002876,31196.34002364215,42211470.50176737,133747420.2227684,57976575.20329188,-28.12040041316735,7.709401488965103,3.343063691323809
04 Jun 2026 20:39:01.008,333541.0083004972,31196.36085697549,42160851.15876888,133761288.9555159,57982589.17012758,-28.12331349691524,7.70030140641942,3.339121610232323
04 Jun 2026 21:09:01.008,335341.0083003924,31196.38169030882,42110226.57516705,133775141.3072456,57988596.04082311,-28.12622330566151,7.691200358055989,3.335179091135662
04 Jun 2026 21:39:01.008,337141.0083002876,31196.40252364215,42059596.75686629,133788977.2762167,57994595.81458906,-28.1291298387797,7.682098344168495,3.331236134097855
04 Jun 2026 22:09:01.008,338941.0083004972,31196.42335697549,42008961.70974562,133802796.8606966,58000588.49063929,-28.13203309564219,7.672995365045916,3.327292739181038
04 Jun 2026 22:39:01.008,340741.0083003924,31196.44419030882,41958321.43971169,133816600.0589455,58006574.06818463,-28.13493307561716,7.663891420982045,3.323348906449584
04 Jun 2026 23:09:01.008,342541.0083002876,31196.46502364215,41907675.95267233,133830386.8692245,58012552.54643603,-28.13782977807015,7.654786512270724,3.319404635968035
04 Jun 2026 23:39:01.008,344341.0083004972,31196.48585697549,41857025.25450112,133844157.2898047,58018523.92460873,-28.140723202366,7.64568063919949,3.315459927798352
05 Jun 2026 00:09:01.008,346141.0083003924,31196.50669030882,41806369.35113468,133857911.3189408,58024488.20191076,-28.14361334786332,7.636573802067058,3.311514782007489
05 Jun 2026 00:39:01.008,347941.0083002876,31196.52752364215,41755708.24845775,133871648.9549026,58030445.37755656,-28.14650021392107,7.627466001162658,3.307569198658438
05 Jun 2026 01:09:01.008,349741.0083004972,31196.54835697549,41705041.95235621,133885370.1959605,58036395.45076066,-28.14938379989548,7.618357236775568,3.303623177814366
05 Jun 2026 01:39:01.008,351541.0083003924,31196.56919030882,41654370.46877017,133899075.0403707,58042338.42073147,-28.15226410513705,7.609247509204657,3.299676719542748
05 Jun 2026 02:09:01.008,353341.0083002876,31196.59002364215,41603693.80358783,133912763.4864047,58048274.28668375,-28.15514112899654,7.600136818739311,3.2957298239071
05 Jun 2026 02:39:01.008,355141.0083004972,31196.61085697549,41553011.9626986,133926435.5323343,58054203.04783239,-28.15801487082202,7.591025165668964,3.291782490971108
05 Jun 2026 03:09:01.008,356941.0083003924,31196.63169030882,41502324.9520461,133940091.1764174,58060124.70338615,-28.16088532995576,7.581912550292646,3.287834720802774
05 Jun 2026 03:39:01.008,358741.0083002876,31196.65252364215,41451632.77751322,133953730.4169294,58066039.25256118,-28.16375250574081,7.572798972898303,3.28388651346545
05 Jun 2026 04:09:01.008,360541.0083004972,31196.67335697549,41400935.44501945,133967353.2521364,58071946.69456961,-28.16661639751543,7.563684433780303,3.279937869025424
05 Jun 2026 04:39:01.008,362341.0083003924,31196.69419030882,41350232.96048544,133980959.6803054,58077847.02862368,-28.16947700461513,7.554568933233063,3.275988787549158
05 Jun 2026 05:09:01.008,364141.0083002876,31196.71502364215,41299525.3298065,133994549.6997107,58083740.25393883,-28.17233432637412,7.545452471546283,3.272039269101227
05 Jun 2026 05:39:01.008,365941.0083004972,31196.73585697549,41248812.55890571,134008123.3086202,58089626.36972756,-28.17518836212232,7.536335049014492,3.268089313748452
05 Jun 2026 06:09:01.008,367741.0083003924,31196.75669030882,41198094.65370734,134021680.5053021,58095505.37520245,-28.17803911118686,7.527216665932277,3.264138921557839
05 Jun 2026 06:39:01.008,369541.0083002876,31196.77752364215,41147371.62011032,134035221.2880327,58101377.26957934,-28.18088657289351,7.5180973225895,3.260188092594501
05 Jun 2026 07:09:01.008,371341.0083004972,31196.79835697549,41096643.46404136,134048745.6550812,58107242.05207104,-28.18373074656378,7.508977019280858,3.256236826925803
05 Jun 2026 07:39:01.008,373141.0083003924,31196.81919030882,41045910.19141955,134062253.60472,58113099.72189156,-28.1865716315168,7.499855756299518,3.252285124618607
05 Jun 2026 08:09:01.008,374941.0083002876,31196.84002364215,40995171.80817403,134075745.1352196,58118950.27825397,-28.18940922706838,7.490733533940295,3.248332985740645
05 Jun 2026 08:39:01.008,376741.0083004972,31196.86085697549,40944428.32020863,134089220.2448581,58124793.72037458,-28.19224353253295,7.481610352493282,3.244380410357764
05 Jun 2026 09:09:01.008,378541.0083003924,31196.88169030882,40893679.73345501,134102678.931907,58130630.04746668,-28.1950745472206,7.472486212253417,3.24042739853807
05 Jun 2026 09:39:01.008,380341.0083002876,31196.90252364215,40842926.05384602,134116121.1946385,58136459.25874376,-28.19790227043854,7.463361113515695,3.236473950349855
05 Jun 2026 10:09:01.008,382141.0083004972,31196.92335697549,40792167.28728923,134129547.0313322,58142281.35342243,-28.20072670149256,7.454235056570399,3.232520065859529
05 Jun 2026 10:39:01.008,383941.0083003924,31196.94419030882,40741403.43972,134142956.4402611,58148096.3307164,-28.20354783968409,7.445108041712649,3.228565745135761
05 Jun 2026 11:09:01.008,385741.0083002876,31196.96502364215,40690634.517075,134156349.4196992,58153904.1898395,-28.20636568431164,7.435980069237636,3.224610988247412
05 Jun 2026 11:39:01.008,387541.0083004972,31196.98585697549,40639860.52526555,134169725.9679274,58159704.93000872,-28.20918023467226,7.426851139435835,3.220655795261465
05 Jun 2026 12:09:01.008,389341.0083003924,31197.00669030882,40589081.47023082,134183086.0832207,58165498.55043812,-28.21199149005862,7.417721252602567,3.216700166247165
05 Jun 2026 12:39:01.008,391141.0083002876,31197.02752364215,40538297.35791127,134196429.7638542,58171285.05034193,-28.21479944976043,7.408590409033225,3.212744101273956
05 Jun 2026 13:09:01.008,392941.0083004972,31197.04835697549,40487508.19421316,134209757.0081131,58177064.42893848,-28.21760411306638,7.399458609016898,3.20878760040871
05 Jun 2026 13:39:01.008,394741.0083003924,31197.06919030882,40436713.98510615,134223067.8142668,58182836.68543922,-28.2204054792588,7.390325852853904,3.204830663723338
05 Jun 2026 14:09:01.008,396541.0083002876,31197.09002364215,40385914.73650794,134236362.180599,58188601.81906173,-28.22320354761996,7.381192140835068,3.200873291285801
05 Jun 2026 14:39:01.008,398341.0083004972,31197.11085697549,40335110.4543375,134249640.1053943,58194359.82902375,-28.22599831742912,7.372057473251294,3.196915483164263
05 Jun 2026 15:09:01.008,400141.0083003924,31197.13169030882,40284301.14456841,134262901.5869234,58200110.71453708,-28.22878978795961,7.362921850403135,3.192957239431236
05 Jun 2026 15:39:01.008,401941.0083002876,31197.15252364215,40233486.81312226,134276146.6234719,58205854.4748197,-28.23157795848467,7.353785272581645,3.18899856015529
05 Jun 2026 16:09:01.008,403741.0083004972,31197.17335697549,40182667.46592198,134289375.2133257,58211591.10908968,-28.23436282827452,7.344647740077966,3.185039445405201
05 Jun 2026 16:39:01.008,405541.0083003924,31197.19419030882,40131843.10894503,134302587.3547574,58217320.61655924,-28.23714439659337,7.335509253192898,3.1810798952541
05 Jun 2026 17:09:01.008,407341.0083002876,31197.21502364215,40081013.7481081,134315783.0460563,58223042.99644773,-28.23992266270581,7.326369812216154,3.177119909770487
05 Jun 2026 17:39:01.008,409141.0083004972,31197.23585697549,40030179.38936472,134328962.285503,58228758.2479706,-28.24269762587142,7.317229417443919,3.173159489025844
05 Jun 2026 18:09:01.008,410941.0083003924,31197.25669030882,39979340.03866973,134342125.0713786,58234466.37034345,-28.24546928534665,7.308088069172473,3.16919863309186
05 Jun 2026 18:39:01.008,412741.0083002876,31197.27752364215,39928495.70195268,134355271.4019716,58240167.362785,-28.24823764038635,7.298945767693398,3.165237342038371
05 Jun 2026 19:09:01.008,414541.0083004972,31197.29835697549,39877646.38517112,134368401.2755644,58245861.22451111,-28.25100269024076,7.289802513303164,3.161275615937502
05 Jun 2026 19:39:01.008,416341.0083003924,31197.31919030882,39826792.09428395,134381514.6904396,58251547.95473775,-28.25376443415703,7.280658306298336,3.157313454861599
05 Jun 2026 20:09:01.008,418141.0083002876,31197.34002364215,39775932.83522474,134394611.6448873,58257227.55268403,-28.25652287138059,7.271513146970796,3.153350858881156
05 Jun 2026 20:39:01.008,419941.0083004972,31197.36085697549,39725068.61395513,134407692.1371914,58262900.01756618,-28.25927800115227,7.262367035617317,3.149387828068965
05 Jun 2026 21:09:01.008,421741.0083003924,31197.38169030882,39674199.43643808,134420756.1656361,58268565.34860059,-28.26202982270973,7.253219972534786,3.145424362498047
05 Jun 2026 21:39:01.008,423541.0083002876,31197.40252364215,39623325.30861133,134433803.7285133,58274223.54500673,-28.26477833528889,7.244071958015402,3.141460462239576
05 Jun 2026 22:09:01.008,425341.0083004972,31197.42335697549,39572446.23644058,134446834.8241082,58279874.60600125,-28.26752353812103,7.234922992356281,3.137496127367033
05 Jun 2026 22:39:01.008,427141.0083003924,31197.44419030882,39521562.22588409,134459849.4507092,58285518.5308019,-28.27026543043465,7.225773075853048,3.133531357953441
05 Jun 2026 23:09:01.008,428941.0083002876,31197.46502364215,39470673.28291038,134472847.6066026,58291155.3186256,-28.27300401145461,7.216622208803058,3.129566154072757
05 Jun 2026 23:39:01.008,430741.0083004972,31197.48585697549,39419779.41346269,134485829.2900824,58296784.96869233,-28.2757392804039,7.207470391498993,3.125600515797094
06 Jun 2026 00:09:01.008,432541.0083003924,31197.50669030882,39368880.62351234,134498794.499436,58302407.48021924,-28.27847123650085,7.198317624238461,3.121634443200891
06 Jun 2026 00:39:01.008,434341.0083002876,31197.52752364215,39317976.91903206,134511743.2329516,58308022.8524237,-28.28119987896049,7.189163907319201,3.11766793635883
06 Jun 2026 01:09:01.008,436141.0083004972,31197.54835697549,39267068.30596932,134524675.4889244,58313631.08452605,-28.28392520699597,7.180009241034296,3.113700995343763
06 Jun 2026 01:39:01.008,437941.0083003924,31197.56919030882,39216154.7902997,134537591.2656438,58319232.17574386,-28.28664721981575,7.170853625681768,3.109733620230873
06 Jun 2026 02:09:01.008,439741.0083002876,31197.59002364215,39165236.37800021,134550490.5613994,58324826.12529488,-28.28936591662492,7.161697061559781,3.1057658110956
06 Jun 2026 02:39:01.008,441541.0083004972,31197.61085697549,39114313.07502255,134563373.3744881,58330412.93239985,-28.29208129662667,7.152539548961858,3.10179756801156
06 Jun 2026 03:09:01.008,443341.0083003924,31197.63169030882,39063384.88734662,134576239.7032007,58335992.5962768,-28.2947933590194,7.143381088186477,3.097828891054712
06 Jun 2026 03:39:01.008,445141.0083002876,31197.65252364215,39012451.82095373,134589089.5458286,58341565.11614381,-28.29750210299814,7.134221679532265,3.093859780301276
06 Jun 2026 04:09:01.008,446941.0083004972,31197.67335697549,38961513.88179108,134601922.9006725,58347130.49122305,-28.3002075277564,7.125061323291631,3.089890235824974
06 Jun 2026 04:39:01.008,448741.0083003924,31197.69419030882,38910571.07586955,134614739.7660181,58352688.72073001,-28.30290963248101,7.115900019768342,3.085920257704645
06 Jun 2026 05:09:01.008,450541.0083002876,31197.71502364215,38859623.40914817,134627540.1401651,58358239.80388612,-28.30560841635818,7.10673776925675,3.081949846015251
06 Jun 2026 05:39:01.008,452341.0083004972,31197.73585697549,38808670.88758739,134640324.0214135,58363783.73991299,-28.30830387857067,7.09757457205138,3.077979000832028
06 Jun 2026 06:09:01.008,454141.0083003924,31197.75669030882,38757713.51720254,134653091.4080507,58369320.52802649,-28.31099601829497,7.088410428456553,3.074007722234657
06 Jun 2026 06:39:01.008,455941.0083002876,31197.77752364215,38706751.30395704,134665842.2983779,58374850.16744851,-28.3136848347069,7.079245338767177,3.070036010298948
06 Jun 2026 07:09:01.008,457741.0083004972,31197.79835697549,38655784.25381581,134678576.6906968,58380372.65740103,-28.31637032697879,7.07007930327836,3.066063865100998
06 Jun 2026 07:39:01.008,459541.0083003924,31197.81919030882,38604812.37279864,134691294.5832964,58385887.9971004,-28.31905249427664,7.060912322295013,3.062091286721365
06 Jun 2026 08:09:01.008,461341.0083002876,31197.84002364215,38553835.66687344,134703995.9744796,58391396.18576888,-28.32173133576572,7.051744396112667,3.05811827523674
06 Jun 2026 08:39:01.008,463141.0083004972,31197.86085697549,38502854.1420096,134716680.8625496,58396897.22262888,-28.32440685060777,7.042575525027059,3.05414483072412
06 Jun 2026 09:09:01.008,464941.0083003924,31197.88169030882,38451867.80423149,134729349.245797,58402391.10689716,-28.32707903795813,7.033405709343759,3.050170953264976
06 Jun 2026 09:39:01.008,466741.0083002876,31197.90252364215,38400876.65951151,134742001.1225263,58407877.83779643,-28.32974789697137,7.024234949358967,3.046196642936923
06 Jun 2026 10:09:01.008,468541.0083004972,31197.92335697549,38349880.71382365,134754636.4910424,58413357.4145495,-28.33241342679845,7.015063245369114,3.042221899817898
06 Jun 2026 10:36:49.936,470209.9364347639,31197.94267327334,38302593.89172499,134766337.0307109,58418431.58873603,-28.33488188374309,7.006558560667689,3.038536201769264
06 Jun 2026 11:02:27.036,471747.0361302956,31197.96046377907,38259038.60777513,134777100.7893011,58423099.51270065,-28.33715282450614,6.998724942546659,3.035141307561862
06 Jun 2026 11:24:41.226,473081.2262274907,31197.97590579409,38221230.14526334,134786433.8825717,58427147.00227553,-28.33912201317309,6.991924867820789,3.032194311135199
06 Jun 2026 11:46:33.301,474393.3005006053,31197.99109183891,38184045.8428871,134795603.4198781,58431123.56500275,-28.34105677468868,6.985237007360221,3.029295933014551
06 Jun 2026 11:47:33.301,474453.3005004865,31197.99178628336,38182345.3768399,134796022.5249202,58431305.31878106,-28.34114520728764,6.984931165420779,3.029163387244517
06 Jun 2026 11:50:21.073,474621.072545182,31197.99372808943,38177590.50421776,134797194.3293646,58431813.49662586,-28.34139246293384,6.984075964396374,3.028792760110732
06 Jun 2026 11:56:35.740,474995.7401804742,31197.99806452039,38166971.79829774,134799810.6788108,58432948.13219219,-28.34194452839046,6.982166104464969,3.027965064009915
06 Jun 2026 12:09:19.479,475759.4787871116,31198.0069040876,38145325.53147762,134805141.7419122,58435260.06169877,-28.34306943511156,6.978272837446434,3.026277794695176
06 Jun 2026 12:39:10.006,477550.0056338031,31198.02762777796,38094574.14531894,134817628.354825,58440675.15175509,-28.34570434017719,6.969144705037595,3.022321815459056
06 Jun 2026 13:09:10.006,479350.0056340126,31198.04846111129,38043549.49605031,134830164.5558027,58446111.75148019,-28.34834986015848,6.959967338636027,3.018344475126699
06 Jun 2026 13:39:10.006,481150.0056339079,31198.06929444462,37992520.0878562,134842684.236671,58451541.19160273,-28.35099204489547,6.950789030340476,3.014366702570422
06 Jun 2026 14:03:59.148,482639.1480637249,31198.08652988941,37950299.79673222,134853029.2973865,58456027.56250378,-28.35317540627688,6.943195091765915,3.011075559319598
06 Jun 2026 14:25:12.624,483912.6241042977,31198.10126919544,37914191.51927535,134861867.1546377,58459860.30285811,-28.35504074875713,6.936700441080996,3.008260824260633
06 Jun 2026 14:43:15.017,484995.0169112999,31198.11379688996,37883499.36969732,134869372.4016488,58463115.12790515,-28.35662488596719,6.931179932962773,3.005868266110699
06 Jun 2026 14:58:27.741,485907.7409327379,31198.1243608254,37857616.98775199,134875696.5315326,58465857.73531115,-28.35795976620379,6.92652451900483,3.003850628267753
06 Jun 2026 15:11:06.948,486666.9476127019,31198.13314793975,37836087.01399149,134880953.7251835,58468137.64166582,-28.35906946978288,6.922651946904599,3.002172266226157
06 Jun 2026 15:21:30.449,487290.4490015935,31198.14036439101,37818404.81079361,134885269.0167732,58470009.07052321,-28.35998037388321,6.919471457108057,3.000793847521206
06 Jun 2026 15:30:08.080,487808.0795071553,31198.14635548482,37803724.62416634,134888850.0628744,58471562.07677155,-28.36073630158024,6.916830930515663,2.999649445714923
06 Jun 2026 15:37:27.830,488247.8304716642,31198.15144519506,37791252.82186091,134891891.2527006,58472880.96173547,-28.36137828002635,6.914587620407262,2.998677195594409
06 Jun 2026 15:43:51.417,488631.4166542492,31198.15588484995,37780373.6816676,134894543.2176606,58474031.05021449,-28.36193810252771,6.912630778956608,2.997829099747131
06 Jun 2026 15:49:34.319,488974.3187658023,31198.15985362439,37770648.227421,134896913.2734275,58475058.88215575,-28.36243842051722,6.910881448654727,2.997070938380135
06 Jun 2026 15:55:15.219,489315.2190723689,31198.16379922979,37760979.37870411,134899268.8985943,58476080.45608094,-28.36293569758304,6.909142296824477,2.996317187499266
06 Jun 2026 16:00:26.750,489626.7496431596,31198.16740490769,37752143.38638549,134901421.0600732,58477013.79318975,-28.363390027749,6.907552949424513,2.995628361310563
06 Jun 2026 16:05:10.982,489910.9820647049,31198.17069463479,37744081.53246412,134903384.2044901,58477865.15857528,-28.3638044595321,6.906102845467281,2.994999882860516
06 Jun 2026 16:09:38.818,490178.8178686635,31198.17379458623,37736484.63780375,134905233.7231033,58478667.24746636,-28.36419490761675,6.904736372723201,2.994407649819843
06 Jun 2026 16:14:02.428,490442.4282639753,31198.17684563247,37729007.4905282,134907053.7061189,58479456.52762171,-28.3645791237251,6.903391437287294,2.993824750582458
06 Jun 2026 16:18:34.644,490714.6439799923,31198.17999627733,37721286.15231906,134908932.7287276,58480271.41184167,-28.36497580702015,6.902002576502455,2.993222813414039
06 Jun 2026 16:23:29.334,491009.3344851513,31198.18340704707,37712927.20001395,134910966.4618106,58481153.39016705,-28.36540515531749,6.900499023773507,2.992571167725361
06 Jun 2026 16:28:58.430,491338.4298872435,31198.18721602163,37703592.1967168,134913237.1080168,58482138.11183148,-28.36588452386655,6.898819902604926,2.991843429211504
06 Jun 2026 16:34:44.443,491684.4430973288,31198.19122080415,37693777.13877576,134915623.8853995,58483173.19680236,-28.36638841487004,6.897054428969553,2.991078264281173
06 Jun 2026 16:40:54.346,492054.3459673645,31198.19550208737,37683284.23068855,134918174.7765484,58484279.45394403,-28.36692695927852,6.895167023995669,2.990260252716472
06 Jun 2026 16:47:42.030,492462.0304209064,31198.20022065744,37671719.35460925,134920985.4049118,58485498.35278103,-28.3675203467104,6.893086795010332,2.989358668987311
06 Jun 2026 16:55:21.206,492921.2055960903,31198.20553518493,37658693.54008247,134924150.0013223,58486870.75893087,-28.36818847395979,6.890743774489206,2.988343188333255
06 Jun 2026 17:04:10.955,493450.9553718148,31198.21166654807,37643665.29449819,134927799.655279,58488453.52273968,-28.36895902127304,6.888040558935423,2.987171594790275
06 Jun 2026 17:14:28.225,494068.2251384016,31198.21881087407,37626153.71676963,134932050.4622985,58490296.99210709,-28.3698565055703,6.884890642328974,2.985806395055547
06 Jun 2026 17:26:35.927,494795.9267299972,31198.2272333462,37605508.54222523,134937059.2569914,58492469.18255694,-28.37091404823887,6.881177052202728,2.984196890902397
06 Jun 2026 17:40:51.059,495651.059370744,31198.23713071473,37581247.11647742,134942941.7101707,58495020.25801402,-28.37215608362085,6.876812962662283,2.98230544921493
06 Jun 2026 17:57:24.616,496644.6162003209,31198.24863021507,37553057.05053048,134949771.6956176,58497982.25618102,-28.37359822519858,6.871742172003213,2.98010770900488
06 Jun 2026 18:16:22.310,497782.3101815418,31198.26179796948,37520775.63982935,134957586.3321964,58501371.27516496,-28.37524832973358,6.865935400889253,2.977590977073109
06 Jun 2026 18:37:47.612,499067.6119475509,31198.27667414733,37484303.6858735,134966406.9149598,58505196.55077197,-28.37711091637335,6.859374790925335,2.974747509577574
06 Jun 2026 19:01:33.543,500493.5427583521,31198.29317797616,37443838.41702241,134976182.7192184,58509436.08564122,-28.37917529894722,6.852095803340601,2.97159267173964
06 Jun 2026 19:27:35.691,502055.6905430392,31198.31125839033,37399504.18630138,134986880.4765106,58514075.45278913,-28.3814344786561,6.844120789373082,2.96813614646671
06 Jun 2026 19:55:41.268,503741.2678763154,31198.33076738724,37351663.03118556,134998409.5185091,58519075.33225099,-28.38386933506717,6.835514855374323,2.964406147479889
06 Jun 2026 20:25:41.268,505541.2678765249,31198.35160072058,37300569.72868074,135010705.173449,58524407.67812073,-28.38646623662013,6.826323813626236,2.960422526222049
06 Jun 2026 20:55:41.268,507341.2678764202,31198.37243405391,37249471.75477549,135022984.2836678,58529732.85308338,-28.38905978975014,6.817131834410468,2.956438473972506
06 Jun 2026 21:25:41.268,509141.2678763154,31198.39326738724,37198369.11547998,135035246.8474827,58535050.85636508,-28.39164999352157,6.807938918031128,2.952453990817832
06 Jun 2026 21:55:41.268,510941.2678765249,31198.41410072058,37147261.81683279,135047492.8632049,58540361.68718936,-28.39423684699333,6.798745064797607,2.948469076847141
06 Jun 2026 22:25:41.268,512741.2678764202,31198.43493405391,37096149.86487427,135059722.3291462,58545665.3447799,-28.39682034922026,6.789550275019764,2.944483732150019
06 Jun 2026 22:49:33.974,514173.973606783,31198.45151629616,37055464.10604785,135069444.5136417,58549881.65094576,-28.3988742857893,6.782231034723644,2.94131129869262
06 Jun 2026 23:09:59.026,515399.0256452118,31198.4656951392,37020672.9323528,135077749.2659151,58553483.24868026,-28.4006288439492,6.775972161145294,2.938598455472985
06 Jun 2026 23:27:17.692,516437.6922186697,31198.47771674306,36991173.37648569,135084784.4856469,58556534.27808174,-28.40211523813622,6.770665203943214,2.936298201405092
06 Jun 2026 23:41:54.383,517314.3827495514,31198.4878636242,36966272.96138465,135090718.3001215,58559107.65180428,-28.40336896572626,6.76618560378392,2.934356551534757
06 Jun 2026 23:54:02.091,518042.0909286942,31198.49628617257,36945603.21900676,135095640.7557383,58561242.42062293,-28.40440903392089,6.762467085875344,2.93274478269597
07 Jun 2026 00:03:59.997,518639.9967488134,31198.50320637882,36928619.80217136,135099683.1607631,58562995.52988718,-28.40526317328812,6.759411730974885,2.931420454753108
07 Jun 2026 00:12:18.226,519138.2263283129,31198.50897292488,36914467.28259812,135103050.2653646,58564455.77534924,-28.4059746372121,6.756865652205048,2.930316867837602
07 Jun 2026 00:19:23.778,519563.7781308149,31198.51389829297,36902378.93963509,135105925.1989909,58565702.57640511,-28.40658211485419,6.754690918470147,2.929374237318001
07 Jun 2026 00:25:36.896,519936.8958194624,31198.51821678473,36891779.84203193,135108445.1379214,58566795.42355855,-28.40711458817299,6.752784100264638,2.928547732672061
07 Jun 2026 00:31:48.199,520308.1994061009,31198.52251427995,36881232.08015639,135110952.1185863,58567882.65113554,-28.40764432944832,6.750886513147695,2.927725228147304
07 Jun 2026 00:37:23.161,520643.1613078807,31198.52639115381,36871716.52156612,135113213.1216629,58568863.20327258,-28.40812209927363,6.749174620005602,2.926983211311585
07 Jun 2026 00:42:25.247,520945.2473170822,31198.52988751966,36863134.76026387,135115251.7196943,58569747.30287191,-28.40855287719365,6.747630718252542,2.926314009281811
07 Jun 2026 00:47:02.493,521222.4930321565,31198.5330963821,36855258.55591161,135117122.2749738,58570558.52575213,-28.40894814938739,6.746213747151033,2.925699824542994
07 Jun 2026 00:51:26.144,521486.1439400353,31198.53614789724,36847768.46140537,135118900.7427152,58571329.81217005,-28.40932396544545,6.744866236981937,2.925115747026532
07 Jun 2026 00:55:49.256,521749.2560718558,31198.53919317654,36840293.57428126,135120675.2219366,58572099.36892714,-28.40969894171773,6.743521460483504,2.924532853882526
07 Jun 2026 01:00:25.360,522025.3602723009,31198.54238882701,36832449.4827565,135122536.9417188,58572906.76028822,-28.41009235660803,6.742110259534528,2.923921168496352
07 Jun 2026 01:05:32.886,522332.8855653293,31198.54594814753,36823712.59341469,135124610.069465,58573805.83524295,-28.41053044974662,6.740538435809214,2.923239860435812
07 Jun 2026 01:11:08.196,522668.1963713723,31198.54982905964,36814186.15548897,135126869.9574999,58574785.90460848,-28.41100801378094,6.738824563643144,2.922496980548698
07 Jun 2026 01:17:00.617,523020.6174541265,31198.55390800736,36804173.42885504,135129244.543931,58575815.71657334,-28.41150982142523,6.737023200863909,2.921716176815869
07 Jun 2026 01:23:19.243,523399.2428395897,31198.55829024562,36793416.00795759,135131794.9855536,58576921.7936772,-28.41204879760027,6.735087857670536,2.920877297975709
07 Jun 2026 01:30:21.361,523821.3612393709,31198.56317587524,36781422.63260093,135134637.5346584,58578154.55233203,-28.41264951126387,6.732930151249629,2.919942033988421
07 Jun 2026 01:38:21.266,524301.2656306615,31198.56873032422,36767787.11350156,135137868.1087685,58579555.59019028,-28.41333223542331,6.730477002714473,2.918878708099933
07 Jun 2026 01:47:36.385,524856.3854228589,31198.57515532181,36752014.09129553,135141603.5421302,58581175.57612919,-28.41412166514002,6.72763928944824,2.91764868904609
07 Jun 2026 01:58:26.566,525506.5658594831,31198.58268055835,36733539.4847902,135145976.6410636,58583072.10587207,-28.41504587336127,6.724315523317507,2.9162079852446
07 Jun 2026 02:11:16.451,526276.4508623863,31198.5915912644,36711662.74603594,135151152.0756683,58585316.59394826,-28.41613967060723,6.720379661806732,2.91450196126167
07 Jun 2026 02:26:25.913,527185.9132740763,31198.60211744972,36685818.74786655,135157261.8940429,58587966.30746323,-28.41743097758367,6.715730022509562,2.912486539870746
07 Jun 2026 02:43:54.820,528234.8199165892,31198.6142575729,36656010.73515157,135164303.2553361,58591020.01482233,-28.41891921038142,6.710367176641039,2.910161965708586
07 Jun 2026 03:03:47.479,529427.478708874,31198.6280614941,36622115.65287188,135172302.7972476,58594489.26879821,-28.42061001831645,6.704268970181063,2.90751863243869
07 Jun 2026 03:26:13.303,530773.3029001392,31198.64363816298,36583865.22548848,135181320.9337878,58598400.2704221,-28.42251619361615,6.697387118721807,2.904535606509428
07 Jun 2026 03:51:02.917,532262.9171442473,31198.66087906859,36541525.0704577,135191291.7833752,58602724.44870272,-28.42462383644767,6.689769390818659,2.901233589133258
07 Jun 2026 04:18:06.255,533886.2547716126,31198.67966769853,36495380.44652871,135202144.7991263,58607431.20938576,-28.42691806095036,6.681467088364109,2.897634813031003
07 Jun 2026 04:47:10.709,535630.7086425601,31198.69985813685,36445788.85111256,135213792.5278626,58612482.62622451,-28.42938040655335,6.672544510632822,2.893767144969711
07 Jun 2026 05:17:10.709,537430.7086424553,31198.72069147019,36394613.68219389,135225794.8212748,58617687.81502953,-28.43191784435277,6.663336906249361,2.889775901502107
07 Jun 2026 05:47:10.709,539230.7086423505,31198.74152480352,36343433.94892504,135237780.5401583,58622885.81920896,-28.43445191651564,6.654128369921909,2.88578422867566
07 Jun 2026 06:17:10.709,541030.7086425601,31198.76235813685,36292249.65734719,135249749.6828399,58628076.63799188,-28.43698262203066,6.644918901964842,2.881792126586339
07 Jun 2026 06:47:10.709,542830.7086424553,31198.78319147019,36241060.81353017,135261702.247641,58633260.27060477,-28.43950995988078,6.635708502698077,2.877799595332821
07 Jun 2026 07:16:20.887,544580.8870702749,31198.80344816495,36191284.44864985,135273308.0840254,58638293.53595665,-28.44196411432142,6.626752142164031,2.873917160542928
07 Jun 2026 07:38:40.585,545920.5846615485,31198.81895392411,36153179.56072238,135282181.3352385,58642141.72499812,-28.44384052726693,6.619895781118844,2.870945024636712
07 Jun 2026 07:57:43.677,547063.6772251222,31198.83218416211,36120664.70378904,135289745.1450368,58645422.03139294,-28.44544009429503,6.614045206095048,2.868408871604446
07 Jun 2026 08:13:53.947,548033.9468582883,31198.84341413472,36093064.29882855,135296160.1429342,58648204.11700301,-28.44679675776928,6.609078878824503,2.866256021110412
07 Jun 2026 08:27:29.745,548849.7449011076,31198.8528562417,36069856.9926995,135301550.1132247,58650541.66468041,-28.44793667576205,6.604903005599128,2.864445818351398
07 Jun 2026 08:38:42.656,549522.6559674949,31198.86064456423,36050713.74508731,135305993.4665977,58652468.6795745,-28.44887641588252,6.601458392546935,2.862952606212735
07 Jun 2026 08:47:57.320,550077.3204780766,31198.86706429236,36034933.94824287,135309654.2738282,58654056.3164233,-28.44965066683638,6.59861898262989,2.861721742087165
07 Jun 2026 08:55:44.031,550544.0312946565,31198.87246603792,36021656.03657208,135312733.3631445,58655391.6712255,-28.45030189594502,6.59622975232788,2.860686025755698
07 Jun 2026 09:02:26.501,550946.5012663859,31198.87712425518,36010205.53140069,135315387.7329188,58656542.8317107,-28.45086330392133,6.594169339671813,2.85979284842389
07 Jun 2026 09:08:22.865,551302.8645862942,31198.88124883065,36000066.59874766,135317737.327921,58657561.81606576,-28.45136025665554,6.59234492751935,2.859001974916046
07 Jun 2026 09:14:17.196,551657.1957113687,31198.88534988534,35989985.30873655,135320072.8795309,58658574.71013314,-28.45185424437014,6.590530883125406,2.858215594781953
07 Jun 2026 09:19:39.026,551979.0259848931,31198.88907477276,35980828.56852818,135322193.6467493,58659494.45550334,-28.45230280800321,6.588883199868809,2.857501330594873
07 Jun 2026 09:24:31.043,552271.0429312661,31198.89245459853,35972519.95452943,135324117.4940086,58660328.79968705,-28.45270972480442,6.587388127008956,2.856853221701893
07 Jun 2026 09:29:01.515,552541.5152399219,31198.89558506506,35964824.23348183,135325899.0128101,58661101.41819105,-28.45308654058566,6.586003336898843,2.856252919394872
07 Jun 2026 09:33:22.681,552802.6809479808,31198.89860781631,35957393.21548431,135327618.876425,58661847.29781422,-28.45345031832582,6.584666175705564,2.855673263528133
07 Jun 2026 09:37:48.180,553068.179984414,31198.90168072183,35949838.802766,135329366.9184928,58662605.39808635,-28.45382005914384,6.583306807941643,2.855083980616798
07 Jun 2026 09:42:31.526,553351.5263487934,31198.90496019364,35941776.46040543,135331232.0690079,58663414.28665341,-28.45421457362582,6.581856038704493,2.854455074752646
07 Jun 2026 09:47:49.019,553669.0192960901,31198.90863488053,35932742.37779527,135333321.5038178,58664320.44413828,-28.45465653241362,6.580230407290617,2.853750365691448
07 Jun 2026 09:53:28.770,554008.7702092482,31198.91256718276,35923074.80193876,135335556.8475861,58665289.8803227,-28.4551293585933,6.578490778344479,2.852996237965123
07 Jun 2026 09:59:27.197,554367.1969571617,31198.91671564049,35912875.63308598,135337914.4257344,58666312.32790478,-28.45562804530733,6.576655487515128,2.852200639897292
07 Jun 2026 10:05:56.846,554756.8464935641,31198.92122547309,35901787.80521463,135340476.627782,58667423.51805419,-28.45617002111531,6.574660281515497,2.851335717489952
07 Jun 2026 10:13:16.910,555196.9099639216,31198.9263188003,35889265.14964443,135343369.3997816,58668678.07180665,-28.45678192904833,6.572406877912976,2.850358864893116
07 Jun 2026 10:21:39.193,555699.1931930417,31198.9321322636,35874971.60997424,135346669.963579,58670109.47924013,-28.45748010692629,6.569834801906861,2.849243865626862
07 Jun 2026 10:31:24.403,556284.4027215731,31198.93890552203,35858317.78352801,135350513.8166268,58671776.50377019,-28.45829322147603,6.566837988334957,2.84794473938343
07 Jun 2026 10:42:54.124,556974.1239063093,31198.94688840611,35838689.16545188,135355041.8858175,58673740.2635453,-28.45925109069008,6.563305852494217,2.846413546089481
07 Jun 2026 10:56:31.487,557791.4868741296,31198.95634862564,35815427.16383357,135360404.7782464,58676066.07496362,-28.46038558399052,6.559119872957259,2.844598904355855
07 Jun 2026 11:12:26.504,558746.5036922833,31198.96740206104,35788246.38434023,135366666.5124709,58678781.70227652,-28.46171025752993,6.55422868114618,2.842478543060562
07 Jun 2026 11:30:48.662,559848.6624297802,31198.98015852791,35756876.21976645,135373887.2020028,58681913.21625096,-28.46323784502599,6.548583565971862,2.840031342385653
07 Jun 2026 11:51:42.965,561102.9653820209,31198.99467592319,35721173.60703407,135382097.0804238,58685473.72921889,-28.46497476270399,6.542158764461149,2.837246129926818
07 Jun 2026 12:15:09.120,562509.1196939,31199.01095085736,35681146.09214354,135391291.3008725,58689461.13966455,-28.46692000822387,6.534955613018047,2.834123480453331
07 Jun 2026 12:41:04.251,564064.2505504307,31199.02895005708,35636874.6352021,135401447.8172482,58693865.88703518,-28.46906894267586,6.526988656769228,2.830669694365595
07 Jun 2026 13:09:12.672,565752.6715783635,31199.04849196713,35588804.89291225,135412460.8193415,58698642.08338816,-28.47139920467519,6.518338069608456,2.826919522890789
07 Jun 2026 13:39:12.672,567552.6715782587,31199.06932530046,35537554.14097567,135424185.5271591,58703726.94001767,-28.47388018429049,6.509114911974997,2.822921107581164
07 Jun 2026 14:09:12.672,569352.671578154,31199.09015863379,35486298.92632048,135435893.6324591,58708804.59911473,-28.47635778072683,6.499890827818069,2.818922264629778
07 Jun 2026 14:39:12.672,571152.6715783635,31199.11099196713,35435039.25501949,135447585.1335781,58713875.05991146,-28.47883199289483,6.490665817466678,2.814922994144419
07 Jun 2026 15:09:12.672,572952.6715782587,31199.13182530046,35383775.13320115,135459260.028841,58718938.32163484,-28.48130281969765,6.481439881260558,2.810923296237883
07 Jun 2026 15:39:12.672,574752.671578154,31199.15265863379,35332506.56694222,135470918.3165858,58723994.3835174,-28.48377026003616,6.472213019530863,2.806923171019599
07 Jun 2026 16:03:58.090,576238.0898611271,31199.16985097503,35290194.74313509,135480526.6044808,58728161.38660343,-28.48580392049923,6.464598017676698,2.803621816429022
07 Jun 2026 16:25:14.127,577514.1271119704,31199.18461992469,35253844.68259691,135488771.498421,58731737.10292918,-28.48754907843471,6.458055905433924,2.800785580681829
07 Jun 2026 16:43:21.494,578601.4942413429,31199.19720519239,35222867.45023465,135495790.7450235,58734781.271009,-28.48903485968039,6.452480718855177,2.79836853084718
07 Jun 2026 16:58:42.989,579522.9892160743,31199.20787064349,35196614.368021,135501734.4965719,58737359.00973091,-28.49029302438237,6.44775573366162,2.796320067321398
07 Jun 2026 17:11:34.437,580294.4374324987,31199.21679944229,35174635.17623196,135506707.0803927,58739515.56434716,-28.49134563915268,6.443799930141463,2.794605068474296
07 Jun 2026 17:22:09.356,580929.355532059,31199.22414803141,35156545.23030844,135510797.3320096,58741289.46158326,-28.49221149596967,6.440544093337417,2.793193529550358
07 Jun 2026 17:30:55.403,581455.4034120636,31199.23023654854,35141556.77424464,135514184.6570331,58742758.50750142,-28.49292856358047,6.437846451952947,2.792023988787889
07 Jun 2026 17:38:20.894,581900.8941786597,31199.23539269167,35128863.30243502,135517052.1493031,58744002.10778692,-28.4935355954529,6.435561856124572,2.791033518858957
07 Jun 2026 17:44:47.993,582287.9926815745,31199.23987299842,35117833.39540921,135519542.9614302,58745082.34610209,-28.4940628925131,6.433576665497815,2.7901728525765
07 Jun 2026 17:50:33.081,582633.0811066437,31199.24386707741,35108000.34303287,135521762.8089045,58746045.07006842,-28.49453283209957,6.431806882753853,2.789405573935998
07 Jun 2026 17:56:16.073,582976.0725433007,31199.2478368857,35098226.8821947,135523968.5619169,58747001.68150602,-28.49499979246274,6.430047820753321,2.788642942253734
07 Jun 2026 18:01:29.057,583289.0572848148,31199.25145939429,35089308.31539063,135525980.8175693,58747874.3752888,-28.49542579318398,6.428442621487099,2.787947016084667
07 Jun 2026 18:06:14.092,583574.0922401659,31199.25475840997,35081186.06769179,135527812.9400822,58748668.94731606,-28.49581366245311,6.426980743494748,2.787313225451671
07 Jun 2026 18:10:40.740,583840.7399423537,31199.25784461023,35073587.67608901,135529526.4973969,58749412.09893336,-28.49617643372748,6.425613148481984,2.78672031018482
07 Jun 2026 18:15:01.439,584101.4386364375,31199.26086195623,35066158.71388218,135531201.4720633,58750138.51771618,-28.49653103945156,6.424276045423585,2.786140614024032
07 Jun 2026 18:19:28.707,584368.707051035,31199.26395534066,35058542.44264526,135532918.2949471,58750883.0856796,-28.49689450749907,6.422905226679387,2.785546299978681
07 Jun 2026 18:24:16.450,584656.4498271444,31199.26728569686,35050342.61082055,135534766.227195,58751684.51444871,-28.49728573574193,6.421429372249663,2.784906447403401
07 Jun 2026 18:29:40.735,584980.7349515031,31199.27103899691,35041101.29349498,135536848.3315248,58752587.5012577,-28.49772654468858,6.419766061076281,2.784185322674781
07 Jun 2026 18:35:23.681,585323.6812679563,31199.27500828298,35031328.02322961,135539049.6650174,58753542.19658704,-28.4981926004157,6.418007001009428,2.783422685306181
07 Jun 2026 18:41:27.984,585687.9836962558,31199.27922474627,35020945.97231337,135541387.4201772,58754556.05666092,-28.49868754362458,6.416138363233791,2.782612539671681
07 Jun 2026 18:48:07.833,586087.8325298312,31199.28385262629,35009550.69676075,135543952.495572,58755668.50326415,-28.49923062031583,6.414087351671453,2.781723324864495
07 Jun 2026 18:55:40.673,586540.6734831864,31199.28909384103,34996644.9387833,135546856.531054,58756927.9534813,-28.49984546888759,6.411764463756331,2.780716236664436
07 Jun 2026 19:04:21.976,587061.9756684406,31199.29512743113,34981787.72262847,135550198.3008666,58758377.24474128,-28.50055300521302,6.409090325535926,2.779556861811832
07 Jun 2026 19:14:31.402,587671.4024039917,31199.30218098131,34964418.47170673,135554103.2192422,58760070.76799622,-28.50137978734305,6.405964034238607,2.778201452818771
07 Jun 2026 19:26:32.923,588392.9232150782,31199.31053191663,34943853.78006203,135558723.9202773,58762074.71922577,-28.50235813929453,6.402262576067257,2.77659667533398
07 Jun 2026 19:40:47.474,589247.4737838842,31199.32042254821,34919496.57885912,135564193.1041973,58764446.64935841,-28.50351616814866,6.397878473082628,2.774695929819916
07 Jun 2026 19:57:25.901,590245.9011934348,31199.33197842101,34891037.21201777,135570578.3642281,58767215.87314062,-28.50486819935471,6.392755975012651,2.772475042621104
07 Jun 2026 20:16:42.617,591402.6172435144,31199.34536633825,34858064.26816763,135577969.5351698,58770421.35133728,-28.50643327185799,6.386821011778965,2.769901896544862
07 Jun 2026 20:38:34.414,592714.4135003211,31199.3605491653,34820668.472478,135586343.3281879,58774052.98416758,-28.50820647458707,6.380089890937472,2.766983557421345
07 Jun 2026 21:02:56.326,594176.3263196102,31199.37746945256,34778990.51681916,135595664.9798378,58778095.6954477,-28.51018046844028,6.372587911539864,2.763730988990773
07 Jun 2026 21:29:45.467,595785.4667799664,31199.39609376344,34733111.88546171,135605912.7246796,58782540.0461202,-28.51235066827833,6.364329713263448,2.760150533125609
07 Jun 2026 21:58:46.831,597526.8312779604,31199.41624844513,34683459.44765538,135616987.5607996,58787343.10038874,-28.51469613265989,6.355392104478066,2.756275485649711
07 Jun 2026 22:28:46.831,599326.8312778557,31199.43708177847,34632130.81513298,135628418.9512062,58792300.79097288,-28.51711722730429,6.346152641273341,2.75226953818582
07 Jun 2026 22:58:46.831,601126.8312780652,31199.4579151118,34580797.82770289,135639833.7097506,58797251.27046856,-28.51953491878961,6.336912257584399,2.748263165138165
07 Jun 2026 23:28:46.831,602926.8312779604,31199.47874844513,34529460.4915008,135651231.8347742,58802194.53810894,-28.52194920593565,6.327670953767488,2.744256366633139
07 Jun 2026 23:58:46.831,604726.8312778557,31199.49958177847,34478118.8126377,135662613.324625,58807130.59313006,-28.52436008755813,6.318428730175533,2.740249142796119
08 Jun 2026 00:28:18.273,606498.2733595767,31199.52008458034,34427587.46181131,135673797.998344,58811981.29249609,-28.52672939325037,6.309332241524158,2.736305080471564
08 Jun 2026 00:51:46.380,607906.3802084536,31199.53638211331,34387417.45422344,135682677.1210784,58815832.0949603,-28.52861038316215,6.302100871674177,2.733169679376601
08 Jun 2026 01:11:53.847,609113.8474910636,31199.55035742908,34352969.11762096,135690282.9577217,58819130.68459608,-28.53022169155747,6.29589944380602,2.730480830942197
08 Jun 2026 01:29:02.776,610142.7760870778,31199.56226632487,34323612.85081947,135696758.2698811,58821938.97556096,-28.53159353768704,6.290614646100422,2.728189410487923
08 Jun 2026 01:43:34.104,611014.1038707574,31199.57235113718,34298751.97486823,135702237.5073721,58824315.27737115,-28.53275438700012,6.286139085280408,2.726248857954886
08 Jun 2026 01:55:39.867,611739.8668843671,31199.58075117206,34278043.60637834,135706798.401791,58826293.30138597,-28.53372069370585,6.282411051269906,2.724632419822256
08 Jun 2026 02:05:37.440,612337.4396979692,31199.58766752407,34260992.39300318,135710551.6826684,58827921.06997027,-28.53451590710894,6.279341381088917,2.723301438385904
08 Jun 2026 02:13:55.645,612835.6452233973,31199.59343379172,34246776.17443204,135713679.4477108,58829277.55736664,-28.53517860115967,6.276782073135254,2.7221917431839
08 Jun 2026 02:21:00.818,613260.8183648321,31199.59835477716,34234643.66271383,135716347.7025348,58830434.75885246,-28.53574394358354,6.274597880768032,2.721244693446507
08 Jun 2026 02:27:13.299,613633.2986590918,31199.60266589167,34224014.56820573,135718684.5102207,58831448.21435311,-28.53623906514434,6.272684339140716,2.720414994655238
08 Jun 2026 02:33:23.922,614003.9216280682,31199.60695550937,34213438.29128818,135721008.9582749,58832456.30964644,-28.53673157280042,6.270780300141532,2.719589415005756
08 Jun 2026 02:38:58.207,614338.2073230576,31199.61082455677,34203898.79591086,135723104.9033765,58833365.30502126,-28.53717566903921,6.269062906942418,2.718844762861807
08 Jun 2026 02:43:59.581,614639.5805199165,31199.61431267247,34195298.3957412,135724993.9975919,58834184.59079534,-28.53757594034666,6.267514574623692,2.718173413786784
08 Jun 2026 02:48:35.877,614915.8767666318,31199.6175105457,34187413.51993275,135726725.4922416,58834935.52687792,-28.53794282142151,6.266095054827953,2.71755791651385
08 Jun 2026 02:52:58.297,615178.2965129125,31199.62054781128,34179924.55450561,135728369.6624132,58835648.59103254,-28.53829120205874,6.264746807941849,2.716973322265263
08 Jun 2026 02:57:19.894,615439.894117706,31199.62357556133,34172458.96046513,135730008.329374,58836359.26852028,-28.53863841902935,6.263402765607416,2.716390550528025
08 Jun 2026 03:01:53.919,615713.9192517148,31199.62674714853,34164638.60643256,135731724.4662529,58837103.54416268,-28.53900205366014,6.261994852046271,2.715780083860601
08 Jun 2026 03:06:58.017,616018.0173995323,31199.63026680302,34155959.88742093,135733628.4897206,58837929.30484705,-28.53940550291382,6.260432401480844,2.715102609734298
08 Jun 2026 03:12:31.697,616351.6974047874,31199.63412884012,34146436.78459883,135735717.1847956,58838835.15627319,-28.53984808650419,6.258717929768003,2.714359218793214
08 Jun 2026 03:18:18.200,616698.2004988706,31199.6381392926,34136547.55932507,135737885.5414687,58839775.55639566,-28.54030755408106,6.256937538753594,2.71358724442496
08 Jun 2026 03:24:34.836,617074.8363611405,31199.64249850397,34125798.1619608,135740241.7640895,58840797.43264475,-28.54080683457123,6.255002281981846,2.712748119417627
08 Jun 2026 03:31:35.754,617495.7538288669,31199.64737023392,34113784.7204197,135742874.1486249,58841939.07834551,-28.5413646392479,6.25283944685925,2.711810315326916
08 Jun 2026 03:39:34.917,617974.9168328592,31199.65291610202,34100108.60232247,135745869.6880646,58843238.22174478,-28.54199940426798,6.250377262849472,2.710742711948564
08 Jun 2026 03:48:48.926,618528.9263932616,31199.65932824971,34084295.85854962,135749331.6682333,58844739.65718921,-28.54273301959058,6.24753039806438,2.709508308563564
08 Jun 2026 03:59:40.817,619180.816883035,31199.66687327853,34065688.84109649,135753403.2819878,58846505.48643926,-28.54359583369454,6.244180445616865,2.70805576262706
08 Jun 2026 04:12:35.766,619955.7660092949,31199.67584259712,34043568.60920136,135758240.6610673,58848603.42279331,-28.54462093991568,6.240197959739551,2.706328944393729
08 Jun 2026 04:27:50.213,620870.2132055419,31199.6864264767,34017465.50785553,135763944.8438487,58851077.28600292,-28.54582976017891,6.235498370811273,2.704291181673844
08 Jun 2026 04:45:36.630,621936.6297406959,31199.69876926067,33987023.01181665,135770591.5599824,58853959.91965074,-28.54723835666026,6.230017472121371,2.701914630831139
08 Jun 2026 05:05:48.688,623148.6876699259,31199.71279770893,33952421.13571015,135778138.9266474,58857233.15965625,-28.54883786948298,6.223787652195668,2.699213331795841
08 Jun 2026 05:28:47.344,624527.344378992,31199.7287543838,33913060.83579019,135786714.5082992,58860952.33006379,-28.55065535256136,6.216701031542484,2.696140502442912
08 Jun 2026 05:54:26.072,626066.0719738109,31199.74656373097,33869127.59540245,135796274.2320975,58865098.31705385,-28.55268148771464,6.208790974660444,2.692710604362857
08 Jun 2026 06:22:28.608,627748.6078291666,31199.76603752559,33821084.82321306,135806713.4685958,58869625.74380957,-28.55489412228846,6.20014088479935,2.688959796434307
08 Jun 2026 06:52:28.608,629548.6078290618,31199.78687085892,33769683.88587494,135817865.3929401,58874462.25973754,-28.5572579184136,6.190886014853054,2.684946720879239
08 Jun 2026 07:22:28.608,631348.607828957,31199.80770419225,33718278.6967939,135829000.6576936,58879291.55174766,-28.5596182908537,6.181630230600924,2.680933222006392
08 Jun 2026 07:52:28.608,633148.6078291666,31199.82853752559,33666869.26211575,135840119.2612148,58884113.61907976,-28.56197523833785,6.172373532424198,2.676919299960604
08 Jun 2026 08:22:28.608,634948.6078290618,31199.84937085892,33615455.58801556,135851221.201857,58888928.46097145,-28.56432875958826,6.163115920711035,2.67290495489021
08 Jun 2026 08:52:28.608,636748.607828957,31199.87020419225,33564037.68067068,135862306.4779744,58893736.07666057,-28.56667885332145,6.153857395851723,2.668890186944965
08 Jun 2026 09:18:00.733,638280.7326954324,31199.88793711895,33520268.43101202,135871728.9183573,58897822.53160589,-28.56867650592237,6.145976001077826,2.665472561784556
08 Jun 2026 09:40:08.059,639608.0585545627,31199.90329968676,33482347.34051678,135879882.0995124,58901358.51715587,-28.57040512354708,6.139147577282694,2.66251152278107
08 Jun 2026 09:59:03.166,640743.166293588,31199.91643750781,33449916.01426683,135886847.3789836,58904379.31732363,-28.57188192968134,6.133307625562243,2.659979107582043
08 Jun 2026 10:15:09.919,641709.9187627318,31199.9276267725,33422293.46933583,135892774.3649437,58906949.81608506,-28.5731386249319,6.128333549416026,2.657822159030331
08 Jun 2026 10:28:45.567,642525.5671690917,31199.93706714758,33398987.40221288,135897771.2188811,58909116.92229569,-28.57419812780698,6.124136720185256,2.656002248244846
08 Jun 2026 10:40:01.834,643201.8337949412,31199.9448943076,33379663.32878779,135901911.5915269,58910912.57773989,-28.57507604341134,6.12065692266918,2.654493266509097
08 Jun 2026 10:49:20.364,643760.3637193912,31199.95135877432,33363703.0913325,135905329.358951,58912394.84361219,-28.5758007501963,6.117782854122992,2.653246950619818
08 Jun 2026 10:57:09.767,644229.7674343223,31199.95679168768,33350289.36140582,135908200.5020269,58913640.0417456,-28.57640955776444,6.115367341020873,2.652199481470598
08 Jun 2026 11:03:54.165,644634.1648378875,31199.96147221319,33338733.02955712,135910673.1199183,58914712.40185993,-28.57693386612823,6.113286295392853,2.65129705016254
08 Jun 2026 11:09:51.697,644991.697028128,31199.96561031724,33328515.77296591,135912858.487642,58915660.18326931,-28.57739726853211,6.111446381778047,2.650499182980238
08 Jun 2026 11:15:47.373,645347.3726238823,31199.96972693293,33318351.40820475,135915031.8544625,58916602.75998869,-28.57785813011836,6.109615986811645,2.64970544244433
08 Jun 2026 11:21:10.277,645670.2769011492,31199.97346425096,33309123.42804383,135917004.4073005,58917458.24486412,-28.57827641258248,6.107954210390546,2.64898482148428
08 Jun 2026 11:26:03.053,645963.0534748896,31199.97685286871,33300756.3226945,135918792.4526342,58918233.7099138,-28.57865557278049,6.106447456155117,2.648331424361791
08 Jun 2026 11:30:33.779,646233.7786139105,31199.97998626152,33293019.31474227,135920445.432872,58918950.59802176,-28.5790060943969,6.105054166649873,2.647727230067912
08 Jun 2026 11:34:54.429,646494.4287051097,31199.98300304498,33285570.15022369,135922036.5409722,58919640.65255348,-28.57934349790197,6.103712709009757,2.647145511873129
08 Jun 2026 11:39:17.596,646757.5960908551,31199.9860489638,33278048.95429146,135923642.6608683,58920337.21763267,-28.57968408687424,6.102358276529712,2.646558166612014
08 Jun 2026 11:43:57.148,647037.1482436429,31199.98928452113,33270059.39152713,135925348.3871531,58921076.9814555,-28.58004580042091,6.100919495943273,2.64593424343524
08 Jun 2026 11:46:33.301,647193.3005006053,31199.99109183891,33265596.53709882,135926300.9967535,58921490.12284868,-28.58024781031539,6.100115812243233,2.645585727963189
