CislunarSat.UTCGregorian,CislunarSat.ElapsedSecs,CislunarSat.A1ModJulian,Luna.EarthMJ2000Eq.X,Luna.EarthMJ2000Eq.Y,Luna.EarthMJ2000Eq.Z,Luna.EarthMJ2000Eq.VX,Luna.EarthMJ2000Eq.VY,Luna.EarthMJ2000Eq.VZ
01 Jun 2026 00:00:00.000,0,31192.50042863868,-90338.17027856602,-348474.3183721763,-188488.7354932438,0.9460713595038985,-0.2096786850484108,-0.06901653258619639
01 Jun 2026 00:01:00.000,59.99999988125637,31192.50112308312,-90281.4050411676,-348486.8953683675,-188492.8744628048,0.9461032207568604,-0.2095545214061869,-0.06894911947421059
01 Jun 2026 00:03:12.977,192.9773640003987,31192.50266217298,-90155.59003742918,-348514.7430789143,-188502.0332008305,0.9461737611366576,-0.20927932277364,-0.06879970727510915
01 Jun 2026 00:05:31.271,331.2713288585655,31192.50426279757,-90024.73485034247,-348543.6653548464,-188511.5370402055,0.9462470145310432,-0.2089930978905476,-0.06864431375232991
01 Jun 2026 00:07:51.762,471.7620112700388,31192.50588884714,-89891.79074064124,-348573.006511022,-188521.169837163,0.9463213195051812,-0.2087023020238617,-0.06848644393697675
01 Jun 2026 00:10:47.242,647.2417735378258,31192.50791986291,-89725.72236861539,-348609.5976701599,-188533.1705200823,0.9464139714928379,-0.2083390491085771,-0.06828924554288343
01 Jun 2026 00:13:28.226,808.2256864872761,31192.50978310264,-89573.35811301693,-348643.1100796238,-188544.149427627,0.9464988148600422,-0.2080057696621338,-0.06810832615237168
01 Jun 2026 00:16:13.470,973.469702876173,31192.51169564913,-89416.94766249842,-348677.4535212255,-188555.3885767538,0.9465857492344932,-0.207663637131047,-0.0679226082307977
01 Jun 2026 00:19:16.509,1156.509349518456,31192.51381416355,-89243.67614215994,-348715.429513013,-188567.8022786785,0.9466818634728288,-0.2072846197042324,-0.06771687695143802
01 Jun 2026 00:22:47.231,1367.230694170576,31192.51625306801,-89044.17842933012,-348759.0628295348,-188582.0467144855,0.9467922760128492,-0.2068482307421746,-0.06748001558903237
01 Jun 2026 00:26:54.270,1614.270219672471,31192.51911232177,-88810.26735910232,-348810.0993182742,-188598.6826436406,0.9469213947896934,-0.206336559398218,-0.06720230814465537
01 Jun 2026 00:31:41.530,1901.529652811587,31192.52243708373,-88538.23374317447,-348869.2859740471,-188617.9407560213,0.9470710958989668,-0.2057414892746478,-0.06687935722859584
01 Jun 2026 00:37:14.064,2234.063729422633,31192.52628585777,-88223.27159804173,-348937.5874784036,-188640.1182566596,0.9472438014043025,-0.2050525038210051,-0.0665054654683096
01 Jun 2026 00:43:44.694,2624.693727213889,31192.5308070383,-87853.21025859931,-349017.5290303263,-188666.0114926143,0.9474458711510264,-0.2042429744893866,-0.06606619654148493
01 Jun 2026 00:51:33.355,3093.354889028706,31192.5362313573,-87409.12258705735,-349113.0221418418,-188696.8506418944,0.9476871528983088,-0.2032714893246238,-0.06553910142606113
01 Jun 2026 01:01:01.958,3661.957782693207,31192.54281240931,-86870.18209705115,-349228.2677223146,-188733.9345277208,0.9479781990345865,-0.2020924760183039,-0.0648994886407222
01 Jun 2026 01:12:10.057,4330.057120753918,31192.55054504054,-86236.72490172926,-349362.8226680958,-188777.0427393811,0.948317807146411,-0.2007066531620767,-0.06414779420601449
01 Jun 2026 01:24:55.614,5095.614430122077,31192.55940565754,-85510.58530499673,-349515.8670611652,-188825.8217808586,0.9487038106211129,-0.1991180139969576,-0.06328623766133593
01 Jun 2026 01:39:30.649,5970.649442612194,31192.56953337759,-84680.24469995993,-349689.3075323109,-188880.768506101,0.9491408998071453,-0.1973013339877263,-0.06230120398152689
01 Jun 2026 01:56:16.622,6976.621897111181,31192.5811765773,-83725.1845943864,-349886.736276837,-188942.8720580824,0.9496379684312358,-0.1952116884176022,-0.0611684205646751
01 Jun 2026 02:15:38.735,8138.73460998293,31192.59462695592,-82621.26803342107,-350112.1908916016,-189013.1960624113,0.9502049617504826,-0.1927962203715395,-0.05985935247736995
01 Jun 2026 02:40:02.206,9602.205773955211,31192.61156527958,-81230.15456402226,-350392.1154406457,-189099.591794761,0.9509079602464341,-0.1897521401318849,-0.0582101273478413
01 Jun 2026 03:09:01.008,11341.00830039242,31192.63169030882,-79575.99861087586,-350718.910229941,-189199.1034194537,0.9517272285031103,-0.1861321660274789,-0.05624964786647541
01 Jun 2026 03:39:01.008,13141.00830028765,31192.65252364215,-77862.13998780012,-351050.5727954073,-189298.5254411684,0.952557026619348,-0.1823811914725456,-0.05421908409260381
01 Jun 2026 04:09:01.008,14941.0083004972,31192.67335697549,-76146.80449661292,-351375.480362898,-189394.291480614,0.9533681901292875,-0.1786266232692692,-0.05218745110775076
01 Jun 2026 04:39:01.008,16741.00830039242,31192.69419030882,-74430.02569302777,-351693.6265212882,-189486.3996444743,0.9541607054912915,-0.1748685255001436,-0.05015478372464682
01 Jun 2026 05:09:01.008,18541.00830028765,31192.71502364215,-72711.83715481579,-352005.0049752241,-189574.8481022163,0.9549345594081001,-0.1711069622787411,-0.04812111676140297
01 Jun 2026 05:39:01.008,20341.0083004972,31192.73585697549,-70992.27248466373,-352309.6095445671,-189659.635085923,0.9556897388251732,-0.1673419977564225,-0.04608648504514627
01 Jun 2026 06:09:01.008,22141.00830039242,31192.75669030882,-69271.36530823764,-352607.434164737,-189740.7588903887,0.9564262309312742,-0.1635736961185556,-0.04405092340997983
01 Jun 2026 06:39:01.008,23941.00830028765,31192.77752364215,-67549.14927434601,-352898.4728866682,-189818.2178731021,0.9571440231580907,-0.1598021215853304,-0.04201446669742864
01 Jun 2026 07:09:01.008,25741.0083004972,31192.79835697549,-65825.65805329895,-353182.7198770724,-189892.0104543124,0.9578431031806125,-0.1560273384086276,-0.03997714975475417
01 Jun 2026 07:39:01.008,27541.00830039242,31192.81919030882,-64100.92533827564,-353460.169418194,-189962.1351169604,0.9585234589162603,-0.1522494108754754,-0.03793900743682629
01 Jun 2026 08:09:01.008,29341.00830028765,31192.84002364215,-62374.98484398617,-353730.8159080268,-190028.5904067331,0.9591850785251528,-0.1484684033055855,-0.03590007460479717
01 Jun 2026 08:39:01.008,31141.0083004972,31192.86085697549,-60647.87030502781,-353994.6538605549,-190091.3749321176,0.9598279504104253,-0.1446843800482191,-0.03386038612441752
01 Jun 2026 09:09:01.008,32941.00830039242,31192.88169030882,-58919.61547876557,-354251.6779052989,-190150.4873642887,0.9604520632168576,-0.1408974054889678,-0.0318199768696972
01 Jun 2026 09:39:01.008,34741.00830028765,31192.90252364215,-57190.25414067335,-354501.8827880176,-190205.9264372729,0.9610574058323172,-0.1371075440400195,-0.02977888171766322
01 Jun 2026 10:09:01.008,36541.0083004972,31192.92335697549,-55459.82008721642,-354745.263370261,-190257.6909478391,0.9616439673864063,-0.133314860146948,-0.02773713555202412
01 Jun 2026 10:39:01.008,38341.00830039242,31192.94419030882,-53728.34713420937,-354981.8146296122,-190305.7797555536,0.9622117372507869,-0.1295194182855929,-0.02569477326149337
01 Jun 2026 11:09:01.008,40141.00830028765,31192.96502364215,-51995.86911547276,-355211.5316598597,-190350.1917828108,0.9627607050393296,-0.1257212829595946,-0.02365182973846791
01 Jun 2026 11:39:01.008,41941.0083004972,31192.98585697549,-50262.41988421188,-355434.409670803,-190390.9260147915,0.9632908606073849,-0.1219205187038989,-0.02160833988091924
01 Jun 2026 12:09:01.008,43741.00830039242,31193.00669030882,-48528.03331137246,-355650.4439884711,-190427.9814995044,0.963802194052046,-0.118117190081637,-0.01956433859071926
01 Jun 2026 12:39:01.008,45541.00830028765,31193.02752364215,-46792.74328581117,-355859.6300550963,-190461.35734778,0.9642946957118281,-0.1143113616849877,-0.01751986077410838
01 Jun 2026 13:09:01.008,47341.0083004972,31193.04835697549,-45056.58371234556,-356061.9634293449,-190491.0527333049,0.9647683561669491,-0.1105030981313897,-0.0154749413396659
01 Jun 2026 13:39:01.008,49141.00830039242,31193.06919030882,-43319.58851465411,-356257.4397859733,-190517.0668925687,0.9652231662382684,-0.1066924640703959,-0.01342961520199559
01 Jun 2026 14:09:01.008,50941.00830028765,31193.09002364215,-41581.79163090124,-356446.0549163404,-190539.3991249398,0.9656591169882293,-0.1028795241745725,-0.01138391727684296
01 Jun 2026 14:39:01.008,52741.0083004972,31193.11085697549,-39843.22701512132,-356627.804728232,-190558.0487926337,0.9660761997201891,-0.09906434314303163,-0.009337882482998191
01 Jun 2026 15:09:01.008,54541.00830039242,31193.13169030882,-38103.92863860786,-356802.6852457295,-190573.0153207046,0.9664744059778677,-0.09524698570498237,-0.007291545744203442
01 Jun 2026 15:39:01.008,56341.00830028765,31193.15252364215,-36363.93048553323,-356970.6926096651,-190584.2981970912,0.9668537275461401,-0.09142751661062151,-0.005244941984272465
01 Jun 2026 16:09:01.008,58141.0083004972,31193.17335697549,-34623.26655585557,-357131.8230773236,-190591.8969725874,0.9672141564501007,-0.08760600063801961,-0.003198106130787416
01 Jun 2026 16:39:01.008,59941.00830039242,31193.19419030882,-32881.97086336766,-357286.0730226424,-190595.8112608608,0.9675556849552706,-0.08378250258934816,-0.001151073113080361
01 Jun 2026 17:09:01.008,61741.00830028765,31193.21502364215,-31140.07743587244,-357433.4389361996,-190596.040738454,0.9678783055673226,-0.07995708729177727,0.0008961221372816731
01 Jun 2026 17:39:01.008,63541.0083004972,31193.23585697549,-29397.62031322953,-357573.9174253834,-190592.5851447859,0.9681820110322051,-0.07612981959370066,0.002943444688512584
01 Jun 2026 18:09:01.008,65341.00830039242,31193.25669030882,-27654.63355026995,-357707.50521416,-190585.4442821595,0.9684667943353955,-0.07230076437165595,0.004990859604900766
01 Jun 2026 18:39:01.008,67141.00830028765,31193.27752364215,-25911.15121240917,-357834.1991434378,-190574.6180157574,0.9687326487024466,-0.06846998652121002,0.007038331951681121
01 Jun 2026 19:09:01.008,68941.0083004972,31193.29835697549,-24167.20737704041,-357953.9961709507,-190560.1062736417,0.9689795675984846,-0.06463755096054286,0.009085826793112801
01 Jun 2026 19:39:01.008,70741.00830039242,31193.31919030882,-22422.83613493171,-358066.8933711833,-190541.909046777,0.9692075447278278,-0.06080352263404559,0.01113330919055422
01 Jun 2026 20:09:01.008,72541.00830028765,31193.34002364215,-20678.07158583567,-358172.8879356794,-190520.0263889965,0.9694165740343837,-0.05696796650320327,0.01318074420733008
01 Jun 2026 20:39:01.008,74341.0083004972,31193.36085697549,-18932.9478414092,-358271.9771728553,-190494.4584170331,0.9696066497010315,-0.05313094755354447,0.01522809690501497
01 Jun 2026 21:09:01.008,76141.00830039242,31193.38169030882,-17187.49902326024,-358364.1585081394,-190465.2053105056,0.9697777661496728,-0.04929253079088499,0.0172753323454362
01 Jun 2026 21:39:01.008,77941.00830028765,31193.40252364215,-15441.75926312724,-358449.4294839745,-190432.2673119273,0.96992991804101,-0.04545278124226265,0.01932241559017137
01 Jun 2026 22:09:01.008,79741.0083004972,31193.42335697549,-13695.76270122991,-358527.7877599135,-190395.6447266825,0.9700631002744917,-0.04161176395285214,0.02136931170218946
01 Jun 2026 22:39:01.008,81541.00830039242,31193.44419030882,-11949.54348766891,-358599.2311125653,-190355.3379230595,0.9701773079879956,-0.03776954398959066,0.02341598574391469
01 Jun 2026 23:09:01.008,83341.00830028765,31193.46502364215,-10203.1357810823,-358663.7574356804,-190311.3473322361,0.9702725365577666,-0.03392618643877206,0.02546240277850624
01 Jun 2026 23:39:01.008,85141.0083004972,31193.48585697549,-8456.57374699651,-358721.3647402234,-190263.6734482424,0.970348781598304,-0.03008175640297044,0.02750852787149229
02 Jun 2026 00:09:01.008,86941.00830039242,31193.50669030882,-6709.8915607526,-358772.0511542916,-190212.3168280491,0.9704060389620452,-0.02623631900803698,0.02955432608704237
02 Jun 2026 00:39:01.008,88741.00830028765,31193.52752364215,-4963.123402808109,-358815.8149232891,-190157.2780914484,0.9704443047393949,-0.02238993939331804,0.03159976249317061
02 Jun 2026 01:09:01.008,90541.0083004972,31193.54835697549,-3216.303461663934,-358852.6544098525,-190098.557921145,0.9704635752584296,-0.01854268271866096,0.03364480215800437
02 Jun 2026 01:39:01.008,92341.00830039242,31193.56919030882,-1469.465932216583,-358882.5680939258,-190036.1570627216,0.9704638470847995,-0.0146946141613532,0.03568941015141051
02 Jun 2026 02:09:01.008,94141.00830028765,31193.59002364215,277.3549855843594,-358905.5545728011,-189970.0763245998,0.9704451170215551,-0.01084579891373429,0.03773355154626078
02 Jun 2026 02:39:01.008,95941.0083004972,31193.61085697549,2024.12508533326,-358921.6125611182,-189900.3165781015,0.9704073821089876,-0.006996302186859448,0.0397771914164825
02 Jun 2026 03:09:01.008,97741.00830039242,31193.63169030882,3770.81015581543,-358930.7408909161,-189826.8787574027,0.970350639624474,-0.003146189207448208,0.0418202948386772
02 Jun 2026 03:39:01.008,99541.00830028765,31193.65252364215,5517.375980823737,-358932.9385116564,-189749.7638595526,0.970274887082331,0.0007044747811314286,0.04386282689159549
02 Jun 2026 04:09:01.008,101341.0083004972,31193.67335697549,7263.788340804873,-358928.2044902524,-189668.9729444151,0.9701801222336016,0.004555624521908633,0.04590475265775011
02 Jun 2026 04:39:01.008,103141.0083003924,31193.69419030882,9010.013011455434,-358916.5380110943,-189584.5071347447,0.9700663430659757,0.008407194740627318,0.04794603722146015
02 Jun 2026 05:09:01.008,104941.0083002876,31193.71502364215,10756.01576506282,-358897.9383760831,-189496.3676161427,0.9699335478036079,0.01225912014811107,0.04998664567010374
02 Jun 2026 05:39:01.008,106741.0083004972,31193.73585697549,12501.76237215002,-358872.4050046369,-189404.5556369872,0.9697817349068474,0.01611133544329808,0.05202654309572284
02 Jun 2026 06:09:01.008,108541.0083003924,31193.75669030882,14247.21859854733,-358839.9374337614,-189309.0725086007,0.9696109030723622,0.01996377530618169,0.05406569459128236
02 Jun 2026 06:39:01.008,110341.0083002876,31193.77752364215,15992.35021008513,-358800.5353180134,-189209.9196050192,0.9694210512326109,0.02381637440756383,0.05610406525583295
02 Jun 2026 07:09:01.008,112141.0083004972,31193.79835697549,17737.12296966534,-358754.1984295781,-189107.0983631645,0.9692121785559906,0.02766906740198715,0.05814162019076675
02 Jun 2026 07:39:01.008,113941.0083003924,31193.81919030882,19481.50263890533,-358700.9266582781,-189000.6102827745,0.9689842844465841,0.03152178893075342,0.06017832450141416
02 Jun 2026 08:09:01.008,115741.0083002876,31193.84002364215,21225.45497947554,-358640.7200115638,-188890.4569263367,0.9687373685438699,0.03537447362426549,0.06221414329827945
02 Jun 2026 08:39:01.008,117541.0083004972,31193.86085697549,22968.94575169557,-358573.5786145919,-188776.639919193,0.9684714307228101,0.03922705609831004,0.06424904169507403
02 Jun 2026 09:09:01.008,119341.0083003924,31193.88169030882,24711.94071617627,-358499.5027102117,-188659.1609494573,0.9681864710935401,0.04307947095706395,0.06628298481030435
02 Jun 2026 09:39:01.008,121141.0083002876,31193.90252364215,26454.40563363407,-358418.4926590109,-188538.0217680481,0.9678824900013131,0.04693165279206003,0.06831593776672411
02 Jun 2026 10:09:01.008,122941.0083004972,31193.92335697549,28196.3062668351,-358330.5489392625,-188413.2241885716,0.9675594880260745,0.05078353618585709,0.07034786569326944
02 Jun 2026 10:39:01.008,124741.0083003924,31193.94419030882,29937.60837767163,-358235.6721471106,-188284.7700875513,0.9672174659829236,0.05463505570494373,0.07237873372131394
02 Jun 2026 11:09:01.008,126541.0083002876,31193.96502364215,31678.27773153907,-358133.8629963938,-188152.6614041371,0.9668564249212401,0.05848614590878103,0.07440850698943809
02 Jun 2026 11:39:01.008,128341.0083004972,31193.98585697549,33418.28009593203,-358025.1223187461,-188016.9001402206,0.9664763661248472,0.0623367413460606,0.07643715064145276
02 Jun 2026 12:09:01.008,130141.0083003924,31194.00669030882,35157.58123904422,-357909.4510637411,-187877.4883605743,0.9660772911122952,0.06618677655096077,0.07846462982442759
02 Jun 2026 12:39:01.008,131941.0083002876,31194.02752364215,36896.14693413977,-357786.8502986601,-187734.4281925312,0.9656592016358472,0.07003618605217347,0.08049090969344534
02 Jun 2026 13:09:01.008,133741.0083004972,31194.04835697549,38633.94295663279,-357657.3212087243,-187587.7218262382,0.9652220996820791,0.07388490436578991,0.08251595540785372
02 Jun 2026 13:39:01.008,135541.0083003924,31194.06919030882,40370.93508572415,-357520.8650970377,-187437.3715145522,0.9647659874714807,0.07773286599826763,0.08453973213282821
02 Jun 2026 14:09:01.008,137341.0083002876,31194.09002364215,42107.08910573176,-357377.4833845283,-187283.3795729475,0.9642908674580645,0.08158000544871911,0.08656220504057459
02 Jun 2026 14:39:01.008,139141.0083004972,31194.11085697549,43842.37080469129,-357227.1776101069,-187125.7483796628,0.9637967423297069,0.08542625720514882,0.08858333930834962
02 Jun 2026 15:09:01.008,140941.0083003924,31194.13169030882,45576.74597599,-357069.9494305897,-186964.4803755855,0.963283615007698,0.0892715557474057,0.09060310012001385
02 Jun 2026 15:39:01.008,142741.0083002876,31194.15252364215,47310.18041818091,-356905.8006207659,-186799.5780642955,0.9627514886467827,0.09311583554610038,0.0926214526654625
02 Jun 2026 16:09:01.008,144541.0083004972,31194.17335697549,49042.63993691578,-356734.7330732672,-186631.0440119078,0.9622003666345571,0.09695903106621716,0.09463836214252162
02 Jun 2026 16:39:01.008,146341.0083003924,31194.19419030882,50774.09034203642,-356556.7487989061,-186458.8808473825,0.9616302525923872,0.100801076759983,0.09665379375320551
02 Jun 2026 17:09:01.008,148141.0083002876,31194.21502364215,52504.49745192747,-356371.8499263057,-186283.0912621314,0.9610411503740403,0.1046419070758397,0.09866771270842614
02 Jun 2026 17:39:01.008,149941.0083004972,31194.23585697549,54233.82709211878,-356180.0387020812,-186103.6780101768,0.960433064066109,0.1084814564546588,0.1006800842260056
02 Jun 2026 18:09:01.008,151741.0083003924,31194.25669030882,55962.04509389427,-355981.3174910658,-185920.6439083321,0.9598059979885571,0.1123196593259597,0.1026908735286958
02 Jun 2026 18:39:01.008,153541.0083002876,31194.27752364215,57689.11729863595,-355775.6887758846,-185733.9918357811,0.9591599566932121,0.1161564501168591,0.1047000458488704
02 Jun 2026 19:09:01.008,155341.0083004972,31194.29835697549,59415.0095549214,-355563.1551573401,-185543.7247344107,0.9584949449648285,0.1199917632449283,0.106707566424781
02 Jun 2026 19:39:01.008,157141.0083003924,31194.31919030882,61139.68772015061,-355343.719354293,-185349.8456086745,0.9578109678205565,0.1238255331211006,0.1087134005020837
02 Jun 2026 20:09:01.008,158941.0083002876,31194.34002364215,62863.11766186664,-355117.3842035531,-185152.3575254748,0.9571080305094583,0.127657694151901,0.1107175133350051
02 Jun 2026 20:39:01.008,160741.0083004972,31194.36085697549,64585.26525636664,-354884.1526601212,-184951.2636143516,0.9563861385131163,0.1314881807356468,0.1127198701843566
02 Jun 2026 21:09:01.008,162541.0083003924,31194.38169030882,66306.09639032456,-354644.0277970473,-184746.5670673346,0.9556452975450539,0.1353169272653391,0.1147204363190483
02 Jun 2026 21:39:01.008,164341.0083002876,31194.40252364215,68025.5769606073,-354397.0128055231,-184538.2711389988,0.9548855135508859,0.1391438681275344,0.1167191770155008
02 Jun 2026 22:09:01.008,166141.0083004972,31194.42335697549,69743.67287589301,-354143.1109947183,-184326.3791463047,0.9541067927076858,0.1429689377052217,0.1187160575591499
02 Jun 2026 22:39:01.008,167941.0083003924,31194.44419030882,71460.35005528673,-353882.3257920494,-184110.8944688017,0.9533091414246856,0.1467920703740141,0.1207110432424589
02 Jun 2026 23:09:01.008,169741.0083002876,31194.46502364215,73175.5744296394,-353614.6607430648,-183891.8205485074,0.9524925663428004,0.1506132005043509,0.122704099366072
02 Jun 2026 23:39:01.008,171541.0083004972,31194.48585697549,74889.3119431613,-353340.1195112605,-183669.1608897357,0.9516570743339502,0.1544322624643573,0.124695191240307
03 Jun 2026 00:09:01.008,173341.0083003924,31194.50669030882,76601.52855054615,-353058.7058786111,-183442.9190595077,0.9508026725025662,0.1582491906126951,0.1266842841814297
03 Jun 2026 00:39:01.008,175141.0083002876,31194.52752364215,78312.19022157729,-352770.423744908,-183213.0986869918,0.9499293681834671,0.1620639193080829,0.1286713435166202
03 Jun 2026 01:09:01.008,176941.0083004972,31194.54835697549,80021.2629382532,-352475.2771282986,-182979.7034639188,0.9490371689433972,0.1658763829021412,0.1306563345802458
03 Jun 2026 01:39:01.008,178741.0083003924,31194.56919030882,81728.71269640155,-352173.2701651046,-182742.7371444113,0.9481260825803743,0.1696865157422364,0.1326392227153468
03 Jun 2026 02:09:01.008,180541.0083002876,31194.59002364215,83434.50550698848,-351864.4071096664,-182502.2035448416,0.9471961171231271,0.1734942521736465,0.134619973274766
03 Jun 2026 02:39:01.008,182341.0083004972,31194.61085697549,85138.60739474591,-351548.6923346664,-182258.1065440641,0.946247280831983,0.177299526535736,0.1365985516191612
03 Jun 2026 03:09:01.008,184141.0083003924,31194.63169030882,86840.98439978027,-351226.1303309262,-182010.4500832343,0.9452795821981711,0.1811022731647811,0.1385749231184794
03 Jun 2026 03:39:01.008,185941.0083002876,31194.65252364215,88541.60257739332,-350896.7257075233,-181759.2381658778,0.9442930299440967,0.1849024263927995,0.1405490531513516
03 Jun 2026 04:09:01.008,187741.0083004972,31194.67335697549,90240.42799968543,-350560.4831915666,-181504.4748576978,0.9432876330225918,0.1886999205503596,0.1425209071065557
03 Jun 2026 04:39:01.008,189541.0083003924,31194.69419030882,91937.42675418947,-350217.4076285472,-181246.1642868223,0.9422634006179006,0.1924946899627497,0.144490450381031
03 Jun 2026 05:09:01.008,191341.0083002876,31194.71502364215,93632.56494517866,-349867.5039821771,-180984.3106436579,0.9412203421451298,0.196286668952118,0.146457648380994
03 Jun 2026 05:39:01.008,193141.0083004972,31194.73585697549,95325.80869526422,-349510.7773341432,-180718.9181806874,0.9401584672494602,0.2000757918402611,0.1484224665233891
03 Jun 2026 06:09:01.008,194941.0083003924,31194.75669030882,97017.12414255712,-349147.2328847935,-180449.9912129593,0.9390777858081364,0.2038619929414828,0.1503848702321892
03 Jun 2026 06:39:01.008,196741.0083002876,31194.77752364215,98706.47744492815,-348776.8759523356,-180177.5341174711,0.9379783079280334,0.2076452065713326,0.1523448249429322
03 Jun 2026 07:09:01.008,198541.0083004972,31194.79835697549,100393.834778646,-348399.7119732042,-179901.5513334236,0.9368600439467114,0.2114253670427612,0.1543022961007309
03 Jun 2026 07:39:01.008,200341.0083003924,31194.81919030882,102079.1623370278,-348015.7465024716,-179622.0473624989,0.9357230044335941,0.2152024086622925,0.1562572491582977
03 Jun 2026 08:09:01.008,202141.0083002876,31194.84002364215,103762.4263346838,-347624.985212993,-179339.0267682148,0.9345672001874046,0.2189762657387269,0.1582096495804557
03 Jun 2026 08:39:01.008,203941.0083004972,31194.86085697549,105443.5930046928,-347227.4338961391,-179052.4941764394,0.9333926422383111,0.2227468725760011,0.1601594628404479
03 Jun 2026 09:09:01.008,205741.0083003924,31194.88169030882,107122.6286001964,-346823.0984615393,-178762.4542751819,0.9321993418471459,0.2265141634759457,0.1621066544213711
03 Jun 2026 09:39:01.008,207541.0083002876,31194.90252364215,108799.4993956926,-346411.9849368673,-178468.9118144201,0.9309873105047619,0.2302780727403682,0.1640511898172575
03 Jun 2026 10:09:01.008,209341.0083004972,31194.92335697549,110474.1716856912,-345994.0994682694,-178171.8716063867,0.9297565599332861,0.2340385346672142,0.1659930345310968
03 Jun 2026 10:39:01.008,211141.0083003924,31194.94419030882,112146.6117863026,-345569.4483200859,-177871.3385253487,0.9285071020852976,0.2377954835533034,0.1679321540762576
03 Jun 2026 11:09:01.008,212941.0083002876,31194.96502364215,113816.7860350679,-345138.0378750002,-177567.3175076936,0.9272389491442711,0.2415488536931178,0.1698685139758669
03 Jun 2026 11:39:01.008,214741.0083004972,31194.98585697549,115484.6607925407,-344699.8746337391,-177259.8135516979,0.9259521135237062,0.2452985793815197,0.1718020797642202
03 Jun 2026 12:09:01.008,216541.0083003924,31195.00669030882,117150.2024409517,-344254.9652155283,-176948.8317178273,0.9246466078684827,0.2490445949099127,0.1737328169848076
03 Jun 2026 12:39:01.008,218341.0083002876,31195.02752364215,118813.3773855018,-343803.3163578732,-176634.3771285618,0.92332244505424,0.252786834568301,0.1756606911913842
03 Jun 2026 13:09:01.008,220141.0083004972,31195.04835697549,120474.1520559358,-343344.9349162399,-176316.4549681541,0.9219796381864697,0.2565252326479864,0.1775856679493658
03 Jun 2026 13:39:01.008,221941.0083003924,31195.06919030882,122132.4929037669,-342879.8278649329,-175995.0704832191,0.9206182006031265,0.2602597234344676,0.1795077128321803
03 Jun 2026 14:09:01.008,223741.0083002876,31195.09002364215,123788.3664064632,-342408.0022960605,-175670.2289819954,0.9192381458716362,0.2639902412160083,0.181426791425688
03 Jun 2026 14:39:01.008,225541.0083004972,31195.11085697549,125441.7390661192,-341929.4654200057,-175341.9358346539,0.9178394877903275,0.2677167202797908,0.1833428693262071
03 Jun 2026 15:09:01.008,227341.0083003924,31195.13169030882,127092.5774081436,-341444.2245659404,-175010.1964736286,0.9164222403899891,0.27143909490809,0.1852559121385575
03 Jun 2026 15:39:01.008,229141.0083002876,31195.15252364215,128740.8479854267,-340952.2871807383,-174675.0163928507,0.9149864179307519,0.2751572993868017,0.1871658854804533
03 Jun 2026 16:09:01.008,230941.0083004972,31195.17335697549,130386.5173755827,-340453.6608298989,-174336.4011483621,0.913532034904862,0.2788712679983533,0.1890727549788674
03 Jun 2026 16:39:01.008,232741.0083003924,31195.19419030882,132029.5521825211,-339948.3531972177,-173994.3563580688,0.9120591060357903,0.2825809350243708,0.190976486271413
03 Jun 2026 17:09:01.008,234541.0083002876,31195.21502364215,133669.919037722,-339436.3720845177,-173648.8877015389,0.9105676462775326,0.2862862347476802,0.1928770450073785
03 Jun 2026 17:39:01.008,236341.0083004972,31195.23585697549,135307.5845989306,-338917.7254121795,-173300.0009203427,0.9090576708162469,0.2899871014484768,0.1947743968457721
03 Jun 2026 18:09:01.008,238141.0083003924,31195.25669030882,136942.5155517225,-338392.4212187916,-172947.7018177941,0.9075291950693278,0.2936834694069716,0.1966685074566898
03 Jun 2026 18:39:01.008,239941.0083002876,31195.27752364215,138574.6786093481,-337860.4676613317,-172591.996259054,0.9059822346860413,0.2973752729021498,0.1985593425206898
03 Jun 2026 19:09:01.008,241741.0083004972,31195.29835697549,140204.0405142894,-337321.8730147955,-172232.890170861,0.9044168055465559,0.3010624462143965,0.2004468677301468
03 Jun 2026 19:39:01.008,243541.0083003924,31195.31919030882,141830.568036967,-336776.6456727551,-171870.3895418851,0.9028329237636832,0.3047449236216747,0.2023310487873062
03 Jun 2026 20:09:01.008,245341.0083002876,31195.34002364215,143454.2279770147,-336224.794147086,-171504.500422524,0.9012306056822122,0.3084226394015043,0.2042118514053093
03 Jun 2026 20:39:01.008,247141.0083004972,31195.36085697549,145074.9871648285,-335666.3270675754,-171135.2289246248,0.8996098678779056,0.3120955278335665,0.2060892413095356
03 Jun 2026 21:09:01.008,248941.0083003924,31195.38169030882,146692.8124588694,-335101.253182992,-170762.5812221713,0.8979707271607454,0.3157635231926826,0.2079631842340251
03 Jun 2026 21:39:01.008,250741.0083002876,31195.40252364215,148307.6707497621,-334529.5813598217,-170386.5635504273,0.8963132005714121,0.3194265597571878,0.2098336459257714
03 Jun 2026 22:09:01.008,252541.0083004972,31195.42335697549,149919.5289590105,-333951.3205828423,-170007.1822062987,0.8946373053831116,0.3230845718051078,0.2117005921427777
03 Jun 2026 22:39:01.008,254341.0083003924,31195.44419030882,151528.3540377327,-333366.4799557412,-169624.4435487163,0.8929430591035273,0.3267374936103621,0.2135639886521337
03 Jun 2026 23:09:01.008,256141.0083002876,31195.46502364215,153134.1129707374,-332775.0686997995,-169238.3539977533,0.8912304794711802,0.3303852594510939,0.215423801234279
03 Jun 2026 23:39:01.008,257941.0083004972,31195.48585697549,154736.7727738493,-332177.0961550077,-168848.9200353359,0.88949958445884,0.33402780360267,0.2172799956794449
04 Jun 2026 00:09:01.008,259741.0083003924,31195.50669030882,156336.3004954554,-331572.571779664,-168456.1482049597,0.8877503922725521,0.3376650603402611,0.2191325377889847
04 Jun 2026 00:39:01.008,261541.0083002876,31195.52752364215,157932.663217761,-330961.5051500534,-168060.0451114612,0.8859829213509022,0.3412969639407615,0.2209813933763652
04 Jun 2026 01:09:01.008,263341.0083004972,31195.54835697549,159525.828055534,-330343.9059610807,-167660.6174214093,0.8841971903670565,0.3449234486789978,0.2228265282652492
04 Jun 2026 01:39:01.008,265141.0083003924,31195.56919030882,161115.7621576434,-329719.7840258503,-167257.8718628113,0.8823932182277547,0.3485444488302845,0.2246679082908124
04 Jun 2026 02:09:01.008,266941.0083002876,31195.59002364215,162702.4327069241,-329089.1492758816,-166851.8152252323,0.8805710240741572,0.3521598986691716,0.2265054992991213
04 Jun 2026 02:39:01.008,268741.0083004972,31195.61085697549,164285.8069217065,-328452.011760668,-166442.4543594907,0.8787306272807989,0.3557697324719816,0.228339267148437
04 Jun 2026 03:09:01.008,270541.0083003924,31195.63169030882,165865.8520545759,-327808.3816483377,-166029.7961780638,0.8768720474577367,0.3593738845130297,0.2301691777073105
04 Jun 2026 03:39:01.008,272341.0083002876,31195.65252364215,167442.5353936286,-327158.2692253286,-165613.8476548567,0.8749953044498576,0.3629722890665311,0.2319951968555684
04 Jun 2026 04:09:01.008,274141.0083004972,31195.67335697549,169015.8242639928,-326501.6848959275,-165194.6158248886,0.8731004183358041,0.3665648804091152,0.2338172904856039
04 Jun 2026 04:39:01.008,275941.0083003924,31195.69419030882,170585.6860252278,-325838.6391835278,-164772.1077850755,0.8711874094318673,0.3701515928129249,0.2356354244988934
04 Jun 2026 05:09:01.008,277741.0083002876,31195.71502364215,172152.0880753209,-325169.1427291417,-164346.3306932597,0.8692562982879684,0.3737323605537783,0.2374495648101533
04 Jun 2026 05:39:01.008,279541.0083004972,31195.73585697549,173714.9978494578,-324493.2062920782,-163917.2917686231,0.8673071056898958,0.3773071179073969,0.2392596773454426
04 Jun 2026 06:09:01.008,281341.0083003924,31195.75669030882,175274.3828188156,-323810.840750662,-163484.9982921219,0.8653398526616694,0.3808757991456697,0.2410657280402907
04 Jun 2026 06:39:01.008,283141.0083002876,31195.77752364215,176830.2104942628,-323122.0571008164,-163049.4576055668,0.8633545604617556,0.3844383385441427,0.2428676828435082
04 Jun 2026 07:09:01.008,284941.0083004972,31195.79835697549,178382.4484251428,-322426.8664567624,-162610.6771120471,0.8613512505853913,0.3879946703782619,0.2446655077153014
04 Jun 2026 07:39:01.008,286741.0083003924,31195.81919030882,179931.0641980791,-321725.280051757,-162168.6642763748,0.8593299447670301,0.3915447289196532,0.2464591686254118
04 Jun 2026 08:09:01.008,288541.0083002876,31195.84002364215,181476.025440925,-321017.3092365123,-161723.4266240665,0.8572906649761153,0.3950884484441887,0.2482486315572133
04 Jun 2026 08:39:01.008,290341.0083004972,31195.86085697549,183017.2998202115,-320302.9654805352,-161274.971742168,0.8552334334212761,0.3986257632251534,0.250033862504278
04 Jun 2026 09:09:01.008,292141.0083003924,31195.88169030882,184554.8550426613,-319582.2603716442,-160823.3072789277,0.8531582725492837,0.4021566075357257,0.2518148274716504
04 Jun 2026 09:39:01.008,293941.0083002876,31195.90252364215,186088.6588564206,-318855.2056155867,-160368.4409435375,0.8510652050443044,0.4056809156508149,0.2535914924767945
04 Jun 2026 10:09:01.008,295741.0083004972,31195.92335697549,187618.6790498773,-318121.8130367948,-159910.3805065845,0.8489542538304433,0.4091986218433539,0.2553638235477443
04 Jun 2026 10:39:01.008,297541.0083003924,31195.94419030882,189144.8834531663,-317382.094577883,-159449.1337997164,0.8468254420706718,0.4127096603867586,0.2571317867243665
04 Jun 2026 11:09:01.008,299341.0083002876,31195.96502364215,190667.2399380656,-316636.0622999047,-158984.7087157797,0.8446787931679531,0.4162139655536902,0.2588953480577583
04 Jun 2026 11:39:01.008,301141.0083004972,31195.98585697549,192185.7164194915,-315883.72838183,-158517.1132084745,0.842514330764135,0.4197114716184929,0.2606544736114967
04 Jun 2026 12:09:01.008,302941.0083003924,31196.00669030882,193700.2808543349,-315125.1051213278,-158046.3552928203,0.8403320787426047,0.4232021128535127,0.2624091294598085
04 Jun 2026 12:39:01.008,304741.0083002876,31196.02752364215,195210.9012426959,-314360.2049343804,-157572.443044894,0.8381320612275961,0.4266858235309293,0.264159281688516
04 Jun 2026 13:09:01.008,306541.0083004972,31196.04835697549,196717.5456291055,-313589.0403548778,-157095.3846015587,0.8359143025834483,0.430162537924565,0.2659048963959692
04 Jun 2026 13:39:01.008,308341.0083003924,31196.06919030882,198220.1821013777,-312811.6240354197,-156615.188160939,0.8336788274173482,0.4336321903062264,0.2676459396912311
04 Jun 2026 14:09:01.008,310141.0083002876,31196.09002364215,199718.7787918392,-312027.9687469201,-156131.8619821542,0.8314256605786393,0.4370947149475241,0.2693823776950187
04 Jun 2026 14:39:01.008,311941.0083004972,31196.11085697549,201213.3038788087,-311238.0873780534,-155645.4143849569,0.8291548271576857,0.4405500461222752,0.2711141765409304
04 Jun 2026 15:09:01.008,313741.0083003924,31196.13169030882,202703.7255841604,-310441.9929367689,-155155.8537506439,0.8268663524906927,0.4439981180998528,0.2728413023721387
04 Jun 2026 15:39:01.008,315541.0083002876,31196.15252364215,204190.0121771563,-309639.6985484998,-154663.1885209325,0.8245602621550372,0.4474388651530239,0.2745637213453445
04 Jun 2026 16:09:01.008,317341.0083004972,31196.17335697549,205672.1319733131,-308831.2174569827,-154167.4271984441,0.8222365819721085,0.4508722215543106,0.2762813996289789
04 Jun 2026 16:39:01.008,319141.0083003924,31196.19419030882,207150.0533332954,-308016.5630251136,-153668.5783472074,0.819895338010271,0.4542981215723962,0.277994303401433
04 Jun 2026 17:09:01.008,320941.0083002876,31196.21502364215,208623.7446667188,-307195.7487331113,-153166.6505915105,0.8175365565800926,0.4577164994799102,0.2797023988549807
04 Jun 2026 17:39:01.008,322741.0083004972,31196.23585697549,210093.1744297472,-306368.788180074,-152661.6526168337,0.8151602642393394,0.4611272895468319,0.2814056521925067
04 Jun 2026 18:09:01.008,324541.0083003924,31196.25669030882,211558.3111265725,-305535.6950834173,-152153.5931694832,0.8127664877918923,0.4645304260428868,0.2831040296287348
04 Jun 2026 18:39:01.008,326341.0083002876,31196.27752364215,213019.1233106214,-304696.483278434,-151642.4810563007,0.8103552542870225,0.4679258432393206,0.2847974973911413
04 Jun 2026 19:09:01.008,328141.0083004972,31196.29835697549,214475.5795834657,-303851.1667191663,-151128.3251451752,0.8079265910224542,0.4713134754053304,0.2864860217182039
04 Jun 2026 19:39:01.008,329941.0083003924,31196.31919030882,215927.6485960381,-302999.7594779756,-150611.1343647569,0.8054805255436903,0.4746932568098542,0.2881695688603255
04 Jun 2026 20:09:01.008,331741.0083002876,31196.34002364215,217375.2990498362,-302142.2757450918,-150090.9177041631,0.8030170856432945,0.4780651217233348,0.2898481050807434
04 Jun 2026 20:39:01.008,333541.0083004972,31196.36085697549,218818.4996958486,-301278.7298295058,-149567.6842134979,0.8005362993640419,0.4814290044141818,0.291521596653798
04 Jun 2026 21:09:01.008,335341.0083003924,31196.38169030882,220257.2193360186,-300409.1361583766,-149041.4430034704,0.7980381949978138,0.4847848391511382,0.2931900098661434
04 Jun 2026 21:39:01.008,337141.0083002876,31196.40252364215,221691.4268231898,-299533.5092773327,-148512.2032455556,0.7955228010870754,0.488132560202111,0.2948533110161991
04 Jun 2026 22:09:01.008,338941.0083004972,31196.42335697549,223121.0910625581,-298651.8638498608,-147979.9741716023,0.7929901464237379,0.4914721018365165,0.2965114664153477
04 Jun 2026 22:39:01.008,340741.0083003924,31196.44419030882,224546.1810106208,-297764.2146582227,-147444.7650743661,0.7904402600524286,0.4948033983217829,0.2981644423862311
04 Jun 2026 23:09:01.008,342541.0083002876,31196.46502364215,225966.6656763846,-296870.5766030025,-146906.5853072122,0.7878731712698325,0.4981263839251238,0.2998122052636664
04 Jun 2026 23:39:01.008,344341.0083004972,31196.48585697549,227382.5141228074,-295970.964702476,-146365.4442837149,0.7852889096235387,0.5014409929158639,0.3014547213958341
05 Jun 2026 00:09:01.008,346141.0083003924,31196.50669030882,228793.6954645314,-295065.3940943356,-145821.3514786729,0.7826875049177854,0.5047471595590914,0.3030919571411723
05 Jun 2026 00:39:01.008,347941.0083002876,31196.52752364215,230200.1788715558,-294153.8800336511,-145274.3164268602,0.7800689872080109,0.5080448181231942,0.3047238788721357
05 Jun 2026 01:09:01.008,349741.0083004972,31196.54835697549,231601.9335682037,-293236.4378938031,-144724.348723566,0.7774333868041278,0.5113339028763912,0.3063504529735063
05 Jun 2026 01:39:01.008,351541.0083003924,31196.56919030882,232998.9288321196,-292313.0831674538,-144171.4580251537,0.7747807342745746,0.5146143480833502,0.3079716458407878
05 Jun 2026 02:09:01.008,353341.0083002876,31196.59002364215,234391.1339976683,-291383.8314646248,-143615.6540478858,0.7721110604411905,0.5178860880120957,0.3095874238836443
05 Jun 2026 02:39:01.008,355141.0083004972,31196.61085697549,235778.5184549194,-290448.6985136492,-143056.946568473,0.7694243963826801,0.5211490569305817,0.3111977535242426
05 Jun 2026 03:09:01.008,356941.0083003924,31196.63169030882,237161.0516486653,-289507.7001621604,-142495.3454246418,0.7667207734381963,0.5244031891033215,0.3128026011956306
05 Jun 2026 03:39:01.008,358741.0083002876,31196.65252364215,238538.7030820325,-288560.8523749672,-141930.8605138421,0.764000223201989,0.5276484187988315,0.3144019333454503
05 Jun 2026 04:09:01.008,360541.0083004972,31196.67335697549,239911.4423142851,-287608.1712358534,-141363.5017942994,0.7612627775293406,0.5308846802834103,0.3159957164329099
05 Jun 2026 04:39:01.008,362341.0083003924,31196.69419030882,241279.2389622634,-286649.6729469262,-140793.2792846026,0.7585084685354744,0.5341119078234688,0.3175839169299754
05 Jun 2026 05:09:01.008,364141.0083002876,31196.71502364215,242642.0627015647,-285685.3738281096,-140220.2030633803,0.7557373285948884,0.5373300356872641,0.3191665013222659
05 Jun 2026 05:39:01.008,365941.0083004972,31196.73585697549,243999.8832655807,-284715.2903181481,-139644.2832698745,0.7529493903450434,0.5405389981415727,0.3207434361074594
05 Jun 2026 06:09:01.008,367741.0083003924,31196.75669030882,245352.6704466888,-283739.438974109,-139065.5301036215,0.7501446866857486,0.5437387294534475,0.3223146877962022
05 Jun 2026 06:39:01.008,369541.0083002876,31196.77752364215,246700.3940974302,-282757.8364708658,-138483.9538241228,0.7473232507785064,0.5469291638919505,0.3238802229130038
05 Jun 2026 07:09:01.008,371341.0083004972,31196.79835697549,248043.0241295671,-281770.4996021198,-137899.5647514276,0.7444851160502898,0.5501102357248681,0.3254400079946693
05 Jun 2026 07:39:01.008,373141.0083003924,31196.81919030882,249380.5305155041,-280777.4452797194,-137312.3732657059,0.741630316192439,0.5532818792210203,0.3269940095914796
05 Jun 2026 08:09:01.008,374941.0083002876,31196.84002364215,250712.8832882972,-279778.6905340032,-136722.3898074286,0.7387588851625173,0.5564440286492282,0.3285421942667326
05 Jun 2026 08:39:01.008,376741.0083004972,31196.86085697549,252040.0525430622,-278774.2525131009,-136129.6248769307,0.7358708571831792,0.5595966182806028,0.3300845285979112
05 Jun 2026 09:09:01.008,378541.0083003924,31196.88169030882,253362.0084360598,-277764.1484839781,-135534.0890350054,0.7329662667460687,0.5627395823853203,0.3316209791751533
05 Jun 2026 09:39:01.008,380341.0083002876,31196.90252364215,254678.7211858799,-276748.3958319164,-134935.7929025731,0.7300451486112306,0.5658728552343798,0.3331515126021624
05 Jun 2026 10:09:01.008,382141.0083004972,31196.92335697549,255990.1610746109,-275727.0120599751,-134334.7471603408,0.7271075378064821,0.5689963711013354,0.334676095497104
05 Jun 2026 10:39:01.008,383941.0083003924,31196.94419030882,257296.2984469461,-274700.0147900541,-133730.9625494049,0.7241534696314009,0.5721100642591184,0.3361946944911035
05 Jun 2026 11:09:01.008,385741.0083002876,31196.96502364215,258597.1037113648,-273667.4217623634,-133124.4498709145,0.7211829796567489,0.5752138689817963,0.3377072762291592
05 Jun 2026 11:39:01.008,387541.0083004972,31196.98585697549,259892.5473412982,-272629.2508348768,-132515.2199857268,0.7181961037238555,0.578307719546308,0.3392138073710398
05 Jun 2026 12:09:01.008,389341.0083003924,31197.00669030882,261182.5998742578,-271585.5199844104,-131903.2838150172,0.7151928779486962,0.5813915502293348,0.3407142545898131
05 Jun 2026 12:39:01.008,391141.0083002876,31197.02752364215,262467.2319130131,-270536.2473060839,-131288.6523399382,0.7121733387213289,0.5844652953090621,0.3422085845727605
05 Jun 2026 13:09:01.008,392941.0083004972,31197.04835697549,263746.4141269774,-269481.4510125792,-130671.3366011617,0.7091375227047579,0.587528889067453,0.3436967640225369
05 Jun 2026 13:39:01.008,394741.0083003924,31197.06919030882,265020.1172502437,-268421.1494361596,-130051.3477000368,0.7060854668417614,0.5905822657844985,0.3451787596544333
05 Jun 2026 14:09:01.008,396541.0083002876,31197.09002364215,266288.3120849886,-267355.361026275,-129428.6967971642,0.7030172083490234,0.5936253597453266,0.3466545381998886
05 Jun 2026 14:39:01.008,398341.0083004972,31197.11085697549,267550.9695006231,-266284.1043506542,-128803.3951130116,0.6999327847213194,0.5966581052371323,0.3481240664050547
05 Jun 2026 15:09:01.008,400141.0083003924,31197.13169030882,268808.0604329797,-265207.3980964324,-128175.4539285472,0.6968322337358177,0.5996804365461795,0.3495873110294057
05 Jun 2026 15:39:01.008,401941.0083002876,31197.15252364215,270059.555887462,-264125.2610679022,-127544.8845839017,0.6937155934466716,0.6026922879643283,0.3510442388489604
05 Jun 2026 16:09:01.008,403741.0083004972,31197.17335697549,271305.4269382184,-263037.7121876227,-126911.698478993,0.6905829021892952,0.6056935937860185,0.3524948166548811
05 Jun 2026 16:39:01.008,405541.0083003924,31197.19419030882,272545.644727352,-261944.770497563,-126275.9070741658,0.6874341985847531,0.6086842883053283,0.3539390112521167
05 Jun 2026 17:09:01.008,407341.0083002876,31197.21502364215,273780.1804682569,-260846.4551566255,-125637.5218887253,0.6842695215337377,0.6116643058229774,0.3553767894628498
05 Jun 2026 17:39:01.008,409141.0083004972,31197.23585697549,275009.0054437388,-259742.7854427329,-124996.5545021275,0.6810889102237034,0.6146335806407714,0.3568081181238774
05 Jun 2026 18:09:01.008,410941.0083003924,31197.25669030882,276232.0910074007,-258633.7807520645,-124353.0165535094,0.677892404127807,0.6175920470639126,0.3582329640877939
05 Jun 2026 18:39:01.008,412741.0083002876,31197.27752364215,277449.4085847947,-257519.4605984646,-123706.919741321,0.6746800430043531,0.6205396394027609,0.3596512942239053
05 Jun 2026 19:09:01.008,414541.0083004972,31197.29835697549,278660.9296726573,-256399.8446145978,-123058.275823971,0.6714518669012917,0.623476291969963,0.3610630754169141
05 Jun 2026 19:39:01.008,416341.0083003924,31197.31919030882,279866.6258400748,-255274.952551365,-122407.0966194621,0.6682079161557158,0.6264019390822472,0.3624682745678541
05 Jun 2026 20:09:01.008,418141.0083002876,31197.34002364215,281066.4687296312,-254144.8042773025,-121753.3940050188,0.6649482313933232,0.6293165150621943,0.3638668585950107
05 Jun 2026 20:39:01.008,419941.0083004972,31197.36085697549,282260.4300566688,-253009.4197797527,-121097.1799177391,0.6616728535330012,0.6322199542354285,0.3652587944326421
05 Jun 2026 21:09:01.008,421741.0083003924,31197.38169030882,283448.4816104504,-251868.8191642701,-120438.4663542259,0.6583818237863394,0.6351121909324228,0.3666440490319214
05 Jun 2026 21:39:01.008,423541.0083002876,31197.40252364215,284630.5952553047,-250723.0226540109,-119777.2653702084,0.6550751836571053,0.6379931594902811,0.3680225893618621
05 Jun 2026 22:09:01.008,425341.0083004972,31197.42335697549,285806.7429299118,-249572.0505909188,-119113.5890812022,0.6517529749459174,0.6408627942499928,0.3693943824080788
05 Jun 2026 22:39:01.008,427141.0083003924,31197.44419030882,286976.8966486665,-248415.9234349188,-118447.4496620175,0.6484152397491884,0.6437210295587495,0.3707593951739728
05 Jun 2026 23:09:01.008,428941.0083002876,31197.46502364215,288141.0285018018,-247254.6617643089,-117778.8593469595,0.6450620204615353,0.6465677997692484,0.3721175946804774
05 Jun 2026 23:39:01.008,430741.0083004972,31197.48585697549,289299.1106567383,-246088.2862749369,-117107.8304293286,0.6416933597746998,0.6494030392419944,0.3734689479672344
06 Jun 2026 00:09:01.008,432541.0083003924,31197.50669030882,290451.1153574035,-244916.8177814055,-116434.3752620884,0.6383093006823382,0.652226682342644,0.3748134220914074
06 Jun 2026 00:39:01.008,434341.0083002876,31197.52752364215,291597.0149253875,-243740.2772164555,-115758.5062574843,0.6349098864795665,0.6550386634438432,0.3761509841286413
06 Jun 2026 01:09:01.008,436141.0083004972,31197.54835697549,292736.7817610828,-242558.6856303329,-115080.235886654,0.6314951607624707,0.65783891692704,0.3774816011740062
06 Jun 2026 01:39:01.008,437941.0083003924,31197.56919030882,293870.3883430295,-241372.0641920079,-114399.5766803018,0.6280651674329839,0.6606273771798979,0.3788052403408513
06 Jun 2026 02:09:01.008,439741.0083002876,31197.59002364215,294997.8072290692,-240180.4341885482,-113716.5412283118,0.624619950698446,0.6634039785981505,0.3801218687617738
06 Jun 2026 02:39:01.008,441541.0083004972,31197.61085697549,296119.0110574815,-238983.8170244761,-113031.1421793535,0.6211595550711281,0.6661686555874288,0.3814314535895719
06 Jun 2026 03:09:01.008,443341.0083003924,31197.63169030882,297233.9725463561,-237782.2342230016,-112343.3922415622,0.6176840253731958,0.6689213425607483,0.3827339619961414
06 Jun 2026 03:39:01.008,445141.0083002876,31197.65252364215,298342.6644947443,-236575.7074253853,-111653.3041821467,0.6141934067362832,0.6716619739403802,0.3840293611734538
06 Jun 2026 04:09:01.008,446941.0083004972,31197.67335697549,299445.0597839848,-235364.2583900741,-110960.8908268691,0.6106877446004184,0.6743904841601722,0.3853176183347439
06 Jun 2026 04:39:01.008,448741.0083003924,31197.69419030882,300541.1313761437,-234147.9089950069,-110266.1650613358,0.6071670847221394,0.6771068076607335,0.3865987007123286
06 Jun 2026 05:09:01.008,450541.0083002876,31197.71502364215,301630.8523170821,-232926.681234848,-109569.1398293897,0.6036314731679475,0.6798108788960786,0.3878725755608391
06 Jun 2026 05:39:01.008,452341.0083004972,31197.73585697549,302714.1957358579,-231700.59722223,-108869.8281337937,0.6000809563193735,0.6825026323312077,0.3891392101561721
06 Jun 2026 06:09:01.008,454141.0083003924,31197.75669030882,303791.1348441684,-230469.6791890251,-108168.2430369288,0.5965155808781509,0.6851820024397778,0.3903985717944943
06 Jun 2026 06:39:01.008,455941.0083002876,31197.77752364215,304861.6429391918,-229233.949483755,-107464.3976592892,0.5929353938602171,0.6878489237102277,0.3916506277952237
06 Jun 2026 07:09:01.008,457741.0083004972,31197.79835697549,305925.6934030154,-227993.4305728463,-106758.3051801718,0.5893404426008654,0.6905033306434372,0.3928953455000271
06 Jun 2026 07:39:01.008,459541.0083003924,31197.81919030882,306983.2597021071,-226748.1450419145,-106049.9788383791,0.58573077476,0.6931451577504788,0.3941326922718703
06 Jun 2026 08:09:01.008,461341.0083002876,31197.84002364215,308034.3153901239,-225498.1155931409,-105339.4319306991,0.5821064383160827,0.6957743395587059,0.3953626354979786
06 Jun 2026 08:39:01.008,463141.0083004972,31197.86085697549,309078.8341073686,-224243.36504654,-104626.6778125989,0.5784674815713664,0.6983908106094942,0.3965851425888806
06 Jun 2026 09:09:01.008,464941.0083003924,31197.88169030882,310116.7895802893,-222983.916341256,-103911.7298989338,0.5748139531572346,0.7009945054560751,0.3978001809775062
06 Jun 2026 09:39:01.008,466741.0083002876,31197.90252364215,311148.1556242559,-221719.7925329065,-103194.6016624103,0.5711459020280901,0.7035853586695904,0.3990077181221262
06 Jun 2026 10:09:01.008,468541.0083004972,31197.92335697549,312172.9061430442,-220451.0167948622,-102475.3066342854,0.5674633774666725,0.7061633048369155,0.4002077215054431
06 Jun 2026 10:36:49.936,470209.9364347639,31197.94267327334,313117.1035355655,-219270.4945462897,-101806.4649994412,0.5640361182118876,0.7085419424005939,0.4013135842240505
06 Jun 2026 11:02:27.036,471747.0361302956,31197.96046377907,313981.6502592184,-218179.7176391545,-101188.826963736,0.560868642850839,0.7107227813400642,0.4023263186121277
06 Jun 2026 11:24:41.226,473081.2262274907,31197.97590579409,314728.1167956028,-217230.2199246606,-100651.4633067984,0.5581108244000977,0.712607995456853,0.4032008573905498
06 Jun 2026 11:46:33.301,474393.3005006053,31197.99109183891,315458.6162123334,-216294.0128910053,-100121.8718587705,0.5553910593430956,0.7144549207953662,0.4040568017119928
06 Jun 2026 11:47:33.301,474453.3005004865,31197.99178628336,315491.9359391194,-216251.1430672651,-100097.6272794738,0.5552665055679096,0.7145392117482333,0.4040958459219458
06 Jun 2026 11:50:21.073,474621.072545182,31197.99372808943,315585.0649151854,-216131.2435961492,-100029.8221377202,0.5549181441271147,0.7147748284004561,0.4042049761199089
06 Jun 2026 11:56:35.740,474995.7401804742,31197.99806452039,315792.8289815523,-215863.3420901947,-99878.33399492918,0.5541397382298825,0.7153005923891905,0.4044484443173478
06 Jun 2026 12:09:19.479,475759.4787871116,31198.0069040876,316215.4404006425,-215316.6306735241,-99569.2518891597,0.5525510916356394,0.7163705596573677,0.4049437092419875
06 Jun 2026 12:39:10.006,477550.0056338031,31198.02762777796,317201.4567068948,-214031.7106365509,-98843.15353466634,0.548816600540867,0.7188696667328441,0.4060993837686757
06 Jun 2026 13:09:10.006,479350.0056340126,31198.04846111129,318185.9371652775,-212735.4940788541,-98111.13480976928,0.5450482182387499,0.7213687312424085,0.4072534644175054
06 Jun 2026 13:39:10.006,481150.0056339079,31198.06929444462,319163.621820605,-211434.7912237776,-97377.04571973081,0.5412657170781308,0.723854430973553,0.4083997842374427
06 Jun 2026 14:03:59.148,482639.1480637249,31198.08652988941,319967.3068768909,-210355.3441379348,-96768.17787912414,0.5381258138274949,0.7259007052643168,0.4093422470227651
06 Jun 2026 14:25:12.624,483912.6241042977,31198.10126919544,320650.8833567241,-209429.816684109,-96246.37943055916,0.5354330350131105,0.7276433066994887,0.4101439719313536
06 Jun 2026 14:43:15.017,484995.0169112999,31198.11379688996,321229.1910457448,-208641.4216617799,-95802.07517354692,0.5331387991372641,0.7291191099029013,0.4108223134239654
06 Jun 2026 14:58:27.741,485907.7409327379,31198.1243608254,321714.9152361809,-207975.3706831673,-95426.84759066068,0.5312002706149238,0.7303597632377702,0.4113921134733128
06 Jun 2026 15:11:06.948,486666.9476127019,31198.13314793975,322117.5930501866,-207420.4857876525,-95114.33652981752,0.5295850679861779,0.7313890783757367,0.4118645318393795
06 Jun 2026 15:21:30.449,487290.4490015935,31198.14036439101,322447.3760508463,-206964.2006297733,-94857.41774864457,0.5282567264409711,0.7322325942149454,0.4122514573619256
06 Jun 2026 15:30:08.080,487808.0795071553,31198.14635548482,322720.5321504524,-206584.993730604,-94643.94083868978,0.5271526720617983,0.7329316362146805,0.4125719623619936
06 Jun 2026 15:37:27.830,488247.8304716642,31198.15144519506,322952.1416474634,-206262.5559249283,-94462.45214749816,0.5262138256939679,0.7335246164336713,0.4128437320846215
06 Jun 2026 15:43:51.417,488631.4166542492,31198.15588484995,323153.8328239516,-205981.0869217346,-94304.04559260326,0.5253942128676904,0.7340411944539069,0.4130804055095223
06 Jun 2026 15:49:34.319,488974.3187658023,31198.15985362439,323333.8659127973,-205729.3035481492,-94162.36321921839,0.5246609977915742,0.7345024562709278,0.4132916720461129
06 Jun 2026 15:55:15.219,489315.2190723689,31198.16379922979,323512.5986900081,-205478.833342575,-94021.43620188301,0.5239315653351087,0.7349605319975419,0.413501419858037
06 Jun 2026 16:00:26.750,489626.7496431596,31198.16740490769,323675.7155013265,-205249.8055198641,-93892.58804447278,0.5232645422944592,0.7353787124083894,0.4136928481533357
06 Jun 2026 16:05:10.982,489910.9820647049,31198.17069463479,323824.3577176615,-205040.7328682249,-93774.97832821195,0.5226556066674884,0.7357598904117996,0.4138672947587193
06 Jun 2026 16:09:38.818,490178.8178686635,31198.17379458623,323964.266723762,-204843.6219598512,-93664.1078550926,0.5220814838226011,0.7361187655739611,0.414031496596551
06 Jun 2026 16:14:02.428,490442.4282639753,31198.17684563247,324101.8183187119,-204649.5268784035,-93554.94356630313,0.5215161200328801,0.73647168165932,0.4141929359894523
06 Jun 2026 16:18:34.644,490714.6439799923,31198.17999627733,324243.7037052056,-204448.9981445867,-93442.1710694543,0.5209319899862133,0.7368358084889741,0.4143594662608723
06 Jun 2026 16:23:29.334,491009.3344851513,31198.18340704707,324397.1241981937,-204231.8015894296,-93320.03673084972,0.5202992773610908,0.737229643331598,0.41453954034199
06 Jun 2026 16:28:58.430,491338.4298872435,31198.18721602163,324568.2359725612,-203989.1103922419,-93183.58061822722,0.5195922595931597,0.7376690213128312,0.4147403854569172
06 Jun 2026 16:34:44.443,491684.4430973288,31198.19122080415,324747.8930802624,-203733.7873145379,-93040.03847354536,0.518848399909966,0.7381304889525014,0.4149512679074778
06 Jun 2026 16:40:54.346,492054.3459673645,31198.19550208737,324939.6694296123,-203460.6595730252,-92886.50516280497,0.5180526200499597,0.7386232530776263,0.4151763840429188
06 Jun 2026 16:47:42.030,492462.0304209064,31198.20022065744,325150.6925339051,-203159.4237638593,-92717.19369613168,0.5171748874794242,0.7391656713810101,0.4154241025548028
06 Jun 2026 16:55:21.206,492921.2055960903,31198.20553518493,325387.939275861,-202819.8771368962,-92526.37729771613,0.5161854534129283,0.7397757471955235,0.4157026168706585
06 Jun 2026 17:04:10.955,493450.9553718148,31198.21166654807,325661.0858055481,-202427.7949141798,-92306.07396055099,0.515042835642274,0.740478470538532,0.4160232913569929
06 Jun 2026 17:14:28.225,494068.2251384016,31198.21881087407,325978.5948839606,-201970.4676089407,-92049.16025993976,0.5137099488504301,0.7412957746670911,0.4163960689022713
06 Jun 2026 17:26:35.927,494795.9267299972,31198.2272333462,326351.8500795928,-201430.6755415167,-91745.98863833402,0.5121365370957943,0.7422571981866289,0.4168343256540364
06 Jun 2026 17:40:51.059,495651.059370744,31198.23713071473,326789.0032043523,-200795.4651462349,-91389.3203918475,0.5102847448786497,0.7433840720788567,0.417347648549948
06 Jun 2026 17:57:24.616,496644.6162003209,31198.24863021507,327294.9296775103,-200056.2220123989,-90974.36642910437,0.5081293300200682,0.7446894020897165,0.4179417826509823
06 Jun 2026 18:16:22.310,497782.3101815418,31198.26179796948,327871.6190027657,-199208.1455559807,-90498.49098895266,0.5056561347883655,0.7461788629646087,0.4186190889095136
06 Jun 2026 18:37:47.612,499067.6119475509,31198.27667414733,328519.7406601504,-198248.002718989,-89959.94944650521,0.5028555387532502,0.747854826297909,0.4193803822982398
06 Jun 2026 19:01:33.543,500493.5427583521,31198.29317797616,329234.5579220267,-197180.29277558,-89361.34272076757,0.4997404487551836,0.7497057619145684,0.4202201304187452
06 Jun 2026 19:27:35.691,502055.6905430392,31198.31125839033,330012.5545421202,-196007.5643190505,-88704.18199240741,0.4963180651575613,0.7517233350284243,0.4211342353426646
06 Jun 2026 19:55:41.268,503741.2678763154,31198.33076738724,330846.0168618832,-194738.6501151951,-87993.50120973379,0.492613918587037,0.7538883363153344,0.4221136668154147
06 Jun 2026 20:25:41.268,505541.2678765249,31198.35160072058,331729.1522192314,-193379.5806122381,-87232.76119369516,0.4886453636977802,0.7561865096258117,0.4231516492043906
06 Jun 2026 20:55:41.268,507341.2678764202,31198.37243405391,332605.1321737023,-192016.3872685873,-86470.16020983842,0.484663480603178,0.7584703709821529,0.424181403673688
06 Jun 2026 21:25:41.268,509141.2678763154,31198.39326738724,333473.9327861844,-190649.0959036689,-85705.71309681717,0.480668326422483,0.7607398555181247,0.4252028983798059
06 Jun 2026 21:55:41.268,510941.2678765249,31198.41410072058,334335.5302202546,-189277.7324543524,-84939.43475097082,0.4766599586445679,0.7629948984007919,0.4262161015149837
06 Jun 2026 22:25:41.268,512741.2678764202,31198.43493405391,335189.9007433056,-187902.322974177,-84171.34012586049,0.4726384351276377,0.7652354348327557,0.4272209813083795
06 Jun 2026 22:49:33.974,514173.973606783,31198.45151629616,335864.7538287121,-186804.6946284155,-83558.68886004445,0.469428148862693,0.7670083730095388,0.4280148428307275
06 Jun 2026 23:09:59.026,515399.0256452118,31198.4656951392,336438.1429582389,-185864.1446927217,-83033.9348033971,0.4666765968952364,0.7685169988630597,0.4286894334540169
06 Jun 2026 23:27:17.692,516437.6922186697,31198.47771674306,336921.6507006674,-185065.2498380661,-82588.37372391866,0.4643389579334948,0.769790773949363,0.4292583403353587
06 Jun 2026 23:41:54.383,517314.3827495514,31198.4878636242,337327.8661224233,-184389.9116906899,-82211.83732389069,0.462362501583375,0.7708620989318127,0.4297363467072409
06 Jun 2026 23:54:02.091,518042.0909286942,31198.49628617257,337663.7334430509,-183828.6262925997,-81898.97077048292,0.4607195855441787,0.7717487112644942,0.430131602291448
07 Jun 2026 00:03:59.997,518639.9967488134,31198.50320637882,337938.7964163269,-183366.9759281815,-81641.69575867335,0.4593681378700357,0.7724753719067893,0.4304553223161895
07 Jun 2026 00:12:18.226,519138.2263283129,31198.50897292488,338167.3864401286,-182981.9552678149,-81427.16313563916,0.4582409009579889,0.7730796459216668,0.4307243624727216
07 Jun 2026 00:19:23.778,519563.7781308149,31198.51389829297,338362.1866789282,-182652.860173496,-81243.81880467046,0.4572773145327561,0.7735948753680449,0.4309536435187509
07 Jun 2026 00:25:36.896,519936.8958194624,31198.51821678473,338532.6472244763,-182364.1340717882,-81082.984934683,0.4564318637974596,0.7740459397891231,0.4311542841079252
07 Jun 2026 00:31:48.199,520308.1994061009,31198.52251427995,338701.9657311884,-182076.6448024984,-80922.85879055021,0.4555899750613425,0.774494178565267,0.4313535873980209
07 Jun 2026 00:37:23.161,520643.1613078807,31198.52639115381,338854.4437497292,-181817.1511121612,-80778.34170381184,0.4548300178759785,0.7748980036794592,0.4315330738185068
07 Jun 2026 00:42:25.247,520945.2473170822,31198.52988751966,338991.7379660453,-181583.0103143721,-80647.95718242408,0.4541442678271226,0.7752617529497841,0.4316946917308915
07 Jun 2026 00:47:02.493,521222.4930321565,31198.5330963821,339117.5602374077,-181368.0260805924,-80528.2511417855,0.453514588508979,0.7755952229371744,0.4318428092667267
07 Jun 2026 00:51:26.144,521486.1439400353,31198.53614789724,339237.0508016571,-181163.4979280525,-80414.37684564265,0.4529155035642902,0.7759120137723684,0.43198347667438
07 Jun 2026 00:55:49.256,521749.2560718558,31198.53919317654,339356.1396830886,-180959.3045083213,-80300.69830430391,0.4523173688886815,0.7762278388650301,0.4321236746370638
07 Jun 2026 01:00:25.360,522025.3602723009,31198.54238882701,339480.9397237887,-180744.939027452,-80181.36685469287,0.4516894051593858,0.7765589166964755,0.4322705997602834
07 Jun 2026 01:05:32.886,522332.8855653293,31198.54594814753,339619.7380498127,-180506.0708706201,-80048.40757918362,0.4509896238914565,0.7769272588728892,0.4324340092564303
07 Jun 2026 01:11:08.196,522668.1963713723,31198.54982905964,339770.8317626939,-180245.4914999693,-79903.37795057209,0.4502261908822104,0.7773283853235914,0.4326118995902635
07 Jun 2026 01:17:00.617,523020.6174541265,31198.55390800736,339929.3595050796,-179971.4703808178,-79750.88349742946,0.4494233237124461,0.7777494221530001,0.432798548303962
07 Jun 2026 01:23:19.243,523399.2428395897,31198.55829024562,340099.3592044992,-179676.909171728,-79586.97707504733,0.448560214342364,0.7782011270285889,0.4329987106985486
07 Jun 2026 01:30:21.361,523821.3612393709,31198.56317587524,340288.5015157078,-179348.3100053669,-79404.15333086801,0.4475972940983366,0.7787039395724407,0.4332214203261205
07 Jun 2026 01:38:21.266,524301.2656306615,31198.56873032422,340503.0425696551,-178974.4695951151,-79196.18782628844,0.4465017042576958,0.7792745847289482,0.4334740466779468
07 Jun 2026 01:47:36.385,524856.3854228589,31198.57515532181,340750.5524937065,-178541.695940289,-78955.4768679765,0.4452332753625141,0.7799333382240818,0.433765508304592
07 Jun 2026 01:58:26.566,525506.5658594831,31198.58268055835,341039.5510829292,-178034.3481988997,-78673.34031977516,0.4437461010415468,0.7807030840563309,0.4341058446356106
07 Jun 2026 02:11:16.451,526276.4508623863,31198.5915912644,341380.5060015119,-177432.9465415846,-78338.97406678094,0.4419829853530048,0.7816120116631361,0.4345073926680426
07 Jun 2026 02:26:25.913,527185.9132740763,31198.60211744972,341781.5247051817,-176721.6128682296,-77943.5909797908,0.4398972424650703,0.7826821753800594,0.4349797145460473
07 Jun 2026 02:43:54.820,528234.8199165892,31198.6142575729,342241.6725271546,-175900.0070909444,-77487.05335219266,0.4374877020367101,0.7839116391666074,0.43552172658105
07 Jun 2026 03:03:47.479,529427.478708874,31198.6280614941,342761.8097311846,-174964.2373980562,-76967.25876704315,0.4347427455659018,0.7853033588057043,0.4361344617376025
07 Jun 2026 03:26:13.303,530773.3029001392,31198.64363816298,343344.8090443699,-173906.3047961062,-76379.83571509573,0.4316386620029952,0.7868658093277137,0.4368213270064232
07 Jun 2026 03:51:02.917,532262.9171442473,31198.66087906859,343985.2201835561,-172732.8963129311,-75728.5776756698,0.4281947909359713,0.7885852744917916,0.4375759258836313
07 Jun 2026 04:18:06.255,533886.2547716126,31198.67966769853,344677.2721743347,-171451.2432251974,-75017.58128990528,0.4244320605955942,0.7904471867447095,0.4383914828667699
07 Jun 2026 04:47:10.709,535630.7086425601,31198.69985813685,345414.1393997338,-170070.6094203347,-74252.06885336321,0.4203773678160364,0.7924341162725183,0.4392599772705278
07 Jun 2026 05:17:10.709,537430.7086424553,31198.72069147019,346167.0441651936,-168642.394159895,-73460.60080334805,0.4161814341848497,0.794469158508139,0.4401475056263839
07 Jun 2026 05:47:10.709,539230.7086423505,31198.74152480352,346912.3852060711,-167210.5297237372,-72667.54310532425,0.4119732401513386,0.7964887455525979,0.4410262478029099
07 Jun 2026 06:17:10.709,541030.7086425601,31198.76235813685,347650.1405113541,-165775.0439883902,-71872.91160213287,0.407752849616989,0.7984928133205691,0.4418961727024343
07 Jun 2026 06:47:10.709,542830.7086424553,31198.78319147019,348380.2881850244,-164335.9649464377,-71076.72219296236,0.4035203268858439,0.8004812977817721,0.4427572492761425
07 Jun 2026 07:16:20.887,544580.8870702749,31198.80344816495,349082.9109715834,-162933.298877234,-70301.09156828254,0.3993933830046582,0.8023997406109266,0.443585978611518
07 Jun 2026 07:38:40.585,545920.5846615485,31198.81895392411,349615.8568578617,-161857.3479533456,-69706.39883442591,0.3962266867732084,0.8038582061873444,0.4442146506777518
07 Jun 2026 07:57:43.677,547063.6772251222,31198.83218416211,350067.233799349,-160937.7557036664,-69198.31567841239,0.3935194764113997,0.8050957370540767,0.4447471513931024
07 Jun 2026 08:13:53.947,548033.9468582883,31198.84341413472,350447.9374512326,-160156.0882116518,-68766.57290943267,0.3912177956064388,0.806141168654429,0.4451963114349116
07 Jun 2026 08:27:29.745,548849.7449011076,31198.8528562417,350766.3018557364,-159498.0825141726,-68403.22928348713,0.3892798821367074,0.807016603028154,0.4455719465783493
07 Jun 2026 08:38:42.656,549522.6559674949,31198.86064456423,351027.7142525931,-158954.7898564909,-68103.29513821917,0.3876795621582669,0.8077362534085276,0.445880400718938
07 Jun 2026 08:47:57.320,550077.3204780766,31198.86706429236,351242.3802238318,-158506.6031052705,-67855.91081459077,0.3863592141368403,0.8083277750756688,0.4461337071000349
07 Jun 2026 08:55:44.031,550544.0312946565,31198.87246603792,351422.4388233703,-158129.2318742232,-67647.64578162624,0.3852473666568368,0.8088243286913246,0.4463461841475292
07 Jun 2026 09:02:26.501,550946.5012663859,31198.87712425518,351577.2962663716,-157803.6183461819,-67467.96805605254,0.384287924174694,0.8092516742911277,0.4465289281288674
07 Jun 2026 09:08:22.865,551302.8645862942,31198.88124883065,351714.0909424215,-157515.1634108011,-67308.81274995478,0.3834379034534931,0.8096293985385619,0.446690360757057
07 Jun 2026 09:14:17.196,551657.1957113687,31198.88534988534,351849.8051230238,-157228.2200685533,-67150.50806646471,0.3825922731411509,0.8100043490363189,0.446850522096283
07 Jun 2026 09:19:39.026,551979.0259848931,31198.88907477276,351972.8112520851,-156967.4814191641,-67006.67467348388,0.3818238134538103,0.8103443714263685,0.4469956894581353
07 Jun 2026 09:24:31.043,552271.0429312661,31198.89245459853,352084.2084286388,-156730.8021374945,-66876.125155747,0.381126216854724,0.8106524534269629,0.4471271590234065
07 Jun 2026 09:29:01.515,552541.5152399219,31198.89558506506,352187.2051051701,-156511.5045495845,-66755.17319719253,0.3804798128382903,0.8109374303152186,0.4472487166685956
07 Jun 2026 09:33:22.681,552802.6809479808,31198.89860781631,352286.4918526195,-156299.6796061778,-66638.35186342613,0.3798553998031565,0.8112122588780981,0.4473658978548753
07 Jun 2026 09:37:48.180,553068.179984414,31198.90168072183,352387.2588013719,-156084.2664827877,-66519.56085646943,0.3792203738435054,0.8114913021962525,0.4474848280525307
07 Jun 2026 09:42:31.526,553351.5263487934,31198.90496019364,352494.6134688487,-155854.2912272174,-66392.74970095801,0.3785423796983454,0.8117887190863232,0.4476115356500837
07 Jun 2026 09:47:49.019,553669.0192960901,31198.90863488053,352614.677359912,-155596.5011921758,-66250.61369173414,0.3777823353870692,0.8121215066062946,0.4477532463056832
07 Jun 2026 09:53:28.770,554008.7702092482,31198.91256718276,352742.8910322892,-155320.521750976,-66098.46340067116,0.3769686057644595,0.8124770718842284,0.4479045792639723
07 Jun 2026 09:59:27.197,554367.1969571617,31198.91671564049,352877.852749387,-155029.2411035695,-65937.89385927778,0.3761096959310954,0.8128515627341324,0.4480638805777257
07 Jun 2026 10:05:56.846,554756.8464935641,31198.92122547309,353024.2217199772,-154712.4346695631,-65763.27230226973,0.3751754421786709,0.8132579534767641,0.4482366504287827
07 Jun 2026 10:13:16.910,555196.9099639216,31198.9263188003,353189.0904461415,-154354.4487283955,-65565.97688586682,0.3741196569023822,0.8137160186759822,0.4484312618862172
07 Jun 2026 10:21:39.193,555699.1931930417,31198.9321322636,353376.7016593882,-153945.6017571605,-65340.6817353511,0.3729137479743939,0.8142376738919744,0.4486527250386459
07 Jun 2026 10:31:24.403,556284.4027215731,31198.93890552203,353594.522953944,-153468.9246526177,-65078.05060060993,0.3715076066029079,0.8148438721169701,0.4489098577528781
07 Jun 2026 10:42:54.124,556974.1239063093,31198.94688840611,353850.1876522658,-152906.6638017172,-64768.32379982582,0.3698487746177935,0.8155561421905634,0.449211675164394
07 Jun 2026 10:56:31.487,557791.4868741296,31198.95634862564,354151.6842150401,-152239.7144789652,-64401.00921826721,0.3678807600707126,0.8163971570662654,0.449567613742645
07 Jun 2026 11:12:26.504,558746.5036922833,31198.96740206104,354501.9173417743,-151459.5738944773,-63971.46693344887,0.3655783008636058,0.8173755831292576,0.4499811103501364
07 Jun 2026 11:30:48.662,559848.6624297802,31198.98015852791,354903.3765110562,-150558.0765562146,-63475.25479246357,0.3629170804740198,0.8184990853300208,0.4504551132196508
07 Jun 2026 11:51:42.965,561102.9653820209,31198.99467592319,355356.6824060768,-149530.6326889152,-62909.91146408314,0.3598832846685362,0.8197702655968243,0.4509903654197299
07 Jun 2026 12:15:09.120,562509.1196939,31199.01095085736,355860.3388076506,-148376.9127050219,-62275.33060714797,0.3564756313272494,0.821185933170662,0.451585110988547
07 Jun 2026 12:41:04.251,564064.2505504307,31199.02895005708,356411.7694970379,-147098.6511733187,-61572.54941808911,0.3526988974806264,0.8227399697272995,0.4522363182618581
07 Jun 2026 13:09:12.672,565752.6715783635,31199.04849196713,357003.8054492092,-145708.1049947437,-60808.39268118938,0.3485889340967949,0.82441334361257,0.4529355300278402
07 Jun 2026 13:39:12.672,567552.6715782587,31199.06932530046,357627.3140207762,-144222.5672937639,-59992.44454201908,0.3441965058665747,0.8261813546334076,0.4536719664623124
07 Jun 2026 14:09:12.672,569352.671578154,31199.09015863379,358242.9061875743,-142733.8620308296,-59175.17918229569,0.3397929405679011,0.8279328463998766,0.4543991033902914
07 Jun 2026 14:39:12.672,571152.6715783635,31199.11099196713,358850.5619667977,-141242.0189967353,-58356.61336798991,0.3353783090565948,0.8296677559728741,0.4551169106616076
07 Jun 2026 15:09:12.672,572952.6715782587,31199.13182530046,359450.2615029385,-139747.0680970554,-57536.76392014221,0.3309526826259871,0.8313860204953212,0.4558253581909287
07 Jun 2026 15:39:12.672,574752.671578154,31199.15265863379,360041.9850698397,-138249.0393488654,-56715.64771302847,0.326516132999632,0.8330875771977094,0.4565244159603696
07 Jun 2026 16:03:58.090,576238.0898611271,31199.16985097503,360524.2737485814,-137010.5208961738,-56037.09401406557,0.3228467732794351,0.8344791294235312,0.457094208202623
07 Jun 2026 16:25:14.127,577514.1271119704,31199.18461992469,360934.2239667312,-135944.936688646,-55453.51525379764,0.3196887681899862,0.8356653854486833,0.4575785488130386
07 Jun 2026 16:43:21.494,578601.4942413429,31199.19720519239,361280.3779701929,-135035.7151072058,-54955.73671494539,0.316993433822902,0.8366695578918486,0.4579875231238699
07 Jun 2026 16:58:42.989,579522.9892160743,31199.20787064349,361571.4322052149,-134264.3381065003,-54533.544881867,0.3147062025924131,0.8375157205704286,0.4583314016296024
07 Jun 2026 17:11:34.437,580294.4374324987,31199.21679944229,361813.4724554612,-133617.9659741436,-54179.85552169698,0.3127892521298341,0.8382206897549326,0.4586173722295515
07 Jun 2026 17:22:09.356,580929.355532059,31199.22414803141,362011.5667657945,-133085.5809258708,-53888.59668759081,0.3112100970894102,0.8387985569839428,0.458851421489967
07 Jun 2026 17:30:55.403,581455.4034120636,31199.23023654854,362174.9338203209,-132644.2071503728,-53647.16806589309,0.3099007226139105,0.8392757359123491,0.4590444406596393
07 Jun 2026 17:38:20.894,581900.8941786597,31199.23539269167,362312.7446036638,-132270.227761045,-53442.63171606718,0.3087911544872794,0.8396787057376632,0.4592072650167113
07 Jun 2026 17:44:47.993,582287.9926815745,31199.23987299842,362432.0905041216,-131945.1217583565,-53264.84596517964,0.3078264966442188,0.8400280102767526,0.45934827296009
07 Jun 2026 17:50:33.081,582633.0811066437,31199.24386707741,362538.1694227661,-131655.1841822627,-53106.30855755942,0.3069661176597772,0.8403387422563628,0.4594736057936906
07 Jun 2026 17:56:16.073,582976.0725433007,31199.2478368857,362643.3094629268,-131366.9023131552,-52948.69173170507,0.3061105834060472,0.84064696527386,0.459597829204293
07 Jun 2026 18:01:29.057,583289.0572848148,31199.25145939429,362738.9951891422,-131103.7486966612,-52804.82692461569,0.3053295625977701,0.8409276829427453,0.4597108821439507
07 Jun 2026 18:06:14.092,583574.0922401659,31199.25475840997,362825.9233851378,-130864.0185314102,-52673.77861079185,0.3046180112801649,0.8411828833742289,0.4598135878734914
07 Jun 2026 18:10:40.740,583840.7399423537,31199.25784461023,362907.0603042262,-130639.6872623545,-52551.15758863922,0.3039521230930464,0.8414212334885884,0.4599094510359727
07 Jun 2026 18:15:01.439,584101.4386364375,31199.26086195623,362986.2153399785,-130420.299509445,-52431.24760054333,0.3033008687724608,0.8416539034412928,0.4600029724244515
07 Jun 2026 18:19:28.707,584368.707051035,31199.26395534066,363067.1888338539,-130195.3201704333,-52308.29054609368,0.3026329745848809,0.8418920645233285,0.4600986421046654
07 Jun 2026 18:24:16.450,584656.4498271444,31199.26728569686,363154.1658034275,-129953.0349713292,-52175.88569507835,0.3019136579671073,0.8421480486397513,0.4602014045888799
07 Jun 2026 18:29:40.735,584980.7349515031,31199.27103899691,363251.9404251449,-129679.8921795932,-52026.63048633475,0.3011026706676673,0.8424360176853029,0.4603169240323183
07 Jun 2026 18:35:23.681,585323.6812679563,31199.27500828298,363355.0553595747,-129390.9297158986,-51868.74559257171,0.3002446461996421,0.8427399533608984,0.4604387525161081
07 Jun 2026 18:41:27.984,585687.9836962558,31199.27922474627,363464.2691278937,-129083.8587977305,-51700.98312153699,0.2993327762008988,0.8430621344720337,0.4605677860790885
07 Jun 2026 18:48:07.833,586087.8325298312,31199.28385262629,363583.7568150421,-128746.6908233016,-51516.79739013195,0.298331440990681,0.8434149434040414,0.4607089572737074
07 Jun 2026 18:55:40.673,586540.6734831864,31199.28909384103,363718.5966233076,-128364.6677169704,-51308.13341325283,0.2971967795705855,0.8438134874813574,0.4608682654763648
07 Jun 2026 19:04:21.976,587061.9756684406,31199.29512743113,363873.1853171131,-127924.6666044517,-51067.83413918926,0.2958897657836365,0.8442709377832497,0.4610509046878707
07 Jun 2026 19:14:31.402,587671.4024039917,31199.30218098131,364053.0425860289,-127409.982825397,-50786.7925868317,0.294360705233754,0.8448038898333402,0.4612633951626459
07 Jun 2026 19:26:32.923,588392.9232150782,31199.31053191663,364264.7764219088,-126800.2123591625,-50453.8911115699,0.2925488698476559,0.8454323179274326,0.4615135421890028
07 Jun 2026 19:40:47.474,589247.4737838842,31199.32042254821,364513.8565900209,-126077.4309272394,-50059.37856551696,0.2904008406282128,0.8461730278253755,0.4618078051744764
07 Jun 2026 19:57:25.901,590245.9011934348,31199.33197842101,364802.5466814848,-125232.1585731915,-49598.12649123387,0.2878882304563042,0.8470335160807887,0.4621488541990969
07 Jun 2026 20:16:42.617,591402.6172435144,31199.34536633825,365133.8661783988,-124251.8079018144,-49063.32474166079,0.2849733486136111,0.8480237659375245,0.4625402502668388
07 Jun 2026 20:38:34.414,592714.4135003211,31199.3605491653,365505.5222203454,-123138.6415962839,-48456.27765319228,0.281662593054776,0.8491381090535941,0.4629792761940098
07 Jun 2026 21:02:56.326,594176.3263196102,31199.37746945256,365914.5876086191,-121896.3745172645,-47779.08834449714,0.2779666452941916,0.8503690895106392,0.4634624629260803
07 Jun 2026 21:29:45.467,595785.4667799664,31199.39609376344,366358.5967727324,-120526.92988632,-47032.8891653531,0.2738908245366981,0.851710738759339,0.4639868836935877
07 Jun 2026 21:58:46.831,597526.8312779604,31199.41624844513,366831.6937148838,-119042.5382426932,-46224.43108273378,0.269471111760817,0.8531468779876453,0.464545604271435
07 Jun 2026 22:28:46.831,599326.8312778557,31199.43708177847,367312.6227507021,-117505.5507202562,-45387.73641350924,0.2648928403186259,0.854614105262573,0.465113505067635
07 Jun 2026 22:58:46.831,601126.8312780652,31199.4579151118,367785.302047112,-115965.9380343146,-44550.02835760032,0.2603047477305496,0.8560637161241714,0.4656715846664149
07 Jun 2026 23:28:46.831,602926.8312779604,31199.47874844513,368249.7139968085,-114423.73194974,-43711.32461925775,0.2557069127837598,0.8574956494166628,0.4662198142501233
07 Jun 2026 23:58:46.831,604726.8312778557,31199.49958177847,368705.8411349645,-112878.9643405663,-42871.64295408581,0.2510994147302966,0.8589098441071379,0.4667581650889282
08 Jun 2026 00:28:18.273,606498.2733595767,31199.52008458034,369146.6260701693,-111356.235432496,-42044.34578403713,0.2465556600498142,0.8602842240374301,0.467278302010104
08 Jun 2026 00:51:46.380,607906.3802084536,31199.53638211331,369491.2559386789,-110144.1015585408,-41386.08103151659,0.2429372908746202,0.8613643724757276,0.4676848919149414
08 Jun 2026 01:11:53.847,609113.8474910636,31199.55035742908,369782.7191565383,-109103.4775154559,-40821.15880955502,0.2398298960449893,0.8622818854643584,0.468028694585253
08 Jun 2026 01:29:02.776,610142.7760870778,31199.56226632487,370028.1232767815,-108215.8515684094,-40339.44152362267,0.2371786328552198,0.8630573604839936,0.4683181193588323
08 Jun 2026 01:43:34.104,611014.1038707574,31199.57235113718,370233.8045883806,-107463.5613083448,-39931.27709850736,0.2349310758769676,0.8637094618840753,0.4685606598220081
08 Jun 2026 01:55:39.867,611739.8668843671,31199.58075117206,370403.6290187791,-106836.5168154736,-39591.14034332177,0.233057333551631,0.8642494011917953,0.4687608914524753
08 Jun 2026 02:05:37.440,612337.4396979692,31199.58766752407,370542.4364944239,-106319.9325959637,-39310.97262931625,0.231513415624442,0.8646917711961485,0.4689245340524733
08 Jun 2026 02:13:55.645,612835.6452233973,31199.59343379172,370657.456950574,-105889.0468277407,-39077.31802869443,0.2302254491474842,0.8650590607390894,0.4690601206274857
08 Jun 2026 02:21:00.818,613260.8183648321,31199.59835477716,370755.1088603321,-105521.1805114871,-38877.86177452093,0.2291257282312221,0.8653714141119806,0.4691752234759236
08 Jun 2026 02:27:13.299,613633.2986590918,31199.60266589167,370840.2741833294,-105198.7958799425,-38703.0845417099,0.2281618768627474,0.8656442274475322,0.4692756009064371
08 Jun 2026 02:33:23.922,614003.9216280682,31199.60695550937,370924.6584331347,-104877.9180617742,-38529.14178287139,0.227202441363703,0.8659149111976169,0.4693750507714575
08 Jun 2026 02:38:58.207,614338.2073230576,31199.61082455677,371000.4642720295,-104588.4143794827,-38372.2214766391,0.2263367392401775,0.866158397498527,0.4694643846130189
08 Jun 2026 02:43:59.581,614639.5805199165,31199.61431267247,371068.5584581782,-104327.3444447306,-38230.72539605702,0.2255560003450021,0.8663773753117866,0.4695446256184959
08 Jun 2026 02:48:35.877,614915.8767666318,31199.6175105457,371130.7798254689,-104087.9399453637,-38100.98184435422,0.2248400008860461,0.8665776855946525,0.469617941985003
08 Jun 2026 02:52:58.297,615178.2965129125,31199.62054781128,371189.6930316638,-103860.5079297897,-37977.73571061643,0.224159762220358,0.8667675398560023,0.4696873565238567
08 Jun 2026 02:57:19.894,615439.894117706,31199.62357556133,371248.2439718809,-103633.7389044028,-37854.85759548466,0.2234814619487618,0.8669564153502078,0.4697563405261799
08 Jun 2026 03:01:53.919,615713.9192517148,31199.62674714853,371309.3861352556,-103396.1439958232,-37726.122676715,0.2227707320611335,0.8671538522988946,0.4698283734770689
08 Jun 2026 03:06:58.017,616018.0173995323,31199.63026680302,371377.0103457945,-103132.4108625956,-37583.2366183038,0.2219817562856365,0.8673724641261911,0.4699080382310959
08 Jun 2026 03:12:31.697,616351.6974047874,31199.63412884012,371450.9367407513,-102842.946075226,-37426.42316305038,0.2211157331081015,0.8676117449038692,0.4699951213492125
08 Jun 2026 03:18:18.200,616698.2004988706,31199.6381392926,371527.3981732537,-102542.2729674243,-37263.5527850026,0.2202160998550914,0.8678595594868175,0.4700851840178816
08 Jun 2026 03:24:34.836,617074.8363611405,31199.64249850397,371610.1552446914,-102215.3553269408,-37086.48347722428,0.2192378522776217,0.8681281596113747,0.4701826544297519
08 Jun 2026 03:31:35.754,617495.7538288669,31199.64737023392,371702.2061187783,-101849.8820085136,-36888.5525504094,0.2181441233130808,0.8684273958159385,0.4702910612496229
08 Jun 2026 03:39:34.917,617974.9168328592,31199.65291610202,371806.4342967196,-101433.6823561742,-36663.17703922023,0.2168984475632248,0.8687668263798577,0.4704137963771873
08 Jun 2026 03:48:48.926,618528.9263932616,31199.65932824971,371926.198972635,-100952.2688845083,-36402.52419310714,0.2154574005992433,0.869157665347648,0.4705548095291245
08 Jun 2026 03:59:40.817,619180.816883035,31199.66687327853,372066.100624417,-100385.5239611891,-36095.72023306166,0.2137606669639499,0.8696153411145414,0.4707195082761205
08 Jun 2026 04:12:35.766,619955.7660092949,31199.67584259712,372230.9722355336,-99711.40648826455,-35730.86124675583,0.2117421148360267,0.870156293102464,0.4709135681854157
08 Jun 2026 04:27:50.213,620870.2132055419,31199.6864264767,372423.509358716,-98915.40428279257,-35300.13186037235,0.2093580856278363,0.8707902560518884,0.4711401416730696
08 Jun 2026 04:45:36.630,621936.6297406959,31199.69876926067,372645.2885822151,-97986.38755965455,-34797.56078399454,0.2065749781719529,0.8715235963071626,0.4714010564094254
08 Jun 2026 05:05:48.688,623148.6876699259,31199.71279770893,372893.7505624334,-96929.54925734819,-34226.01784120222,0.2034080312323995,0.8723492576873878,0.4716932671742785
08 Jun 2026 05:28:47.344,624527.344378992,31199.7287543838,373171.694544967,-95726.2374736201,-33575.48882435639,0.1998009677413966,0.8732782559685526,0.4720200227749805
08 Jun 2026 05:54:26.072,626066.0719738109,31199.74656373097,373476.0326385865,-94381.71050808078,-32848.90249483722,0.1957690931940951,0.8743023270212669,0.4723776389239431
08 Jun 2026 06:22:28.608,627748.6078291666,31199.76603752559,373801.7072652442,-92909.73421519871,-32053.78716159376,0.1913532101443338,0.8754066228124662,0.4727601125199069
08 Jun 2026 06:52:28.608,629548.6078290618,31199.78687085892,374141.8851424922,-91332.95241903751,-31202.45809722948,0.1866207960342124,0.8765700517917738,0.4731593571822311
08 Jun 2026 07:22:28.608,631348.607828957,31199.80770419225,374473.5370696469,-89754.09320495828,-30350.41965177407,0.181879946763423,0.8777148554441677,0.4735483093633676
08 Jun 2026 07:52:28.608,633148.6078291666,31199.82853752559,374796.6479416505,-88173.19015090205,-29497.69037584813,0.1771307492100914,0.8788409750151425,0.4739269419131534
08 Jun 2026 08:22:28.608,634948.6078290618,31199.84937085892,375111.2028101025,-86590.27694124478,-28644.28886928721,0.172373290752992,0.879948351917837,0.474295227794691
08 Jun 2026 08:52:28.608,636748.607828957,31199.87020419225,375417.1868843385,-85005.387365666,-27790.23378049026,0.1676076592708064,0.881036927736714,0.4746531400862679
08 Jun 2026 09:18:00.733,638280.7326954324,31199.88793711895,375670.8711439536,-83654.82860051002,-27062.7778355194,0.1635448738598475,0.8819486462854483,0.4749495951951372
08 Jun 2026 09:40:08.059,639608.0585545627,31199.90329968676,375885.6099460519,-82483.67737350626,-26432.19793286821,0.1600204676686623,0.8827274216610163,0.4752003188038631
08 Jun 2026 09:59:03.166,640743.166293588,31199.91643750781,376065.5381534394,-81481.31258276783,-25892.67484474828,0.1570030244831082,0.8833852440689665,0.4754102295702423
08 Jun 2026 10:15:09.919,641709.9187627318,31199.9276267725,376216.0779701493,-80627.02933869485,-25432.98575683822,0.1544306440992795,0.8839395469065641,0.4755857275082466
08 Jun 2026 10:28:45.567,642525.5671690917,31199.93706714758,376341.1533633617,-79905.85620526664,-25045.01544258057,0.152258569348074,0.8844029452289828,0.4757314453600018
08 Jun 2026 10:40:01.834,643201.8337949412,31199.9448943076,376443.511459043,-79307.63494646129,-24723.25375969637,0.1504564543508594,0.8847841908269296,0.4758506297704443
08 Jun 2026 10:49:20.364,643760.3637193912,31199.95135877432,376527.1300453207,-78813.36904809334,-24457.44971908724,0.1489672575581584,0.8850970331654033,0.4759479474236204
08 Jun 2026 10:57:09.767,644229.7674343223,31199.95679168768,376596.7619709608,-78397.83978728198,-24234.01894417211,0.1477151200131545,0.8853585333568965,0.476028953726398
08 Jun 2026 11:03:54.165,644634.1648378875,31199.96147221319,376656.2793916499,-78039.75772075617,-24041.50005822771,0.1466359666355292,0.8855827776908254,0.4760981685743098
08 Jun 2026 11:09:51.697,644991.697028128,31199.96561031724,376708.535861957,-77723.09805043532,-23871.26876472134,0.1456815518912001,0.8857802311235161,0.4761589200897328
08 Jun 2026 11:15:47.373,645347.3726238823,31199.96972693293,376760.1823405283,-77408.0128176799,-23701.89997040112,0.1447317928411238,0.8859759105890808,0.4762189442484195
08 Jun 2026 11:21:10.277,645670.2769011492,31199.97346425096,376806.7776082219,-77121.89881252703,-23548.11808662432,0.1438692840209863,0.886152913469943,0.4762730819376068
08 Jun 2026 11:26:03.053,645963.0534748896,31199.97685286871,376848.7846573028,-76862.43057101071,-23408.66933607392,0.1430870367201008,0.8863128690143872,0.4763218755026879
08 Jun 2026 11:30:33.779,646233.7786139105,31199.97998626152,376887.4239830251,-76622.46342639126,-23279.71095094793,0.1423635274544471,0.8864603260402512,0.4763667459866343
08 Jun 2026 11:34:54.429,646494.4287051097,31199.98300304498,376924.4402493823,-76391.38900404512,-23155.54030959601,0.1416667809452511,0.8866018858553141,0.4764097213409336
08 Jun 2026 11:39:17.596,646757.5960908551,31199.9860489638,376961.629742156,-76158.04554136626,-23030.15912378814,0.1409631438080125,0.8867444049763586,0.4764528874457276
08 Jun 2026 11:43:57.148,647037.1482436429,31199.98928452113,377000.9317968676,-75910.13312522297,-22896.95931290102,0.1402155207546377,0.8868953482504232,0.4764984941185794
08 Jun 2026 11:46:33.301,647193.3005006053,31199.99109183891,377022.7941562651,-75771.63584585073,-22822.55101623315,0.1397978339270813,0.8869794606960693,0.4765238583203389
